ISO-10303-21;
HEADER;
/* Generated by software containing ST-Developer
 * from STEP Tools, Inc. (www.steptools.com) 
 */

FILE_DESCRIPTION(
/* description */ (''),
/* implementation_level */ '2;1');

FILE_NAME(
/* name */ 'bottom-modified.step',
/* time_stamp */ '2026-03-23T10:14:29+01:00',
/* author */ (''),
/* organization */ (''),
/* preprocessor_version */ 'ST-DEVELOPER v20.1',
/* originating_system */ 'Autodesk Translation Framework v14.24.0.0',
/* authorisation */ '');

FILE_SCHEMA (('AUTOMOTIVE_DESIGN { 1 0 10303 214 3 1 1 }'));
ENDSEC;

DATA;
#10=MECHANICAL_DESIGN_GEOMETRIC_PRESENTATION_REPRESENTATION('',(#13),#6732);
#11=SHAPE_REPRESENTATION_RELATIONSHIP('SRR','None',#6739,#12);
#12=ADVANCED_BREP_SHAPE_REPRESENTATION('',(#14),#6731);
#13=STYLED_ITEM('',(#6749),#14);
#14=MANIFOLD_SOLID_BREP('Body1',#3875);
#15=ELLIPSE('',#4026,4.1357954049728,3.);
#16=ELLIPSE('',#4029,3.8602786901406,3.);
#17=ELLIPSE('',#4032,4.92803888577008,3.);
#18=ELLIPSE('',#4037,3.38214583606284,3.);
#19=ELLIPSE('',#4039,3.38214583471957,3.);
#20=ELLIPSE('',#4046,4.92803886522341,3.);
#21=ELLIPSE('',#4049,3.86027869305288,3.);
#22=ELLIPSE('',#4066,4.13579541015743,3.);
#23=CONICAL_SURFACE('',#4018,260.25,0.785398163397456);
#24=CONICAL_SURFACE('',#4188,2.49999999999999,0.785398163397447);
#25=CONICAL_SURFACE('',#4221,1.59999999999999,0.785398163397447);
#26=CONICAL_SURFACE('',#4224,1.6,0.785398163397455);
#27=CONICAL_SURFACE('',#4227,1.6,0.785398163397455);
#28=CONICAL_SURFACE('',#4230,1.6,0.785398163397455);
#29=CONICAL_SURFACE('',#4233,1.59999999999999,0.785398163397447);
#30=CONICAL_SURFACE('',#4236,1.59999999999999,0.785398163397447);
#31=CONICAL_SURFACE('',#4239,1.6,0.785398163397447);
#32=CONICAL_SURFACE('',#4242,1.6,0.785398163397447);
#33=CONICAL_SURFACE('',#4246,5.25000004099256,0.785398163397446);
#34=CONICAL_SURFACE('',#4247,260.25,0.785398163397456);
#35=CONICAL_SURFACE('',#4254,5.25000001852801,0.785398163397447);
#36=CONICAL_SURFACE('',#4255,105.792313,0.785398163397463);
#37=CONICAL_SURFACE('',#4256,5.25000001900954,0.785398163397447);
#38=CONICAL_SURFACE('',#4260,5.24999989073204,0.785398163397446);
#39=CONICAL_SURFACE('',#4262,5.25000000367617,0.785398163397447);
#40=CONICAL_SURFACE('',#4264,5.25,0.785398163397446);
#41=CONICAL_SURFACE('',#4267,5.25000004554142,0.785398163397451);
#42=CONICAL_SURFACE('',#4268,105.792313,0.785398163397448);
#43=CONICAL_SURFACE('',#4269,5.25,0.785398163397448);
#44=CONICAL_SURFACE('',#4271,5.25000001218255,0.78539816339745);
#45=CONICAL_SURFACE('',#4273,5.24999997028188,0.785398163397447);
#46=CONICAL_SURFACE('',#4275,5.24999997028234,0.785398163397448);
#47=CONICAL_SURFACE('',#4277,5.24999998975882,0.785398163397449);
#48=CONICAL_SURFACE('',#4279,5.24999989073205,0.785398163397451);
#49=CONICAL_SURFACE('',#4281,5.25,0.785398163397448);
#50=CONICAL_SURFACE('',#4284,5.24999991436778,0.785398163397447);
#51=CONICAL_SURFACE('',#4287,5.24999994439996,0.785398163397445);
#52=TOROIDAL_SURFACE('',#4014,262.25,3.);
#53=TOROIDAL_SURFACE('',#4023,262.25,3.);
#54=TOROIDAL_SURFACE('',#4050,3.25,3.);
#55=TOROIDAL_SURFACE('',#4055,3.25000000367617,3.);
#56=TOROIDAL_SURFACE('',#4060,3.24999989073204,3.);
#57=TOROIDAL_SURFACE('',#4067,3.25000001218256,3.);
#58=TOROIDAL_SURFACE('',#4071,3.25000001900953,3.);
#59=TOROIDAL_SURFACE('',#4074,107.792313,3.);
#60=TOROIDAL_SURFACE('',#4077,3.250000018528,3.);
#61=TOROIDAL_SURFACE('',#4081,3.24999997028233,3.);
#62=TOROIDAL_SURFACE('',#4086,3.24999997028188,3.);
#63=TOROIDAL_SURFACE('',#4090,3.25,3.);
#64=TOROIDAL_SURFACE('',#4093,107.792313,3.);
#65=TOROIDAL_SURFACE('',#4096,3.25000004554143,3.);
#66=TOROIDAL_SURFACE('',#4100,3.25,3.);
#67=TOROIDAL_SURFACE('',#4105,3.24999989073205,3.);
#68=TOROIDAL_SURFACE('',#4110,3.24999998975882,3.);
#69=TOROIDAL_SURFACE('',#4114,3.24999991436778,3.);
#70=TOROIDAL_SURFACE('',#4118,3.24999994439995,3.);
#71=TOROIDAL_SURFACE('',#4123,3.25000004099256,3.);
#72=(
BOUNDED_CURVE()
B_SPLINE_CURVE(2,(#5797,#5798,#5799),.UNSPECIFIED.,.F.,.F.)
B_SPLINE_CURVE_WITH_KNOTS((3,3),(-0.41713249961835,-0.138514284424063),
 .UNSPECIFIED.)
CURVE()
GEOMETRIC_REPRESENTATION_ITEM()
RATIONAL_B_SPLINE_CURVE((1.00009949873078,1.00007733382028,1.00004038809323))
REPRESENTATION_ITEM('')
);
#73=(
BOUNDED_CURVE()
B_SPLINE_CURVE(2,(#6023,#6024,#6025),.UNSPECIFIED.,.F.,.F.)
B_SPLINE_CURVE_WITH_KNOTS((3,3),(-1.53136731041721,-1.2527490952233),
 .UNSPECIFIED.)
CURVE()
GEOMETRIC_REPRESENTATION_ITEM()
RATIONAL_B_SPLINE_CURVE((1.0000403881089,1.0000773338503,1.0000994987694))
REPRESENTATION_ITEM('')
);
#74=B_SPLINE_CURVE_WITH_KNOTS('',3,(#5781,#5782,#5783,#5784,#5785,#5786,
#5787,#5788,#5789,#5790),.UNSPECIFIED.,.F.,.F.,(4,2,2,2,4),(0.444399586384026,
0.555545898063697,0.66666404690405,0.777747304097401,0.888801348460736),
 .UNSPECIFIED.);
#75=B_SPLINE_CURVE_WITH_KNOTS('',3,(#5988,#5989,#5990,#5991,#5992,#5993,
#5994,#5995,#5996,#5997,#5998,#5999,#6000,#6001),.UNSPECIFIED.,.F.,.F.,
(4,2,2,2,2,2,4),(-0.00132933255380955,0.,0.14511894705886,0.268663920231642,
0.390931574433555,0.493964685644358,0.576450774670989),.UNSPECIFIED.);
#76=B_SPLINE_CURVE_WITH_KNOTS('',3,(#6010,#6011,#6012,#6013,#6014,#6015,
#6016,#6017,#6018,#6019),.UNSPECIFIED.,.F.,.F.,(4,2,2,2,4),(0.888801348460737,
0.99985539282407,1.11093865001742,1.22205679885776,1.33320311053743),
 .UNSPECIFIED.);
#77=B_SPLINE_CURVE_WITH_KNOTS('',3,(#6032,#6033,#6034,#6035),
 .UNSPECIFIED.,.F.,.F.,(4,4),(-1.88105181836818,-1.55684523689916),
 .UNSPECIFIED.);
#78=B_SPLINE_CURVE_WITH_KNOTS('',3,(#6042,#6043,#6044,#6045,#6046,#6047,
#6048,#6049,#6050,#6051,#6052,#6053,#6054,#6055),.UNSPECIFIED.,.F.,.F.,
(4,2,2,2,2,2,4),(-1.11808592927751,-1.11696497125173,-0.94402204204258,
-0.804983259877991,-0.689852367571838,-0.589372452628995,-0.575340836814179),
 .UNSPECIFIED.);
#79=B_SPLINE_CURVE_WITH_KNOTS('',3,(#6557,#6558,#6559,#6560),
 .UNSPECIFIED.,.F.,.F.,(4,4),(2.96715415300624,3.28356277515543),
 .UNSPECIFIED.);
#80=FACE_BOUND('',#460,.T.);
#81=FACE_BOUND('',#461,.T.);
#82=FACE_BOUND('',#462,.T.);
#83=FACE_BOUND('',#463,.T.);
#84=FACE_BOUND('',#464,.T.);
#85=FACE_BOUND('',#465,.T.);
#86=FACE_BOUND('',#466,.T.);
#87=FACE_BOUND('',#467,.T.);
#88=FACE_BOUND('',#468,.T.);
#89=FACE_BOUND('',#569,.T.);
#90=FACE_BOUND('',#570,.T.);
#91=FACE_BOUND('',#571,.T.);
#92=FACE_BOUND('',#572,.T.);
#93=FACE_BOUND('',#573,.T.);
#94=FACE_BOUND('',#574,.T.);
#95=FACE_BOUND('',#575,.T.);
#96=FACE_BOUND('',#576,.T.);
#97=FACE_BOUND('',#577,.T.);
#98=FACE_BOUND('',#578,.T.);
#99=FACE_BOUND('',#579,.T.);
#100=FACE_BOUND('',#580,.T.);
#101=FACE_BOUND('',#581,.T.);
#102=FACE_BOUND('',#582,.T.);
#103=FACE_BOUND('',#583,.T.);
#104=FACE_BOUND('',#584,.T.);
#105=FACE_BOUND('',#585,.T.);
#106=FACE_BOUND('',#586,.T.);
#107=FACE_BOUND('',#587,.T.);
#108=FACE_BOUND('',#588,.T.);
#109=FACE_BOUND('',#589,.T.);
#110=PLANE('',#3925);
#111=PLANE('',#3926);
#112=PLANE('',#3927);
#113=PLANE('',#3928);
#114=PLANE('',#3929);
#115=PLANE('',#3930);
#116=PLANE('',#3931);
#117=PLANE('',#3932);
#118=PLANE('',#3933);
#119=PLANE('',#3934);
#120=PLANE('',#3935);
#121=PLANE('',#3936);
#122=PLANE('',#3937);
#123=PLANE('',#3967);
#124=PLANE('',#3968);
#125=PLANE('',#3969);
#126=PLANE('',#3971);
#127=PLANE('',#3974);
#128=PLANE('',#4016);
#129=PLANE('',#4017);
#130=PLANE('',#4127);
#131=PLANE('',#4130);
#132=PLANE('',#4131);
#133=PLANE('',#4134);
#134=PLANE('',#4135);
#135=PLANE('',#4138);
#136=PLANE('',#4141);
#137=PLANE('',#4144);
#138=PLANE('',#4145);
#139=PLANE('',#4146);
#140=PLANE('',#4153);
#141=PLANE('',#4154);
#142=PLANE('',#4155);
#143=PLANE('',#4156);
#144=PLANE('',#4163);
#145=PLANE('',#4164);
#146=PLANE('',#4165);
#147=PLANE('',#4168);
#148=PLANE('',#4171);
#149=PLANE('',#4174);
#150=PLANE('',#4175);
#151=PLANE('',#4178);
#152=PLANE('',#4179);
#153=PLANE('',#4182);
#154=PLANE('',#4191);
#155=PLANE('',#4248);
#156=PLANE('',#4249);
#157=PLANE('',#4250);
#158=PLANE('',#4251);
#159=PLANE('',#4252);
#160=PLANE('',#4253);
#161=PLANE('',#4257);
#162=PLANE('',#4258);
#163=PLANE('',#4259);
#164=PLANE('',#4261);
#165=PLANE('',#4263);
#166=PLANE('',#4265);
#167=PLANE('',#4266);
#168=PLANE('',#4270);
#169=PLANE('',#4272);
#170=PLANE('',#4274);
#171=PLANE('',#4276);
#172=PLANE('',#4278);
#173=PLANE('',#4280);
#174=PLANE('',#4282);
#175=PLANE('',#4283);
#176=PLANE('',#4285);
#177=PLANE('',#4286);
#178=PLANE('',#4288);
#179=PLANE('',#4289);
#180=PLANE('',#4290);
#181=PLANE('',#4291);
#182=PLANE('',#4292);
#183=PLANE('',#4296);
#184=PLANE('',#4297);
#185=PLANE('',#4298);
#186=PLANE('',#4300);
#187=PLANE('',#4302);
#188=PLANE('',#4304);
#189=PLANE('',#4305);
#190=PLANE('',#4307);
#191=PLANE('',#4308);
#192=PLANE('',#4310);
#193=PLANE('',#4312);
#194=PLANE('',#4313);
#195=PLANE('',#4315);
#196=PLANE('',#4317);
#197=PLANE('',#4318);
#198=PLANE('',#4320);
#199=PLANE('',#4321);
#200=PLANE('',#4323);
#201=PLANE('',#4325);
#202=PLANE('',#4327);
#203=PLANE('',#4328);
#204=PLANE('',#4329);
#205=FACE_OUTER_BOUND('',#435,.T.);
#206=FACE_OUTER_BOUND('',#436,.T.);
#207=FACE_OUTER_BOUND('',#437,.T.);
#208=FACE_OUTER_BOUND('',#438,.T.);
#209=FACE_OUTER_BOUND('',#439,.T.);
#210=FACE_OUTER_BOUND('',#440,.T.);
#211=FACE_OUTER_BOUND('',#441,.T.);
#212=FACE_OUTER_BOUND('',#442,.T.);
#213=FACE_OUTER_BOUND('',#443,.T.);
#214=FACE_OUTER_BOUND('',#444,.T.);
#215=FACE_OUTER_BOUND('',#445,.T.);
#216=FACE_OUTER_BOUND('',#446,.T.);
#217=FACE_OUTER_BOUND('',#447,.T.);
#218=FACE_OUTER_BOUND('',#448,.T.);
#219=FACE_OUTER_BOUND('',#449,.T.);
#220=FACE_OUTER_BOUND('',#450,.T.);
#221=FACE_OUTER_BOUND('',#451,.T.);
#222=FACE_OUTER_BOUND('',#452,.T.);
#223=FACE_OUTER_BOUND('',#453,.T.);
#224=FACE_OUTER_BOUND('',#454,.T.);
#225=FACE_OUTER_BOUND('',#455,.T.);
#226=FACE_OUTER_BOUND('',#456,.T.);
#227=FACE_OUTER_BOUND('',#457,.T.);
#228=FACE_OUTER_BOUND('',#458,.T.);
#229=FACE_OUTER_BOUND('',#459,.T.);
#230=FACE_OUTER_BOUND('',#469,.T.);
#231=FACE_OUTER_BOUND('',#470,.T.);
#232=FACE_OUTER_BOUND('',#471,.T.);
#233=FACE_OUTER_BOUND('',#472,.T.);
#234=FACE_OUTER_BOUND('',#473,.T.);
#235=FACE_OUTER_BOUND('',#474,.T.);
#236=FACE_OUTER_BOUND('',#475,.T.);
#237=FACE_OUTER_BOUND('',#476,.T.);
#238=FACE_OUTER_BOUND('',#477,.T.);
#239=FACE_OUTER_BOUND('',#478,.T.);
#240=FACE_OUTER_BOUND('',#479,.T.);
#241=FACE_OUTER_BOUND('',#480,.T.);
#242=FACE_OUTER_BOUND('',#481,.T.);
#243=FACE_OUTER_BOUND('',#482,.T.);
#244=FACE_OUTER_BOUND('',#483,.T.);
#245=FACE_OUTER_BOUND('',#484,.T.);
#246=FACE_OUTER_BOUND('',#485,.T.);
#247=FACE_OUTER_BOUND('',#486,.T.);
#248=FACE_OUTER_BOUND('',#487,.T.);
#249=FACE_OUTER_BOUND('',#488,.T.);
#250=FACE_OUTER_BOUND('',#489,.T.);
#251=FACE_OUTER_BOUND('',#490,.T.);
#252=FACE_OUTER_BOUND('',#491,.T.);
#253=FACE_OUTER_BOUND('',#492,.T.);
#254=FACE_OUTER_BOUND('',#493,.T.);
#255=FACE_OUTER_BOUND('',#494,.T.);
#256=FACE_OUTER_BOUND('',#495,.T.);
#257=FACE_OUTER_BOUND('',#496,.T.);
#258=FACE_OUTER_BOUND('',#497,.T.);
#259=FACE_OUTER_BOUND('',#498,.T.);
#260=FACE_OUTER_BOUND('',#499,.T.);
#261=FACE_OUTER_BOUND('',#500,.T.);
#262=FACE_OUTER_BOUND('',#501,.T.);
#263=FACE_OUTER_BOUND('',#502,.T.);
#264=FACE_OUTER_BOUND('',#503,.T.);
#265=FACE_OUTER_BOUND('',#504,.T.);
#266=FACE_OUTER_BOUND('',#505,.T.);
#267=FACE_OUTER_BOUND('',#506,.T.);
#268=FACE_OUTER_BOUND('',#507,.T.);
#269=FACE_OUTER_BOUND('',#508,.T.);
#270=FACE_OUTER_BOUND('',#509,.T.);
#271=FACE_OUTER_BOUND('',#510,.T.);
#272=FACE_OUTER_BOUND('',#511,.T.);
#273=FACE_OUTER_BOUND('',#512,.T.);
#274=FACE_OUTER_BOUND('',#513,.T.);
#275=FACE_OUTER_BOUND('',#514,.T.);
#276=FACE_OUTER_BOUND('',#515,.T.);
#277=FACE_OUTER_BOUND('',#516,.T.);
#278=FACE_OUTER_BOUND('',#517,.T.);
#279=FACE_OUTER_BOUND('',#518,.T.);
#280=FACE_OUTER_BOUND('',#519,.T.);
#281=FACE_OUTER_BOUND('',#520,.T.);
#282=FACE_OUTER_BOUND('',#521,.T.);
#283=FACE_OUTER_BOUND('',#522,.T.);
#284=FACE_OUTER_BOUND('',#523,.T.);
#285=FACE_OUTER_BOUND('',#524,.T.);
#286=FACE_OUTER_BOUND('',#525,.T.);
#287=FACE_OUTER_BOUND('',#526,.T.);
#288=FACE_OUTER_BOUND('',#527,.T.);
#289=FACE_OUTER_BOUND('',#528,.T.);
#290=FACE_OUTER_BOUND('',#529,.T.);
#291=FACE_OUTER_BOUND('',#530,.T.);
#292=FACE_OUTER_BOUND('',#531,.T.);
#293=FACE_OUTER_BOUND('',#532,.T.);
#294=FACE_OUTER_BOUND('',#533,.T.);
#295=FACE_OUTER_BOUND('',#534,.T.);
#296=FACE_OUTER_BOUND('',#535,.T.);
#297=FACE_OUTER_BOUND('',#536,.T.);
#298=FACE_OUTER_BOUND('',#537,.T.);
#299=FACE_OUTER_BOUND('',#538,.T.);
#300=FACE_OUTER_BOUND('',#539,.T.);
#301=FACE_OUTER_BOUND('',#540,.T.);
#302=FACE_OUTER_BOUND('',#541,.T.);
#303=FACE_OUTER_BOUND('',#542,.T.);
#304=FACE_OUTER_BOUND('',#543,.T.);
#305=FACE_OUTER_BOUND('',#544,.T.);
#306=FACE_OUTER_BOUND('',#545,.T.);
#307=FACE_OUTER_BOUND('',#546,.T.);
#308=FACE_OUTER_BOUND('',#547,.T.);
#309=FACE_OUTER_BOUND('',#548,.T.);
#310=FACE_OUTER_BOUND('',#549,.T.);
#311=FACE_OUTER_BOUND('',#550,.T.);
#312=FACE_OUTER_BOUND('',#551,.T.);
#313=FACE_OUTER_BOUND('',#552,.T.);
#314=FACE_OUTER_BOUND('',#553,.T.);
#315=FACE_OUTER_BOUND('',#554,.T.);
#316=FACE_OUTER_BOUND('',#555,.T.);
#317=FACE_OUTER_BOUND('',#556,.T.);
#318=FACE_OUTER_BOUND('',#557,.T.);
#319=FACE_OUTER_BOUND('',#558,.T.);
#320=FACE_OUTER_BOUND('',#559,.T.);
#321=FACE_OUTER_BOUND('',#560,.T.);
#322=FACE_OUTER_BOUND('',#561,.T.);
#323=FACE_OUTER_BOUND('',#562,.T.);
#324=FACE_OUTER_BOUND('',#563,.T.);
#325=FACE_OUTER_BOUND('',#564,.T.);
#326=FACE_OUTER_BOUND('',#565,.T.);
#327=FACE_OUTER_BOUND('',#566,.T.);
#328=FACE_OUTER_BOUND('',#567,.T.);
#329=FACE_OUTER_BOUND('',#568,.T.);
#330=FACE_OUTER_BOUND('',#590,.T.);
#331=FACE_OUTER_BOUND('',#591,.T.);
#332=FACE_OUTER_BOUND('',#592,.T.);
#333=FACE_OUTER_BOUND('',#593,.T.);
#334=FACE_OUTER_BOUND('',#594,.T.);
#335=FACE_OUTER_BOUND('',#595,.T.);
#336=FACE_OUTER_BOUND('',#596,.T.);
#337=FACE_OUTER_BOUND('',#597,.T.);
#338=FACE_OUTER_BOUND('',#598,.T.);
#339=FACE_OUTER_BOUND('',#599,.T.);
#340=FACE_OUTER_BOUND('',#600,.T.);
#341=FACE_OUTER_BOUND('',#601,.T.);
#342=FACE_OUTER_BOUND('',#602,.T.);
#343=FACE_OUTER_BOUND('',#603,.T.);
#344=FACE_OUTER_BOUND('',#604,.T.);
#345=FACE_OUTER_BOUND('',#605,.T.);
#346=FACE_OUTER_BOUND('',#606,.T.);
#347=FACE_OUTER_BOUND('',#607,.T.);
#348=FACE_OUTER_BOUND('',#608,.T.);
#349=FACE_OUTER_BOUND('',#609,.T.);
#350=FACE_OUTER_BOUND('',#610,.T.);
#351=FACE_OUTER_BOUND('',#611,.T.);
#352=FACE_OUTER_BOUND('',#612,.T.);
#353=FACE_OUTER_BOUND('',#613,.T.);
#354=FACE_OUTER_BOUND('',#614,.T.);
#355=FACE_OUTER_BOUND('',#615,.T.);
#356=FACE_OUTER_BOUND('',#616,.T.);
#357=FACE_OUTER_BOUND('',#617,.T.);
#358=FACE_OUTER_BOUND('',#618,.T.);
#359=FACE_OUTER_BOUND('',#619,.T.);
#360=FACE_OUTER_BOUND('',#620,.T.);
#361=FACE_OUTER_BOUND('',#621,.T.);
#362=FACE_OUTER_BOUND('',#622,.T.);
#363=FACE_OUTER_BOUND('',#623,.T.);
#364=FACE_OUTER_BOUND('',#624,.T.);
#365=FACE_OUTER_BOUND('',#625,.T.);
#366=FACE_OUTER_BOUND('',#626,.T.);
#367=FACE_OUTER_BOUND('',#627,.T.);
#368=FACE_OUTER_BOUND('',#628,.T.);
#369=FACE_OUTER_BOUND('',#629,.T.);
#370=FACE_OUTER_BOUND('',#630,.T.);
#371=FACE_OUTER_BOUND('',#631,.T.);
#372=FACE_OUTER_BOUND('',#632,.T.);
#373=FACE_OUTER_BOUND('',#633,.T.);
#374=FACE_OUTER_BOUND('',#634,.T.);
#375=FACE_OUTER_BOUND('',#635,.T.);
#376=FACE_OUTER_BOUND('',#636,.T.);
#377=FACE_OUTER_BOUND('',#637,.T.);
#378=FACE_OUTER_BOUND('',#638,.T.);
#379=FACE_OUTER_BOUND('',#639,.T.);
#380=FACE_OUTER_BOUND('',#640,.T.);
#381=FACE_OUTER_BOUND('',#641,.T.);
#382=FACE_OUTER_BOUND('',#642,.T.);
#383=FACE_OUTER_BOUND('',#643,.T.);
#384=FACE_OUTER_BOUND('',#644,.T.);
#385=FACE_OUTER_BOUND('',#645,.T.);
#386=FACE_OUTER_BOUND('',#646,.T.);
#387=FACE_OUTER_BOUND('',#647,.T.);
#388=FACE_OUTER_BOUND('',#648,.T.);
#389=FACE_OUTER_BOUND('',#649,.T.);
#390=FACE_OUTER_BOUND('',#650,.T.);
#391=FACE_OUTER_BOUND('',#651,.T.);
#392=FACE_OUTER_BOUND('',#652,.T.);
#393=FACE_OUTER_BOUND('',#653,.T.);
#394=FACE_OUTER_BOUND('',#654,.T.);
#395=FACE_OUTER_BOUND('',#655,.T.);
#396=FACE_OUTER_BOUND('',#656,.T.);
#397=FACE_OUTER_BOUND('',#657,.T.);
#398=FACE_OUTER_BOUND('',#658,.T.);
#399=FACE_OUTER_BOUND('',#659,.T.);
#400=FACE_OUTER_BOUND('',#660,.T.);
#401=FACE_OUTER_BOUND('',#661,.T.);
#402=FACE_OUTER_BOUND('',#662,.T.);
#403=FACE_OUTER_BOUND('',#663,.T.);
#404=FACE_OUTER_BOUND('',#664,.T.);
#405=FACE_OUTER_BOUND('',#665,.T.);
#406=FACE_OUTER_BOUND('',#666,.T.);
#407=FACE_OUTER_BOUND('',#667,.T.);
#408=FACE_OUTER_BOUND('',#668,.T.);
#409=FACE_OUTER_BOUND('',#669,.T.);
#410=FACE_OUTER_BOUND('',#670,.T.);
#411=FACE_OUTER_BOUND('',#671,.T.);
#412=FACE_OUTER_BOUND('',#672,.T.);
#413=FACE_OUTER_BOUND('',#673,.T.);
#414=FACE_OUTER_BOUND('',#674,.T.);
#415=FACE_OUTER_BOUND('',#675,.T.);
#416=FACE_OUTER_BOUND('',#676,.T.);
#417=FACE_OUTER_BOUND('',#677,.T.);
#418=FACE_OUTER_BOUND('',#678,.T.);
#419=FACE_OUTER_BOUND('',#679,.T.);
#420=FACE_OUTER_BOUND('',#680,.T.);
#421=FACE_OUTER_BOUND('',#681,.T.);
#422=FACE_OUTER_BOUND('',#682,.T.);
#423=FACE_OUTER_BOUND('',#683,.T.);
#424=FACE_OUTER_BOUND('',#684,.T.);
#425=FACE_OUTER_BOUND('',#685,.T.);
#426=FACE_OUTER_BOUND('',#686,.T.);
#427=FACE_OUTER_BOUND('',#687,.T.);
#428=FACE_OUTER_BOUND('',#688,.T.);
#429=FACE_OUTER_BOUND('',#689,.T.);
#430=FACE_OUTER_BOUND('',#690,.T.);
#431=FACE_OUTER_BOUND('',#691,.T.);
#432=FACE_OUTER_BOUND('',#692,.T.);
#433=FACE_OUTER_BOUND('',#693,.T.);
#434=FACE_OUTER_BOUND('',#694,.T.);
#435=EDGE_LOOP('',(#2453,#2454,#2455,#2456));
#436=EDGE_LOOP('',(#2457,#2458,#2459,#2460));
#437=EDGE_LOOP('',(#2461,#2462,#2463,#2464));
#438=EDGE_LOOP('',(#2465,#2466,#2467,#2468));
#439=EDGE_LOOP('',(#2469,#2470,#2471,#2472));
#440=EDGE_LOOP('',(#2473,#2474,#2475,#2476));
#441=EDGE_LOOP('',(#2477,#2478,#2479,#2480));
#442=EDGE_LOOP('',(#2481,#2482,#2483,#2484));
#443=EDGE_LOOP('',(#2485,#2486,#2487,#2488));
#444=EDGE_LOOP('',(#2489,#2490,#2491,#2492));
#445=EDGE_LOOP('',(#2493,#2494,#2495,#2496));
#446=EDGE_LOOP('',(#2497,#2498,#2499,#2500));
#447=EDGE_LOOP('',(#2501));
#448=EDGE_LOOP('',(#2502));
#449=EDGE_LOOP('',(#2503));
#450=EDGE_LOOP('',(#2504));
#451=EDGE_LOOP('',(#2505));
#452=EDGE_LOOP('',(#2506));
#453=EDGE_LOOP('',(#2507));
#454=EDGE_LOOP('',(#2508));
#455=EDGE_LOOP('',(#2509));
#456=EDGE_LOOP('',(#2510));
#457=EDGE_LOOP('',(#2511));
#458=EDGE_LOOP('',(#2512));
#459=EDGE_LOOP('',(#2513,#2514,#2515,#2516,#2517,#2518,#2519,#2520,#2521,
#2522,#2523,#2524,#2525,#2526,#2527,#2528,#2529,#2530,#2531,#2532,#2533,
#2534,#2535,#2536,#2537,#2538,#2539,#2540,#2541,#2542,#2543,#2544,#2545,
#2546,#2547,#2548,#2549,#2550,#2551,#2552,#2553,#2554,#2555,#2556,#2557,
#2558,#2559,#2560,#2561));
#460=EDGE_LOOP('',(#2562));
#461=EDGE_LOOP('',(#2563));
#462=EDGE_LOOP('',(#2564));
#463=EDGE_LOOP('',(#2565));
#464=EDGE_LOOP('',(#2566));
#465=EDGE_LOOP('',(#2567));
#466=EDGE_LOOP('',(#2568));
#467=EDGE_LOOP('',(#2569));
#468=EDGE_LOOP('',(#2570));
#469=EDGE_LOOP('',(#2571,#2572,#2573,#2574));
#470=EDGE_LOOP('',(#2575,#2576,#2577,#2578));
#471=EDGE_LOOP('',(#2579,#2580,#2581,#2582,#2583,#2584));
#472=EDGE_LOOP('',(#2585,#2586,#2587,#2588,#2589,#2590,#2591,#2592,#2593,
#2594));
#473=EDGE_LOOP('',(#2595,#2596,#2597,#2598));
#474=EDGE_LOOP('',(#2599,#2600,#2601,#2602,#2603,#2604,#2605,#2606,#2607,
#2608,#2609,#2610,#2611,#2612,#2613,#2614,#2615,#2616,#2617,#2618,#2619,
#2620,#2621,#2622,#2623,#2624,#2625,#2626,#2627,#2628,#2629,#2630,#2631,
#2632,#2633,#2634,#2635,#2636,#2637,#2638,#2639,#2640,#2641,#2642,#2643,
#2644,#2645,#2646,#2647,#2648,#2649,#2650,#2651,#2652,#2653,#2654,#2655,
#2656,#2657,#2658,#2659,#2660,#2661,#2662,#2663,#2664,#2665,#2666,#2667,
#2668,#2669,#2670,#2671,#2672,#2673,#2674,#2675,#2676,#2677,#2678,#2679,
#2680,#2681,#2682,#2683,#2684,#2685,#2686,#2687,#2688,#2689,#2690));
#475=EDGE_LOOP('',(#2691,#2692,#2693,#2694));
#476=EDGE_LOOP('',(#2695,#2696,#2697,#2698));
#477=EDGE_LOOP('',(#2699,#2700,#2701,#2702,#2703,#2704,#2705,#2706,#2707,
#2708));
#478=EDGE_LOOP('',(#2709,#2710,#2711,#2712));
#479=EDGE_LOOP('',(#2713,#2714,#2715,#2716));
#480=EDGE_LOOP('',(#2717,#2718,#2719,#2720));
#481=EDGE_LOOP('',(#2721,#2722,#2723,#2724));
#482=EDGE_LOOP('',(#2725,#2726,#2727,#2728));
#483=EDGE_LOOP('',(#2729,#2730,#2731,#2732));
#484=EDGE_LOOP('',(#2733,#2734,#2735,#2736));
#485=EDGE_LOOP('',(#2737,#2738,#2739,#2740));
#486=EDGE_LOOP('',(#2741,#2742,#2743,#2744));
#487=EDGE_LOOP('',(#2745,#2746,#2747,#2748));
#488=EDGE_LOOP('',(#2749,#2750,#2751,#2752));
#489=EDGE_LOOP('',(#2753,#2754,#2755,#2756));
#490=EDGE_LOOP('',(#2757,#2758,#2759,#2760));
#491=EDGE_LOOP('',(#2761,#2762,#2763,#2764));
#492=EDGE_LOOP('',(#2765,#2766,#2767,#2768));
#493=EDGE_LOOP('',(#2769,#2770,#2771,#2772));
#494=EDGE_LOOP('',(#2773,#2774,#2775,#2776));
#495=EDGE_LOOP('',(#2777,#2778,#2779,#2780));
#496=EDGE_LOOP('',(#2781,#2782,#2783,#2784));
#497=EDGE_LOOP('',(#2785,#2786,#2787,#2788));
#498=EDGE_LOOP('',(#2789,#2790,#2791,#2792));
#499=EDGE_LOOP('',(#2793,#2794,#2795,#2796));
#500=EDGE_LOOP('',(#2797,#2798,#2799,#2800));
#501=EDGE_LOOP('',(#2801,#2802,#2803,#2804));
#502=EDGE_LOOP('',(#2805,#2806,#2807,#2808));
#503=EDGE_LOOP('',(#2809,#2810,#2811,#2812));
#504=EDGE_LOOP('',(#2813,#2814,#2815,#2816));
#505=EDGE_LOOP('',(#2817,#2818,#2819,#2820));
#506=EDGE_LOOP('',(#2821,#2822,#2823,#2824));
#507=EDGE_LOOP('',(#2825,#2826,#2827,#2828));
#508=EDGE_LOOP('',(#2829,#2830,#2831,#2832));
#509=EDGE_LOOP('',(#2833,#2834,#2835,#2836));
#510=EDGE_LOOP('',(#2837,#2838,#2839,#2840));
#511=EDGE_LOOP('',(#2841,#2842,#2843,#2844));
#512=EDGE_LOOP('',(#2845,#2846,#2847,#2848));
#513=EDGE_LOOP('',(#2849,#2850,#2851,#2852));
#514=EDGE_LOOP('',(#2853,#2854,#2855,#2856));
#515=EDGE_LOOP('',(#2857,#2858,#2859,#2860));
#516=EDGE_LOOP('',(#2861,#2862,#2863,#2864));
#517=EDGE_LOOP('',(#2865,#2866,#2867,#2868));
#518=EDGE_LOOP('',(#2869,#2870,#2871,#2872));
#519=EDGE_LOOP('',(#2873,#2874,#2875,#2876));
#520=EDGE_LOOP('',(#2877,#2878,#2879,#2880));
#521=EDGE_LOOP('',(#2881,#2882,#2883,#2884));
#522=EDGE_LOOP('',(#2885,#2886,#2887,#2888));
#523=EDGE_LOOP('',(#2889,#2890,#2891,#2892));
#524=EDGE_LOOP('',(#2893,#2894,#2895,#2896));
#525=EDGE_LOOP('',(#2897,#2898,#2899,#2900));
#526=EDGE_LOOP('',(#2901,#2902,#2903,#2904));
#527=EDGE_LOOP('',(#2905,#2906,#2907,#2908));
#528=EDGE_LOOP('',(#2909,#2910,#2911,#2912));
#529=EDGE_LOOP('',(#2913,#2914,#2915,#2916));
#530=EDGE_LOOP('',(#2917,#2918,#2919,#2920));
#531=EDGE_LOOP('',(#2921,#2922,#2923,#2924));
#532=EDGE_LOOP('',(#2925,#2926,#2927,#2928));
#533=EDGE_LOOP('',(#2929,#2930,#2931,#2932));
#534=EDGE_LOOP('',(#2933,#2934,#2935,#2936));
#535=EDGE_LOOP('',(#2937,#2938,#2939,#2940));
#536=EDGE_LOOP('',(#2941,#2942,#2943,#2944));
#537=EDGE_LOOP('',(#2945,#2946,#2947,#2948));
#538=EDGE_LOOP('',(#2949,#2950,#2951,#2952));
#539=EDGE_LOOP('',(#2953,#2954,#2955,#2956));
#540=EDGE_LOOP('',(#2957,#2958,#2959,#2960));
#541=EDGE_LOOP('',(#2961,#2962,#2963,#2964));
#542=EDGE_LOOP('',(#2965,#2966,#2967,#2968));
#543=EDGE_LOOP('',(#2969,#2970,#2971,#2972));
#544=EDGE_LOOP('',(#2973,#2974,#2975,#2976));
#545=EDGE_LOOP('',(#2977,#2978,#2979,#2980));
#546=EDGE_LOOP('',(#2981,#2982,#2983,#2984));
#547=EDGE_LOOP('',(#2985,#2986,#2987,#2988));
#548=EDGE_LOOP('',(#2989,#2990,#2991,#2992));
#549=EDGE_LOOP('',(#2993,#2994,#2995,#2996));
#550=EDGE_LOOP('',(#2997,#2998,#2999,#3000));
#551=EDGE_LOOP('',(#3001,#3002,#3003,#3004));
#552=EDGE_LOOP('',(#3005,#3006,#3007,#3008));
#553=EDGE_LOOP('',(#3009,#3010,#3011,#3012));
#554=EDGE_LOOP('',(#3013,#3014,#3015,#3016));
#555=EDGE_LOOP('',(#3017,#3018,#3019,#3020));
#556=EDGE_LOOP('',(#3021,#3022,#3023,#3024));
#557=EDGE_LOOP('',(#3025,#3026,#3027,#3028));
#558=EDGE_LOOP('',(#3029,#3030,#3031,#3032));
#559=EDGE_LOOP('',(#3033,#3034,#3035,#3036));
#560=EDGE_LOOP('',(#3037,#3038,#3039,#3040));
#561=EDGE_LOOP('',(#3041,#3042,#3043,#3044));
#562=EDGE_LOOP('',(#3045,#3046,#3047,#3048));
#563=EDGE_LOOP('',(#3049,#3050,#3051,#3052));
#564=EDGE_LOOP('',(#3053,#3054,#3055,#3056));
#565=EDGE_LOOP('',(#3057,#3058,#3059,#3060));
#566=EDGE_LOOP('',(#3061,#3062,#3063,#3064));
#567=EDGE_LOOP('',(#3065,#3066,#3067,#3068));
#568=EDGE_LOOP('',(#3069,#3070,#3071,#3072,#3073,#3074,#3075,#3076,#3077,
#3078,#3079,#3080,#3081,#3082,#3083,#3084,#3085,#3086,#3087,#3088,#3089,
#3090,#3091,#3092,#3093,#3094,#3095,#3096,#3097,#3098,#3099,#3100,#3101,
#3102,#3103,#3104,#3105,#3106,#3107,#3108,#3109,#3110,#3111,#3112,#3113,
#3114,#3115,#3116,#3117));
#569=EDGE_LOOP('',(#3118));
#570=EDGE_LOOP('',(#3119));
#571=EDGE_LOOP('',(#3120));
#572=EDGE_LOOP('',(#3121));
#573=EDGE_LOOP('',(#3122));
#574=EDGE_LOOP('',(#3123));
#575=EDGE_LOOP('',(#3124));
#576=EDGE_LOOP('',(#3125));
#577=EDGE_LOOP('',(#3126));
#578=EDGE_LOOP('',(#3127));
#579=EDGE_LOOP('',(#3128));
#580=EDGE_LOOP('',(#3129));
#581=EDGE_LOOP('',(#3130));
#582=EDGE_LOOP('',(#3131));
#583=EDGE_LOOP('',(#3132));
#584=EDGE_LOOP('',(#3133));
#585=EDGE_LOOP('',(#3134));
#586=EDGE_LOOP('',(#3135));
#587=EDGE_LOOP('',(#3136));
#588=EDGE_LOOP('',(#3137));
#589=EDGE_LOOP('',(#3138));
#590=EDGE_LOOP('',(#3139,#3140,#3141,#3142));
#591=EDGE_LOOP('',(#3143,#3144,#3145,#3146));
#592=EDGE_LOOP('',(#3147,#3148,#3149,#3150));
#593=EDGE_LOOP('',(#3151,#3152,#3153,#3154));
#594=EDGE_LOOP('',(#3155,#3156,#3157,#3158));
#595=EDGE_LOOP('',(#3159,#3160,#3161,#3162));
#596=EDGE_LOOP('',(#3163,#3164,#3165,#3166));
#597=EDGE_LOOP('',(#3167,#3168,#3169,#3170));
#598=EDGE_LOOP('',(#3171,#3172,#3173,#3174));
#599=EDGE_LOOP('',(#3175,#3176,#3177,#3178));
#600=EDGE_LOOP('',(#3179,#3180,#3181,#3182));
#601=EDGE_LOOP('',(#3183,#3184,#3185,#3186));
#602=EDGE_LOOP('',(#3187,#3188,#3189,#3190));
#603=EDGE_LOOP('',(#3191,#3192,#3193,#3194));
#604=EDGE_LOOP('',(#3195,#3196,#3197,#3198));
#605=EDGE_LOOP('',(#3199,#3200,#3201,#3202));
#606=EDGE_LOOP('',(#3203,#3204,#3205,#3206));
#607=EDGE_LOOP('',(#3207,#3208,#3209,#3210));
#608=EDGE_LOOP('',(#3211,#3212,#3213,#3214));
#609=EDGE_LOOP('',(#3215,#3216,#3217,#3218));
#610=EDGE_LOOP('',(#3219,#3220,#3221,#3222));
#611=EDGE_LOOP('',(#3223,#3224,#3225,#3226));
#612=EDGE_LOOP('',(#3227,#3228,#3229,#3230));
#613=EDGE_LOOP('',(#3231,#3232,#3233,#3234));
#614=EDGE_LOOP('',(#3235,#3236,#3237,#3238));
#615=EDGE_LOOP('',(#3239,#3240,#3241,#3242));
#616=EDGE_LOOP('',(#3243,#3244,#3245,#3246));
#617=EDGE_LOOP('',(#3247,#3248,#3249,#3250));
#618=EDGE_LOOP('',(#3251,#3252,#3253,#3254));
#619=EDGE_LOOP('',(#3255,#3256,#3257,#3258));
#620=EDGE_LOOP('',(#3259,#3260,#3261,#3262));
#621=EDGE_LOOP('',(#3263,#3264,#3265,#3266));
#622=EDGE_LOOP('',(#3267,#3268,#3269,#3270));
#623=EDGE_LOOP('',(#3271,#3272,#3273,#3274));
#624=EDGE_LOOP('',(#3275,#3276,#3277,#3278));
#625=EDGE_LOOP('',(#3279,#3280,#3281,#3282));
#626=EDGE_LOOP('',(#3283,#3284,#3285,#3286));
#627=EDGE_LOOP('',(#3287,#3288,#3289,#3290));
#628=EDGE_LOOP('',(#3291,#3292,#3293,#3294));
#629=EDGE_LOOP('',(#3295,#3296,#3297,#3298));
#630=EDGE_LOOP('',(#3299,#3300,#3301,#3302));
#631=EDGE_LOOP('',(#3303,#3304,#3305,#3306));
#632=EDGE_LOOP('',(#3307,#3308,#3309,#3310));
#633=EDGE_LOOP('',(#3311,#3312,#3313,#3314));
#634=EDGE_LOOP('',(#3315,#3316,#3317,#3318));
#635=EDGE_LOOP('',(#3319,#3320,#3321,#3322));
#636=EDGE_LOOP('',(#3323,#3324,#3325,#3326));
#637=EDGE_LOOP('',(#3327,#3328,#3329,#3330));
#638=EDGE_LOOP('',(#3331,#3332,#3333,#3334));
#639=EDGE_LOOP('',(#3335,#3336,#3337,#3338));
#640=EDGE_LOOP('',(#3339,#3340,#3341,#3342));
#641=EDGE_LOOP('',(#3343,#3344,#3345,#3346));
#642=EDGE_LOOP('',(#3347,#3348,#3349,#3350));
#643=EDGE_LOOP('',(#3351,#3352,#3353,#3354));
#644=EDGE_LOOP('',(#3355,#3356,#3357,#3358));
#645=EDGE_LOOP('',(#3359,#3360,#3361,#3362));
#646=EDGE_LOOP('',(#3363,#3364,#3365,#3366));
#647=EDGE_LOOP('',(#3367,#3368,#3369,#3370));
#648=EDGE_LOOP('',(#3371,#3372,#3373,#3374));
#649=EDGE_LOOP('',(#3375,#3376,#3377,#3378));
#650=EDGE_LOOP('',(#3379,#3380,#3381,#3382));
#651=EDGE_LOOP('',(#3383,#3384,#3385,#3386));
#652=EDGE_LOOP('',(#3387,#3388,#3389,#3390));
#653=EDGE_LOOP('',(#3391,#3392,#3393,#3394));
#654=EDGE_LOOP('',(#3395,#3396,#3397,#3398));
#655=EDGE_LOOP('',(#3399,#3400,#3401,#3402));
#656=EDGE_LOOP('',(#3403,#3404,#3405,#3406));
#657=EDGE_LOOP('',(#3407,#3408,#3409,#3410));
#658=EDGE_LOOP('',(#3411,#3412,#3413,#3414));
#659=EDGE_LOOP('',(#3415,#3416,#3417,#3418));
#660=EDGE_LOOP('',(#3419,#3420,#3421,#3422));
#661=EDGE_LOOP('',(#3423,#3424,#3425,#3426));
#662=EDGE_LOOP('',(#3427,#3428,#3429,#3430));
#663=EDGE_LOOP('',(#3431,#3432,#3433,#3434));
#664=EDGE_LOOP('',(#3435,#3436,#3437,#3438));
#665=EDGE_LOOP('',(#3439,#3440,#3441,#3442));
#666=EDGE_LOOP('',(#3443,#3444,#3445,#3446));
#667=EDGE_LOOP('',(#3447,#3448,#3449,#3450));
#668=EDGE_LOOP('',(#3451,#3452,#3453,#3454));
#669=EDGE_LOOP('',(#3455,#3456,#3457,#3458));
#670=EDGE_LOOP('',(#3459,#3460,#3461,#3462));
#671=EDGE_LOOP('',(#3463,#3464,#3465,#3466));
#672=EDGE_LOOP('',(#3467,#3468,#3469,#3470));
#673=EDGE_LOOP('',(#3471,#3472,#3473,#3474));
#674=EDGE_LOOP('',(#3475,#3476,#3477,#3478));
#675=EDGE_LOOP('',(#3479,#3480,#3481,#3482));
#676=EDGE_LOOP('',(#3483,#3484,#3485,#3486));
#677=EDGE_LOOP('',(#3487,#3488,#3489,#3490));
#678=EDGE_LOOP('',(#3491,#3492,#3493,#3494));
#679=EDGE_LOOP('',(#3495,#3496,#3497,#3498));
#680=EDGE_LOOP('',(#3499,#3500,#3501,#3502));
#681=EDGE_LOOP('',(#3503,#3504,#3505,#3506));
#682=EDGE_LOOP('',(#3507,#3508,#3509,#3510));
#683=EDGE_LOOP('',(#3511,#3512,#3513,#3514));
#684=EDGE_LOOP('',(#3515,#3516,#3517,#3518));
#685=EDGE_LOOP('',(#3519,#3520,#3521,#3522));
#686=EDGE_LOOP('',(#3523,#3524,#3525,#3526));
#687=EDGE_LOOP('',(#3527,#3528,#3529,#3530));
#688=EDGE_LOOP('',(#3531,#3532,#3533,#3534));
#689=EDGE_LOOP('',(#3535,#3536,#3537,#3538));
#690=EDGE_LOOP('',(#3539,#3540,#3541,#3542));
#691=EDGE_LOOP('',(#3543,#3544,#3545,#3546));
#692=EDGE_LOOP('',(#3547,#3548,#3549,#3550));
#693=EDGE_LOOP('',(#3551,#3552,#3553,#3554));
#694=EDGE_LOOP('',(#3555,#3556,#3557,#3558));
#695=LINE('',#5559,#1026);
#696=LINE('',#5565,#1027);
#697=LINE('',#5571,#1028);
#698=LINE('',#5577,#1029);
#699=LINE('',#5583,#1030);
#700=LINE('',#5589,#1031);
#701=LINE('',#5595,#1032);
#702=LINE('',#5601,#1033);
#703=LINE('',#5607,#1034);
#704=LINE('',#5613,#1035);
#705=LINE('',#5619,#1036);
#706=LINE('',#5625,#1037);
#707=LINE('',#5648,#1038);
#708=LINE('',#5650,#1039);
#709=LINE('',#5652,#1040);
#710=LINE('',#5656,#1041);
#711=LINE('',#5660,#1042);
#712=LINE('',#5664,#1043);
#713=LINE('',#5666,#1044);
#714=LINE('',#5670,#1045);
#715=LINE('',#5672,#1046);
#716=LINE('',#5676,#1047);
#717=LINE('',#5680,#1048);
#718=LINE('',#5684,#1049);
#719=LINE('',#5686,#1050);
#720=LINE('',#5688,#1051);
#721=LINE('',#5692,#1052);
#722=LINE('',#5696,#1053);
#723=LINE('',#5700,#1054);
#724=LINE('',#5702,#1055);
#725=LINE('',#5706,#1056);
#726=LINE('',#5708,#1057);
#727=LINE('',#5712,#1058);
#728=LINE('',#5716,#1059);
#729=LINE('',#5720,#1060);
#730=LINE('',#5722,#1061);
#731=LINE('',#5724,#1062);
#732=LINE('',#5732,#1063);
#733=LINE('',#5734,#1064);
#734=LINE('',#5736,#1065);
#735=LINE('',#5737,#1066);
#736=LINE('',#5759,#1067);
#737=LINE('',#5761,#1068);
#738=LINE('',#5763,#1069);
#739=LINE('',#5764,#1070);
#740=LINE('',#5767,#1071);
#741=LINE('',#5769,#1072);
#742=LINE('',#5770,#1073);
#743=LINE('',#5773,#1074);
#744=LINE('',#5775,#1075);
#745=LINE('',#5777,#1076);
#746=LINE('',#5792,#1077);
#747=LINE('',#5793,#1078);
#748=LINE('',#5795,#1079);
#749=LINE('',#5800,#1080);
#750=LINE('',#5804,#1081);
#751=LINE('',#5808,#1082);
#752=LINE('',#5810,#1083);
#753=LINE('',#5812,#1084);
#754=LINE('',#5814,#1085);
#755=LINE('',#5822,#1086);
#756=LINE('',#5824,#1087);
#757=LINE('',#5826,#1088);
#758=LINE('',#5830,#1089);
#759=LINE('',#5834,#1090);
#760=LINE('',#5838,#1091);
#761=LINE('',#5840,#1092);
#762=LINE('',#5844,#1093);
#763=LINE('',#5846,#1094);
#764=LINE('',#5850,#1095);
#765=LINE('',#5853,#1096);
#766=LINE('',#5859,#1097);
#767=LINE('',#5863,#1098);
#768=LINE('',#5865,#1099);
#769=LINE('',#5869,#1100);
#770=LINE('',#5871,#1101);
#771=LINE('',#5875,#1102);
#772=LINE('',#5879,#1103);
#773=LINE('',#5883,#1104);
#774=LINE('',#5885,#1105);
#775=LINE('',#5887,#1106);
#776=LINE('',#5895,#1107);
#777=LINE('',#5897,#1108);
#778=LINE('',#5899,#1109);
#779=LINE('',#5901,#1110);
#780=LINE('',#5909,#1111);
#781=LINE('',#5911,#1112);
#782=LINE('',#5913,#1113);
#783=LINE('',#5917,#1114);
#784=LINE('',#5921,#1115);
#785=LINE('',#5925,#1116);
#786=LINE('',#5927,#1117);
#787=LINE('',#5931,#1118);
#788=LINE('',#5933,#1119);
#789=LINE('',#5937,#1120);
#790=LINE('',#5943,#1121);
#791=LINE('',#5947,#1122);
#792=LINE('',#5951,#1123);
#793=LINE('',#5955,#1124);
#794=LINE('',#5957,#1125);
#795=LINE('',#5961,#1126);
#796=LINE('',#5963,#1127);
#797=LINE('',#5967,#1128);
#798=LINE('',#5971,#1129);
#799=LINE('',#5975,#1130);
#800=LINE('',#5977,#1131);
#801=LINE('',#5979,#1132);
#802=LINE('',#6004,#1133);
#803=LINE('',#6006,#1134);
#804=LINE('',#6007,#1135);
#805=LINE('',#6021,#1136);
#806=LINE('',#6026,#1137);
#807=LINE('',#6027,#1138);
#808=LINE('',#6040,#1139);
#809=LINE('',#6059,#1140);
#810=LINE('',#6065,#1141);
#811=LINE('',#6071,#1142);
#812=LINE('',#6077,#1143);
#813=LINE('',#6081,#1144);
#814=LINE('',#6087,#1145);
#815=LINE('',#6091,#1146);
#816=LINE('',#6095,#1147);
#817=LINE('',#6101,#1148);
#818=LINE('',#6105,#1149);
#819=LINE('',#6115,#1150);
#820=LINE('',#6123,#1151);
#821=LINE('',#6129,#1152);
#822=LINE('',#6133,#1153);
#823=LINE('',#6141,#1154);
#824=LINE('',#6155,#1155);
#825=LINE('',#6163,#1156);
#826=LINE('',#6169,#1157);
#827=LINE('',#6183,#1158);
#828=LINE('',#6191,#1159);
#829=LINE('',#6199,#1160);
#830=LINE('',#6205,#1161);
#831=LINE('',#6211,#1162);
#832=LINE('',#6219,#1163);
#833=LINE('',#6224,#1164);
#834=LINE('',#6228,#1165);
#835=LINE('',#6229,#1166);
#836=LINE('',#6232,#1167);
#837=LINE('',#6236,#1168);
#838=LINE('',#6237,#1169);
#839=LINE('',#6240,#1170);
#840=LINE('',#6241,#1171);
#841=LINE('',#6244,#1172);
#842=LINE('',#6248,#1173);
#843=LINE('',#6249,#1174);
#844=LINE('',#6252,#1175);
#845=LINE('',#6253,#1176);
#846=LINE('',#6256,#1177);
#847=LINE('',#6260,#1178);
#848=LINE('',#6261,#1179);
#849=LINE('',#6264,#1180);
#850=LINE('',#6268,#1181);
#851=LINE('',#6269,#1182);
#852=LINE('',#6272,#1183);
#853=LINE('',#6276,#1184);
#854=LINE('',#6277,#1185);
#855=LINE('',#6280,#1186);
#856=LINE('',#6281,#1187);
#857=LINE('',#6284,#1188);
#858=LINE('',#6285,#1189);
#859=LINE('',#6288,#1190);
#860=LINE('',#6292,#1191);
#861=LINE('',#6296,#1192);
#862=LINE('',#6300,#1193);
#863=LINE('',#6301,#1194);
#864=LINE('',#6304,#1195);
#865=LINE('',#6305,#1196);
#866=LINE('',#6308,#1197);
#867=LINE('',#6309,#1198);
#868=LINE('',#6312,#1199);
#869=LINE('',#6313,#1200);
#870=LINE('',#6316,#1201);
#871=LINE('',#6320,#1202);
#872=LINE('',#6324,#1203);
#873=LINE('',#6328,#1204);
#874=LINE('',#6329,#1205);
#875=LINE('',#6332,#1206);
#876=LINE('',#6333,#1207);
#877=LINE('',#6336,#1208);
#878=LINE('',#6337,#1209);
#879=LINE('',#6340,#1210);
#880=LINE('',#6344,#1211);
#881=LINE('',#6345,#1212);
#882=LINE('',#6348,#1213);
#883=LINE('',#6352,#1214);
#884=LINE('',#6353,#1215);
#885=LINE('',#6356,#1216);
#886=LINE('',#6360,#1217);
#887=LINE('',#6361,#1218);
#888=LINE('',#6364,#1219);
#889=LINE('',#6365,#1220);
#890=LINE('',#6368,#1221);
#891=LINE('',#6372,#1222);
#892=LINE('',#6373,#1223);
#893=LINE('',#6376,#1224);
#894=LINE('',#6377,#1225);
#895=LINE('',#6380,#1226);
#896=LINE('',#6384,#1227);
#897=LINE('',#6385,#1228);
#898=LINE('',#6388,#1229);
#899=LINE('',#6391,#1230);
#900=LINE('',#6398,#1231);
#901=LINE('',#6405,#1232);
#902=LINE('',#6409,#1233);
#903=LINE('',#6411,#1234);
#904=LINE('',#6415,#1235);
#905=LINE('',#6417,#1236);
#906=LINE('',#6421,#1237);
#907=LINE('',#6425,#1238);
#908=LINE('',#6429,#1239);
#909=LINE('',#6431,#1240);
#910=LINE('',#6433,#1241);
#911=LINE('',#6441,#1242);
#912=LINE('',#6443,#1243);
#913=LINE('',#6445,#1244);
#914=LINE('',#6447,#1245);
#915=LINE('',#6455,#1246);
#916=LINE('',#6457,#1247);
#917=LINE('',#6459,#1248);
#918=LINE('',#6463,#1249);
#919=LINE('',#6467,#1250);
#920=LINE('',#6471,#1251);
#921=LINE('',#6473,#1252);
#922=LINE('',#6477,#1253);
#923=LINE('',#6479,#1254);
#924=LINE('',#6483,#1255);
#925=LINE('',#6504,#1256);
#926=LINE('',#6508,#1257);
#927=LINE('',#6510,#1258);
#928=LINE('',#6514,#1259);
#929=LINE('',#6516,#1260);
#930=LINE('',#6520,#1261);
#931=LINE('',#6522,#1262);
#932=LINE('',#6526,#1263);
#933=LINE('',#6528,#1264);
#934=LINE('',#6532,#1265);
#935=LINE('',#6534,#1266);
#936=LINE('',#6538,#1267);
#937=LINE('',#6540,#1268);
#938=LINE('',#6544,#1269);
#939=LINE('',#6546,#1270);
#940=LINE('',#6550,#1271);
#941=LINE('',#6552,#1272);
#942=LINE('',#6555,#1273);
#943=LINE('',#6562,#1274);
#944=LINE('',#6563,#1275);
#945=LINE('',#6565,#1276);
#946=LINE('',#6566,#1277);
#947=LINE('',#6568,#1278);
#948=LINE('',#6569,#1279);
#949=LINE('',#6571,#1280);
#950=LINE('',#6572,#1281);
#951=LINE('',#6574,#1282);
#952=LINE('',#6575,#1283);
#953=LINE('',#6577,#1284);
#954=LINE('',#6579,#1285);
#955=LINE('',#6581,#1286);
#956=LINE('',#6583,#1287);
#957=LINE('',#6585,#1288);
#958=LINE('',#6588,#1289);
#959=LINE('',#6590,#1290);
#960=LINE('',#6592,#1291);
#961=LINE('',#6594,#1292);
#962=LINE('',#6596,#1293);
#963=LINE('',#6598,#1294);
#964=LINE('',#6601,#1295);
#965=LINE('',#6603,#1296);
#966=LINE('',#6605,#1297);
#967=LINE('',#6607,#1298);
#968=LINE('',#6610,#1299);
#969=LINE('',#6613,#1300);
#970=LINE('',#6615,#1301);
#971=LINE('',#6618,#1302);
#972=LINE('',#6619,#1303);
#973=LINE('',#6621,#1304);
#974=LINE('',#6623,#1305);
#975=LINE('',#6625,#1306);
#976=LINE('',#6627,#1307);
#977=LINE('',#6629,#1308);
#978=LINE('',#6632,#1309);
#979=LINE('',#6633,#1310);
#980=LINE('',#6635,#1311);
#981=LINE('',#6638,#1312);
#982=LINE('',#6640,#1313);
#983=LINE('',#6643,#1314);
#984=LINE('',#6644,#1315);
#985=LINE('',#6646,#1316);
#986=LINE('',#6648,#1317);
#987=LINE('',#6650,#1318);
#988=LINE('',#6652,#1319);
#989=LINE('',#6654,#1320);
#990=LINE('',#6656,#1321);
#991=LINE('',#6658,#1322);
#992=LINE('',#6660,#1323);
#993=LINE('',#6662,#1324);
#994=LINE('',#6664,#1325);
#995=LINE('',#6666,#1326);
#996=LINE('',#6668,#1327);
#997=LINE('',#6670,#1328);
#998=LINE('',#6672,#1329);
#999=LINE('',#6674,#1330);
#1000=LINE('',#6676,#1331);
#1001=LINE('',#6678,#1332);
#1002=LINE('',#6680,#1333);
#1003=LINE('',#6682,#1334);
#1004=LINE('',#6684,#1335);
#1005=LINE('',#6686,#1336);
#1006=LINE('',#6688,#1337);
#1007=LINE('',#6691,#1338);
#1008=LINE('',#6693,#1339);
#1009=LINE('',#6695,#1340);
#1010=LINE('',#6697,#1341);
#1011=LINE('',#6699,#1342);
#1012=LINE('',#6701,#1343);
#1013=LINE('',#6703,#1344);
#1014=LINE('',#6705,#1345);
#1015=LINE('',#6707,#1346);
#1016=LINE('',#6709,#1347);
#1017=LINE('',#6711,#1348);
#1018=LINE('',#6713,#1349);
#1019=LINE('',#6715,#1350);
#1020=LINE('',#6717,#1351);
#1021=LINE('',#6719,#1352);
#1022=LINE('',#6721,#1353);
#1023=LINE('',#6723,#1354);
#1024=LINE('',#6725,#1355);
#1025=LINE('',#6727,#1356);
#1026=VECTOR('',#4339,4.65);
#1027=VECTOR('',#4346,4.65000000000003);
#1028=VECTOR('',#4353,4.65);
#1029=VECTOR('',#4360,4.65);
#1030=VECTOR('',#4367,4.65);
#1031=VECTOR('',#4374,4.65);
#1032=VECTOR('',#4381,4.65);
#1033=VECTOR('',#4388,4.65);
#1034=VECTOR('',#4395,4.65);
#1035=VECTOR('',#4402,4.65);
#1036=VECTOR('',#4409,4.65);
#1037=VECTOR('',#4416,4.65000000000001);
#1038=VECTOR('',#4451,10.);
#1039=VECTOR('',#4452,10.);
#1040=VECTOR('',#4453,10.);
#1041=VECTOR('',#4456,10.);
#1042=VECTOR('',#4459,10.);
#1043=VECTOR('',#4462,10.);
#1044=VECTOR('',#4463,10.);
#1045=VECTOR('',#4466,10.);
#1046=VECTOR('',#4467,10.);
#1047=VECTOR('',#4470,10.);
#1048=VECTOR('',#4473,10.);
#1049=VECTOR('',#4476,10.);
#1050=VECTOR('',#4477,10.);
#1051=VECTOR('',#4478,10.);
#1052=VECTOR('',#4481,10.);
#1053=VECTOR('',#4484,10.);
#1054=VECTOR('',#4487,10.);
#1055=VECTOR('',#4488,10.);
#1056=VECTOR('',#4491,10.);
#1057=VECTOR('',#4492,10.);
#1058=VECTOR('',#4495,10.);
#1059=VECTOR('',#4498,10.);
#1060=VECTOR('',#4501,10.);
#1061=VECTOR('',#4502,10.);
#1062=VECTOR('',#4503,10.);
#1063=VECTOR('',#4510,10.);
#1064=VECTOR('',#4511,10.);
#1065=VECTOR('',#4512,10.);
#1066=VECTOR('',#4513,10.);
#1067=VECTOR('',#4534,10.);
#1068=VECTOR('',#4535,10.);
#1069=VECTOR('',#4536,10.);
#1070=VECTOR('',#4537,10.);
#1071=VECTOR('',#4540,10.);
#1072=VECTOR('',#4541,10.);
#1073=VECTOR('',#4542,10.);
#1074=VECTOR('',#4545,10.);
#1075=VECTOR('',#4546,10.);
#1076=VECTOR('',#4549,10.);
#1077=VECTOR('',#4552,10.);
#1078=VECTOR('',#4553,10.);
#1079=VECTOR('',#4554,10.);
#1080=VECTOR('',#4555,10.);
#1081=VECTOR('',#4560,10.);
#1082=VECTOR('',#4563,10.);
#1083=VECTOR('',#4564,10.);
#1084=VECTOR('',#4565,10.);
#1085=VECTOR('',#4566,10.);
#1086=VECTOR('',#4573,10.);
#1087=VECTOR('',#4574,10.);
#1088=VECTOR('',#4575,10.);
#1089=VECTOR('',#4578,10.);
#1090=VECTOR('',#4581,10.);
#1091=VECTOR('',#4584,10.);
#1092=VECTOR('',#4585,10.);
#1093=VECTOR('',#4588,10.);
#1094=VECTOR('',#4589,10.);
#1095=VECTOR('',#4592,10.);
#1096=VECTOR('',#4595,10.);
#1097=VECTOR('',#4600,10.);
#1098=VECTOR('',#4603,10.);
#1099=VECTOR('',#4604,10.);
#1100=VECTOR('',#4607,10.);
#1101=VECTOR('',#4608,10.);
#1102=VECTOR('',#4611,10.);
#1103=VECTOR('',#4614,10.);
#1104=VECTOR('',#4617,10.);
#1105=VECTOR('',#4618,10.);
#1106=VECTOR('',#4619,10.);
#1107=VECTOR('',#4626,10.);
#1108=VECTOR('',#4627,9.99999999999999);
#1109=VECTOR('',#4628,10.);
#1110=VECTOR('',#4629,10.);
#1111=VECTOR('',#4636,10.);
#1112=VECTOR('',#4637,10.);
#1113=VECTOR('',#4638,10.);
#1114=VECTOR('',#4641,10.);
#1115=VECTOR('',#4644,9.99999999999999);
#1116=VECTOR('',#4647,10.);
#1117=VECTOR('',#4648,10.);
#1118=VECTOR('',#4651,10.);
#1119=VECTOR('',#4652,10.);
#1120=VECTOR('',#4655,10.);
#1121=VECTOR('',#4660,10.);
#1122=VECTOR('',#4663,10.);
#1123=VECTOR('',#4666,10.);
#1124=VECTOR('',#4669,10.);
#1125=VECTOR('',#4670,10.);
#1126=VECTOR('',#4673,10.);
#1127=VECTOR('',#4674,10.);
#1128=VECTOR('',#4677,10.);
#1129=VECTOR('',#4680,10.);
#1130=VECTOR('',#4683,10.);
#1131=VECTOR('',#4684,10.);
#1132=VECTOR('',#4685,10.);
#1133=VECTOR('',#4698,10.);
#1134=VECTOR('',#4699,10.);
#1135=VECTOR('',#4700,10.);
#1136=VECTOR('',#4703,10.);
#1137=VECTOR('',#4704,10.);
#1138=VECTOR('',#4705,10.);
#1139=VECTOR('',#4716,10.);
#1140=VECTOR('',#4721,10.);
#1141=VECTOR('',#4728,10.);
#1142=VECTOR('',#4735,10.);
#1143=VECTOR('',#4744,10.);
#1144=VECTOR('',#4747,10.);
#1145=VECTOR('',#4756,10.);
#1146=VECTOR('',#4761,9.99999999999999);
#1147=VECTOR('',#4764,10.);
#1148=VECTOR('',#4773,10.);
#1149=VECTOR('',#4776,10.);
#1150=VECTOR('',#4791,10.);
#1151=VECTOR('',#4802,10.);
#1152=VECTOR('',#4811,10.);
#1153=VECTOR('',#4814,10.);
#1154=VECTOR('',#4827,10.);
#1155=VECTOR('',#4848,10.);
#1156=VECTOR('',#4859,10.);
#1157=VECTOR('',#4868,10.);
#1158=VECTOR('',#4889,10.);
#1159=VECTOR('',#4900,10.);
#1160=VECTOR('',#4911,9.99999999999999);
#1161=VECTOR('',#4920,10.);
#1162=VECTOR('',#4929,10.);
#1163=VECTOR('',#4940,10.);
#1164=VECTOR('',#4947,10.);
#1165=VECTOR('',#4952,10.);
#1166=VECTOR('',#4953,10.);
#1167=VECTOR('',#4956,10.);
#1168=VECTOR('',#4961,10.);
#1169=VECTOR('',#4962,10.);
#1170=VECTOR('',#4965,10.);
#1171=VECTOR('',#4966,10.);
#1172=VECTOR('',#4969,10.);
#1173=VECTOR('',#4974,10.);
#1174=VECTOR('',#4975,10.);
#1175=VECTOR('',#4978,10.);
#1176=VECTOR('',#4979,10.);
#1177=VECTOR('',#4982,10.);
#1178=VECTOR('',#4987,10.);
#1179=VECTOR('',#4988,9.99999999999999);
#1180=VECTOR('',#4991,10.);
#1181=VECTOR('',#4996,10.);
#1182=VECTOR('',#4997,10.);
#1183=VECTOR('',#5000,10.);
#1184=VECTOR('',#5005,10.);
#1185=VECTOR('',#5006,10.);
#1186=VECTOR('',#5009,10.);
#1187=VECTOR('',#5010,10.);
#1188=VECTOR('',#5013,10.);
#1189=VECTOR('',#5014,10.);
#1190=VECTOR('',#5017,10.);
#1191=VECTOR('',#5022,10.);
#1192=VECTOR('',#5027,10.);
#1193=VECTOR('',#5032,10.);
#1194=VECTOR('',#5033,10.);
#1195=VECTOR('',#5036,10.);
#1196=VECTOR('',#5037,10.);
#1197=VECTOR('',#5040,10.);
#1198=VECTOR('',#5041,9.99999999999999);
#1199=VECTOR('',#5044,10.);
#1200=VECTOR('',#5045,10.);
#1201=VECTOR('',#5048,10.);
#1202=VECTOR('',#5053,10.);
#1203=VECTOR('',#5058,10.);
#1204=VECTOR('',#5063,10.);
#1205=VECTOR('',#5064,10.);
#1206=VECTOR('',#5067,10.);
#1207=VECTOR('',#5068,10.);
#1208=VECTOR('',#5071,10.);
#1209=VECTOR('',#5072,10.);
#1210=VECTOR('',#5075,10.);
#1211=VECTOR('',#5080,10.);
#1212=VECTOR('',#5081,10.);
#1213=VECTOR('',#5084,10.);
#1214=VECTOR('',#5089,10.);
#1215=VECTOR('',#5090,10.);
#1216=VECTOR('',#5093,10.);
#1217=VECTOR('',#5098,10.);
#1218=VECTOR('',#5099,10.);
#1219=VECTOR('',#5102,10.);
#1220=VECTOR('',#5103,10.);
#1221=VECTOR('',#5106,10.);
#1222=VECTOR('',#5111,10.);
#1223=VECTOR('',#5112,10.);
#1224=VECTOR('',#5115,10.);
#1225=VECTOR('',#5116,10.);
#1226=VECTOR('',#5119,10.);
#1227=VECTOR('',#5124,10.);
#1228=VECTOR('',#5125,10.);
#1229=VECTOR('',#5128,10.);
#1230=VECTOR('',#5133,10.);
#1231=VECTOR('',#5142,2.49999999999999);
#1232=VECTOR('',#5151,10.);
#1233=VECTOR('',#5154,10.);
#1234=VECTOR('',#5155,10.);
#1235=VECTOR('',#5158,10.);
#1236=VECTOR('',#5159,10.);
#1237=VECTOR('',#5162,9.99999999999999);
#1238=VECTOR('',#5165,10.);
#1239=VECTOR('',#5168,10.);
#1240=VECTOR('',#5169,10.);
#1241=VECTOR('',#5170,10.);
#1242=VECTOR('',#5177,10.);
#1243=VECTOR('',#5178,10.);
#1244=VECTOR('',#5179,9.99999999999999);
#1245=VECTOR('',#5180,10.);
#1246=VECTOR('',#5187,10.);
#1247=VECTOR('',#5188,10.);
#1248=VECTOR('',#5189,10.);
#1249=VECTOR('',#5192,10.);
#1250=VECTOR('',#5195,10.);
#1251=VECTOR('',#5198,10.);
#1252=VECTOR('',#5199,10.);
#1253=VECTOR('',#5202,10.);
#1254=VECTOR('',#5203,10.);
#1255=VECTOR('',#5206,10.);
#1256=VECTOR('',#5229,1.99999999999999);
#1257=VECTOR('',#5234,1.59999999999999);
#1258=VECTOR('',#5237,1.09999999999999);
#1259=VECTOR('',#5242,1.6);
#1260=VECTOR('',#5245,1.09999999999999);
#1261=VECTOR('',#5250,1.6);
#1262=VECTOR('',#5253,1.09999999999999);
#1263=VECTOR('',#5258,1.6);
#1264=VECTOR('',#5261,1.09999999999999);
#1265=VECTOR('',#5266,1.59999999999999);
#1266=VECTOR('',#5269,1.09999999999999);
#1267=VECTOR('',#5274,1.59999999999999);
#1268=VECTOR('',#5277,1.09999999999999);
#1269=VECTOR('',#5282,1.6);
#1270=VECTOR('',#5285,1.1);
#1271=VECTOR('',#5290,1.6);
#1272=VECTOR('',#5293,1.1);
#1273=VECTOR('',#5298,10.);
#1274=VECTOR('',#5303,10.);
#1275=VECTOR('',#5304,10.);
#1276=VECTOR('',#5307,10.);
#1277=VECTOR('',#5308,10.);
#1278=VECTOR('',#5311,10.);
#1279=VECTOR('',#5312,10.);
#1280=VECTOR('',#5315,10.);
#1281=VECTOR('',#5316,10.);
#1282=VECTOR('',#5319,10.);
#1283=VECTOR('',#5320,10.);
#1284=VECTOR('',#5323,10.);
#1285=VECTOR('',#5326,10.);
#1286=VECTOR('',#5329,10.);
#1287=VECTOR('',#5332,10.);
#1288=VECTOR('',#5335,10.);
#1289=VECTOR('',#5340,10.);
#1290=VECTOR('',#5343,10.);
#1291=VECTOR('',#5346,10.);
#1292=VECTOR('',#5349,10.);
#1293=VECTOR('',#5352,10.);
#1294=VECTOR('',#5355,10.);
#1295=VECTOR('',#5360,10.);
#1296=VECTOR('',#5363,10.);
#1297=VECTOR('',#5366,10.);
#1298=VECTOR('',#5369,10.);
#1299=VECTOR('',#5374,10.);
#1300=VECTOR('',#5379,10.);
#1301=VECTOR('',#5382,10.);
#1302=VECTOR('',#5387,10.);
#1303=VECTOR('',#5388,10.);
#1304=VECTOR('',#5391,10.);
#1305=VECTOR('',#5394,10.);
#1306=VECTOR('',#5397,10.);
#1307=VECTOR('',#5400,10.);
#1308=VECTOR('',#5403,10.);
#1309=VECTOR('',#5408,10.);
#1310=VECTOR('',#5409,10.);
#1311=VECTOR('',#5412,10.);
#1312=VECTOR('',#5417,10.);
#1313=VECTOR('',#5420,10.);
#1314=VECTOR('',#5425,10.);
#1315=VECTOR('',#5426,10.);
#1316=VECTOR('',#5429,10.);
#1317=VECTOR('',#5432,10.);
#1318=VECTOR('',#5435,10.);
#1319=VECTOR('',#5438,10.);
#1320=VECTOR('',#5441,10.);
#1321=VECTOR('',#5444,10.);
#1322=VECTOR('',#5447,10.);
#1323=VECTOR('',#5450,10.);
#1324=VECTOR('',#5453,10.);
#1325=VECTOR('',#5456,10.);
#1326=VECTOR('',#5459,10.);
#1327=VECTOR('',#5462,10.);
#1328=VECTOR('',#5465,10.);
#1329=VECTOR('',#5468,10.);
#1330=VECTOR('',#5471,10.);
#1331=VECTOR('',#5474,10.);
#1332=VECTOR('',#5477,10.);
#1333=VECTOR('',#5480,10.);
#1334=VECTOR('',#5483,10.);
#1335=VECTOR('',#5486,10.);
#1336=VECTOR('',#5489,10.);
#1337=VECTOR('',#5492,10.);
#1338=VECTOR('',#5497,10.);
#1339=VECTOR('',#5500,10.);
#1340=VECTOR('',#5503,10.);
#1341=VECTOR('',#5506,10.);
#1342=VECTOR('',#5509,10.);
#1343=VECTOR('',#5512,10.);
#1344=VECTOR('',#5515,10.);
#1345=VECTOR('',#5518,10.);
#1346=VECTOR('',#5521,10.);
#1347=VECTOR('',#5524,10.);
#1348=VECTOR('',#5527,10.);
#1349=VECTOR('',#5530,10.);
#1350=VECTOR('',#5533,10.);
#1351=VECTOR('',#5536,10.);
#1352=VECTOR('',#5539,10.);
#1353=VECTOR('',#5542,10.);
#1354=VECTOR('',#5545,10.);
#1355=VECTOR('',#5548,10.);
#1356=VECTOR('',#5551,10.);
#1357=CIRCLE('',#3890,4.65);
#1358=CIRCLE('',#3891,4.65);
#1359=CIRCLE('',#3893,4.65000000000003);
#1360=CIRCLE('',#3894,4.65000000000003);
#1361=CIRCLE('',#3896,4.65);
#1362=CIRCLE('',#3897,4.65);
#1363=CIRCLE('',#3899,4.65);
#1364=CIRCLE('',#3900,4.65);
#1365=CIRCLE('',#3902,4.65);
#1366=CIRCLE('',#3903,4.65);
#1367=CIRCLE('',#3905,4.65);
#1368=CIRCLE('',#3906,4.65);
#1369=CIRCLE('',#3908,4.65);
#1370=CIRCLE('',#3909,4.65);
#1371=CIRCLE('',#3911,4.65);
#1372=CIRCLE('',#3912,4.65);
#1373=CIRCLE('',#3914,4.65);
#1374=CIRCLE('',#3915,4.65);
#1375=CIRCLE('',#3917,4.65);
#1376=CIRCLE('',#3918,4.65);
#1377=CIRCLE('',#3920,4.65);
#1378=CIRCLE('',#3921,4.65);
#1379=CIRCLE('',#3923,4.65000000000001);
#1380=CIRCLE('',#3924,4.65000000000001);
#1381=CIRCLE('',#3938,2.25000000270544);
#1382=CIRCLE('',#3939,108.792313);
#1383=CIRCLE('',#3940,2.2500000455414);
#1384=CIRCLE('',#3941,2.25000000000001);
#1385=CIRCLE('',#3942,2.24999989073204);
#1386=CIRCLE('',#3943,2.24999998975884);
#1387=CIRCLE('',#3944,2.24999991436779);
#1388=CIRCLE('',#3945,2.24999994439998);
#1389=CIRCLE('',#3946,2.25000004099256);
#1390=CIRCLE('',#3947,263.25);
#1391=CIRCLE('',#3948,263.25);
#1392=CIRCLE('',#3949,2.24999997028186);
#1393=CIRCLE('',#3950,2.24999997028188);
#1394=CIRCLE('',#3951,2.25000001218255);
#1395=CIRCLE('',#3952,2.25);
#1396=CIRCLE('',#3953,2.25000000367617);
#1397=CIRCLE('',#3954,2.24999989073203);
#1398=CIRCLE('',#3955,2.25000000131645);
#1399=CIRCLE('',#3956,108.792313);
#1400=CIRCLE('',#3957,2.25000001852799);
#1401=CIRCLE('',#3958,1.1);
#1402=CIRCLE('',#3959,1.09999999999999);
#1403=CIRCLE('',#3960,1.09999999999999);
#1404=CIRCLE('',#3961,1.09999999999999);
#1405=CIRCLE('',#3962,1.1);
#1406=CIRCLE('',#3963,1.09999999999999);
#1407=CIRCLE('',#3964,1.09999999999999);
#1408=CIRCLE('',#3965,1.09999999999999);
#1409=CIRCLE('',#3966,1.99999999999999);
#1410=CIRCLE('',#3970,263.25);
#1411=CIRCLE('',#3973,263.25);
#1412=CIRCLE('',#3975,2.25000001852799);
#1413=CIRCLE('',#3976,108.792313);
#1414=CIRCLE('',#3977,2.25000000131645);
#1415=CIRCLE('',#3978,2.24999989073203);
#1416=CIRCLE('',#3979,2.25000000367617);
#1417=CIRCLE('',#3980,2.25);
#1418=CIRCLE('',#3981,2.25000001218255);
#1419=CIRCLE('',#3982,2.24999997028188);
#1420=CIRCLE('',#3983,2.24999997028186);
#1421=CIRCLE('',#3984,262.25);
#1422=CIRCLE('',#3985,3.24999997028233);
#1423=CIRCLE('',#3986,3.24999997028188);
#1424=CIRCLE('',#3987,3.25000001218256);
#1425=CIRCLE('',#3988,3.25);
#1426=CIRCLE('',#3989,3.25000000367617);
#1427=CIRCLE('',#3990,3.24999989073204);
#1428=CIRCLE('',#3991,3.25000001900953);
#1429=CIRCLE('',#3992,107.792313);
#1430=CIRCLE('',#3993,3.250000018528);
#1431=CIRCLE('',#3994,3.25);
#1432=CIRCLE('',#3995,107.792313);
#1433=CIRCLE('',#3996,3.25000004554143);
#1434=CIRCLE('',#3997,3.25);
#1435=CIRCLE('',#3998,3.24999989073205);
#1436=CIRCLE('',#3999,3.24999998975882);
#1437=CIRCLE('',#4000,3.24999991436778);
#1438=CIRCLE('',#4001,3.24999994439995);
#1439=CIRCLE('',#4002,3.25000004099256);
#1440=CIRCLE('',#4003,262.25);
#1441=CIRCLE('',#4004,263.25);
#1442=CIRCLE('',#4005,2.25000004099256);
#1443=CIRCLE('',#4006,2.24999994439998);
#1444=CIRCLE('',#4007,2.24999991436779);
#1445=CIRCLE('',#4008,2.24999998975884);
#1446=CIRCLE('',#4009,2.24999989073204);
#1447=CIRCLE('',#4010,2.25000000000001);
#1448=CIRCLE('',#4011,2.2500000455414);
#1449=CIRCLE('',#4012,108.792313);
#1450=CIRCLE('',#4013,2.25000000270544);
#1451=CIRCLE('',#4015,259.25);
#1452=CIRCLE('',#4019,259.25);
#1453=CIRCLE('',#4020,261.25);
#1454=CIRCLE('',#4022,259.25);
#1455=CIRCLE('',#4025,2.99999999999999);
#1456=CIRCLE('',#4028,2.99999999999999);
#1457=CIRCLE('',#4031,3.);
#1458=CIRCLE('',#4034,3.00000002022672);
#1459=CIRCLE('',#4036,3.);
#1460=CIRCLE('',#4041,3.00000000104118);
#1461=CIRCLE('',#4043,2.99999999999999);
#1462=CIRCLE('',#4044,3.00000001815064);
#1463=CIRCLE('',#4048,3.00000000000001);
#1464=CIRCLE('',#4051,3.);
#1465=CIRCLE('',#4052,6.25);
#1466=CIRCLE('',#4054,3.00000000000001);
#1467=CIRCLE('',#4056,2.99999999999999);
#1468=CIRCLE('',#4057,6.25000000367617);
#1469=CIRCLE('',#4059,3.);
#1470=CIRCLE('',#4061,3.00000000000001);
#1471=CIRCLE('',#4062,6.24999989073204);
#1472=CIRCLE('',#4065,3.00000000000001);
#1473=CIRCLE('',#4068,3.00000000000001);
#1474=CIRCLE('',#4069,6.25000001218256);
#1475=CIRCLE('',#4072,3.0000000265319);
#1476=CIRCLE('',#4073,6.25000001900953);
#1477=CIRCLE('',#4075,3.00000000000001);
#1478=CIRCLE('',#4076,104.792313);
#1479=CIRCLE('',#4078,3.);
#1480=CIRCLE('',#4079,6.250000018528);
#1481=CIRCLE('',#4082,6.24999997028234);
#1482=CIRCLE('',#4083,2.99999999999953);
#1483=CIRCLE('',#4085,3.);
#1484=CIRCLE('',#4087,3.);
#1485=CIRCLE('',#4088,6.24999997028188);
#1486=CIRCLE('',#4091,3.00000001852801);
#1487=CIRCLE('',#4092,6.25000000000001);
#1488=CIRCLE('',#4094,3.00000000000002);
#1489=CIRCLE('',#4095,104.792313);
#1490=CIRCLE('',#4097,2.99999999999999);
#1491=CIRCLE('',#4098,6.25000004554143);
#1492=CIRCLE('',#4101,3.00000000000001);
#1493=CIRCLE('',#4102,6.25);
#1494=CIRCLE('',#4104,3.);
#1495=CIRCLE('',#4106,3.00000000000004);
#1496=CIRCLE('',#4107,6.24999989073205);
#1497=CIRCLE('',#4109,3.);
#1498=CIRCLE('',#4111,2.99999999999999);
#1499=CIRCLE('',#4112,6.24999998975882);
#1500=CIRCLE('',#4115,3.00000000000003);
#1501=CIRCLE('',#4116,6.24999991436778);
#1502=CIRCLE('',#4119,3.00000000000004);
#1503=CIRCLE('',#4120,6.24999994439995);
#1504=CIRCLE('',#4122,3.);
#1505=CIRCLE('',#4124,6.25000004099256);
#1506=CIRCLE('',#4126,6.25000004099256);
#1507=CIRCLE('',#4129,6.24999994439995);
#1508=CIRCLE('',#4133,6.24999991436778);
#1509=CIRCLE('',#4137,6.24999998975882);
#1510=CIRCLE('',#4140,6.24999989073205);
#1511=CIRCLE('',#4143,6.25);
#1512=CIRCLE('',#4148,6.25000004554143);
#1513=CIRCLE('',#4150,104.792313);
#1514=CIRCLE('',#4152,6.25);
#1515=CIRCLE('',#4158,6.250000018528);
#1516=CIRCLE('',#4160,104.792313);
#1517=CIRCLE('',#4162,6.25000001900953);
#1518=CIRCLE('',#4167,6.24999989073204);
#1519=CIRCLE('',#4170,6.25000000367617);
#1520=CIRCLE('',#4173,6.25);
#1521=CIRCLE('',#4177,6.25000001218256);
#1522=CIRCLE('',#4181,6.24999997028188);
#1523=CIRCLE('',#4184,6.24999997028233);
#1524=CIRCLE('',#4187,259.25);
#1525=CIRCLE('',#4189,1.99999999999999);
#1526=CIRCLE('',#4190,2.99999999999999);
#1527=CIRCLE('',#4192,263.25);
#1528=CIRCLE('',#4193,4.25000004099257);
#1529=CIRCLE('',#4194,4.24999994439996);
#1530=CIRCLE('',#4195,4.24999991436778);
#1531=CIRCLE('',#4196,4.24999998975882);
#1532=CIRCLE('',#4197,4.24999989073204);
#1533=CIRCLE('',#4198,4.25);
#1534=CIRCLE('',#4199,4.25000004554142);
#1535=CIRCLE('',#4200,106.792313);
#1536=CIRCLE('',#4201,4.25000000000001);
#1537=CIRCLE('',#4202,4.25000001852801);
#1538=CIRCLE('',#4203,106.792313);
#1539=CIRCLE('',#4204,4.25000001900954);
#1540=CIRCLE('',#4205,4.24999989073205);
#1541=CIRCLE('',#4206,4.25000000367618);
#1542=CIRCLE('',#4207,4.25000000000001);
#1543=CIRCLE('',#4208,4.25000001218255);
#1544=CIRCLE('',#4209,4.24999997028188);
#1545=CIRCLE('',#4210,4.24999997028234);
#1546=CIRCLE('',#4211,261.25);
#1547=CIRCLE('',#4212,2.09999999999999);
#1548=CIRCLE('',#4213,2.10000000000001);
#1549=CIRCLE('',#4214,2.09999999999999);
#1550=CIRCLE('',#4215,2.1);
#1551=CIRCLE('',#4216,2.1);
#1552=CIRCLE('',#4217,2.09999999999999);
#1553=CIRCLE('',#4218,2.10000000000001);
#1554=CIRCLE('',#4219,2.10000000000001);
#1555=CIRCLE('',#4222,1.09999999999999);
#1556=CIRCLE('',#4225,1.09999999999999);
#1557=CIRCLE('',#4228,1.09999999999999);
#1558=CIRCLE('',#4231,1.09999999999999);
#1559=CIRCLE('',#4234,1.09999999999999);
#1560=CIRCLE('',#4237,1.09999999999999);
#1561=CIRCLE('',#4240,1.1);
#1562=CIRCLE('',#4243,1.1);
#1563=VERTEX_POINT('',#5556);
#1564=VERTEX_POINT('',#5558);
#1565=VERTEX_POINT('',#5562);
#1566=VERTEX_POINT('',#5564);
#1567=VERTEX_POINT('',#5568);
#1568=VERTEX_POINT('',#5570);
#1569=VERTEX_POINT('',#5574);
#1570=VERTEX_POINT('',#5576);
#1571=VERTEX_POINT('',#5580);
#1572=VERTEX_POINT('',#5582);
#1573=VERTEX_POINT('',#5586);
#1574=VERTEX_POINT('',#5588);
#1575=VERTEX_POINT('',#5592);
#1576=VERTEX_POINT('',#5594);
#1577=VERTEX_POINT('',#5598);
#1578=VERTEX_POINT('',#5600);
#1579=VERTEX_POINT('',#5604);
#1580=VERTEX_POINT('',#5606);
#1581=VERTEX_POINT('',#5610);
#1582=VERTEX_POINT('',#5612);
#1583=VERTEX_POINT('',#5616);
#1584=VERTEX_POINT('',#5618);
#1585=VERTEX_POINT('',#5622);
#1586=VERTEX_POINT('',#5624);
#1587=VERTEX_POINT('',#5640);
#1588=VERTEX_POINT('',#5641);
#1589=VERTEX_POINT('',#5643);
#1590=VERTEX_POINT('',#5645);
#1591=VERTEX_POINT('',#5647);
#1592=VERTEX_POINT('',#5649);
#1593=VERTEX_POINT('',#5651);
#1594=VERTEX_POINT('',#5653);
#1595=VERTEX_POINT('',#5655);
#1596=VERTEX_POINT('',#5657);
#1597=VERTEX_POINT('',#5659);
#1598=VERTEX_POINT('',#5661);
#1599=VERTEX_POINT('',#5663);
#1600=VERTEX_POINT('',#5665);
#1601=VERTEX_POINT('',#5667);
#1602=VERTEX_POINT('',#5669);
#1603=VERTEX_POINT('',#5671);
#1604=VERTEX_POINT('',#5673);
#1605=VERTEX_POINT('',#5675);
#1606=VERTEX_POINT('',#5677);
#1607=VERTEX_POINT('',#5679);
#1608=VERTEX_POINT('',#5681);
#1609=VERTEX_POINT('',#5683);
#1610=VERTEX_POINT('',#5685);
#1611=VERTEX_POINT('',#5687);
#1612=VERTEX_POINT('',#5689);
#1613=VERTEX_POINT('',#5691);
#1614=VERTEX_POINT('',#5693);
#1615=VERTEX_POINT('',#5695);
#1616=VERTEX_POINT('',#5697);
#1617=VERTEX_POINT('',#5699);
#1618=VERTEX_POINT('',#5701);
#1619=VERTEX_POINT('',#5703);
#1620=VERTEX_POINT('',#5705);
#1621=VERTEX_POINT('',#5707);
#1622=VERTEX_POINT('',#5709);
#1623=VERTEX_POINT('',#5711);
#1624=VERTEX_POINT('',#5713);
#1625=VERTEX_POINT('',#5715);
#1626=VERTEX_POINT('',#5717);
#1627=VERTEX_POINT('',#5719);
#1628=VERTEX_POINT('',#5721);
#1629=VERTEX_POINT('',#5723);
#1630=VERTEX_POINT('',#5725);
#1631=VERTEX_POINT('',#5727);
#1632=VERTEX_POINT('',#5729);
#1633=VERTEX_POINT('',#5731);
#1634=VERTEX_POINT('',#5733);
#1635=VERTEX_POINT('',#5735);
#1636=VERTEX_POINT('',#5738);
#1637=VERTEX_POINT('',#5740);
#1638=VERTEX_POINT('',#5742);
#1639=VERTEX_POINT('',#5744);
#1640=VERTEX_POINT('',#5746);
#1641=VERTEX_POINT('',#5748);
#1642=VERTEX_POINT('',#5750);
#1643=VERTEX_POINT('',#5752);
#1644=VERTEX_POINT('',#5754);
#1645=VERTEX_POINT('',#5757);
#1646=VERTEX_POINT('',#5758);
#1647=VERTEX_POINT('',#5760);
#1648=VERTEX_POINT('',#5762);
#1649=VERTEX_POINT('',#5766);
#1650=VERTEX_POINT('',#5768);
#1651=VERTEX_POINT('',#5772);
#1652=VERTEX_POINT('',#5774);
#1653=VERTEX_POINT('',#5779);
#1654=VERTEX_POINT('',#5780);
#1655=VERTEX_POINT('',#5791);
#1656=VERTEX_POINT('',#5794);
#1657=VERTEX_POINT('',#5796);
#1658=VERTEX_POINT('',#5802);
#1659=VERTEX_POINT('',#5806);
#1660=VERTEX_POINT('',#5807);
#1661=VERTEX_POINT('',#5809);
#1662=VERTEX_POINT('',#5811);
#1663=VERTEX_POINT('',#5813);
#1664=VERTEX_POINT('',#5815);
#1665=VERTEX_POINT('',#5817);
#1666=VERTEX_POINT('',#5819);
#1667=VERTEX_POINT('',#5821);
#1668=VERTEX_POINT('',#5823);
#1669=VERTEX_POINT('',#5825);
#1670=VERTEX_POINT('',#5827);
#1671=VERTEX_POINT('',#5829);
#1672=VERTEX_POINT('',#5831);
#1673=VERTEX_POINT('',#5833);
#1674=VERTEX_POINT('',#5835);
#1675=VERTEX_POINT('',#5837);
#1676=VERTEX_POINT('',#5839);
#1677=VERTEX_POINT('',#5841);
#1678=VERTEX_POINT('',#5843);
#1679=VERTEX_POINT('',#5845);
#1680=VERTEX_POINT('',#5847);
#1681=VERTEX_POINT('',#5849);
#1682=VERTEX_POINT('',#5851);
#1683=VERTEX_POINT('',#5854);
#1684=VERTEX_POINT('',#5856);
#1685=VERTEX_POINT('',#5858);
#1686=VERTEX_POINT('',#5860);
#1687=VERTEX_POINT('',#5862);
#1688=VERTEX_POINT('',#5864);
#1689=VERTEX_POINT('',#5866);
#1690=VERTEX_POINT('',#5868);
#1691=VERTEX_POINT('',#5870);
#1692=VERTEX_POINT('',#5872);
#1693=VERTEX_POINT('',#5874);
#1694=VERTEX_POINT('',#5876);
#1695=VERTEX_POINT('',#5878);
#1696=VERTEX_POINT('',#5880);
#1697=VERTEX_POINT('',#5882);
#1698=VERTEX_POINT('',#5884);
#1699=VERTEX_POINT('',#5886);
#1700=VERTEX_POINT('',#5888);
#1701=VERTEX_POINT('',#5890);
#1702=VERTEX_POINT('',#5892);
#1703=VERTEX_POINT('',#5894);
#1704=VERTEX_POINT('',#5896);
#1705=VERTEX_POINT('',#5898);
#1706=VERTEX_POINT('',#5900);
#1707=VERTEX_POINT('',#5902);
#1708=VERTEX_POINT('',#5904);
#1709=VERTEX_POINT('',#5906);
#1710=VERTEX_POINT('',#5908);
#1711=VERTEX_POINT('',#5910);
#1712=VERTEX_POINT('',#5912);
#1713=VERTEX_POINT('',#5914);
#1714=VERTEX_POINT('',#5916);
#1715=VERTEX_POINT('',#5918);
#1716=VERTEX_POINT('',#5920);
#1717=VERTEX_POINT('',#5922);
#1718=VERTEX_POINT('',#5924);
#1719=VERTEX_POINT('',#5926);
#1720=VERTEX_POINT('',#5928);
#1721=VERTEX_POINT('',#5930);
#1722=VERTEX_POINT('',#5932);
#1723=VERTEX_POINT('',#5934);
#1724=VERTEX_POINT('',#5936);
#1725=VERTEX_POINT('',#5938);
#1726=VERTEX_POINT('',#5940);
#1727=VERTEX_POINT('',#5942);
#1728=VERTEX_POINT('',#5944);
#1729=VERTEX_POINT('',#5946);
#1730=VERTEX_POINT('',#5948);
#1731=VERTEX_POINT('',#5950);
#1732=VERTEX_POINT('',#5952);
#1733=VERTEX_POINT('',#5954);
#1734=VERTEX_POINT('',#5956);
#1735=VERTEX_POINT('',#5958);
#1736=VERTEX_POINT('',#5960);
#1737=VERTEX_POINT('',#5962);
#1738=VERTEX_POINT('',#5964);
#1739=VERTEX_POINT('',#5966);
#1740=VERTEX_POINT('',#5968);
#1741=VERTEX_POINT('',#5970);
#1742=VERTEX_POINT('',#5972);
#1743=VERTEX_POINT('',#5974);
#1744=VERTEX_POINT('',#5976);
#1745=VERTEX_POINT('',#5978);
#1746=VERTEX_POINT('',#5980);
#1747=VERTEX_POINT('',#5982);
#1748=VERTEX_POINT('',#5986);
#1749=VERTEX_POINT('',#6003);
#1750=VERTEX_POINT('',#6005);
#1751=VERTEX_POINT('',#6009);
#1752=VERTEX_POINT('',#6020);
#1753=VERTEX_POINT('',#6022);
#1754=VERTEX_POINT('',#6029);
#1755=VERTEX_POINT('',#6031);
#1756=VERTEX_POINT('',#6038);
#1757=VERTEX_POINT('',#6057);
#1758=VERTEX_POINT('',#6058);
#1759=VERTEX_POINT('',#6063);
#1760=VERTEX_POINT('',#6064);
#1761=VERTEX_POINT('',#6069);
#1762=VERTEX_POINT('',#6070);
#1763=VERTEX_POINT('',#6075);
#1764=VERTEX_POINT('',#6079);
#1765=VERTEX_POINT('',#6080);
#1766=VERTEX_POINT('',#6085);
#1767=VERTEX_POINT('',#6089);
#1768=VERTEX_POINT('',#6093);
#1769=VERTEX_POINT('',#6094);
#1770=VERTEX_POINT('',#6099);
#1771=VERTEX_POINT('',#6103);
#1772=VERTEX_POINT('',#6104);
#1773=VERTEX_POINT('',#6109);
#1774=VERTEX_POINT('',#6113);
#1775=VERTEX_POINT('',#6117);
#1776=VERTEX_POINT('',#6121);
#1777=VERTEX_POINT('',#6125);
#1778=VERTEX_POINT('',#6131);
#1779=VERTEX_POINT('',#6132);
#1780=VERTEX_POINT('',#6137);
#1781=VERTEX_POINT('',#6143);
#1782=VERTEX_POINT('',#6147);
#1783=VERTEX_POINT('',#6151);
#1784=VERTEX_POINT('',#6157);
#1785=VERTEX_POINT('',#6161);
#1786=VERTEX_POINT('',#6165);
#1787=VERTEX_POINT('',#6171);
#1788=VERTEX_POINT('',#6175);
#1789=VERTEX_POINT('',#6179);
#1790=VERTEX_POINT('',#6185);
#1791=VERTEX_POINT('',#6189);
#1792=VERTEX_POINT('',#6193);
#1793=VERTEX_POINT('',#6197);
#1794=VERTEX_POINT('',#6201);
#1795=VERTEX_POINT('',#6207);
#1796=VERTEX_POINT('',#6213);
#1797=VERTEX_POINT('',#6217);
#1798=VERTEX_POINT('',#6223);
#1799=VERTEX_POINT('',#6227);
#1800=VERTEX_POINT('',#6231);
#1801=VERTEX_POINT('',#6235);
#1802=VERTEX_POINT('',#6239);
#1803=VERTEX_POINT('',#6243);
#1804=VERTEX_POINT('',#6247);
#1805=VERTEX_POINT('',#6251);
#1806=VERTEX_POINT('',#6255);
#1807=VERTEX_POINT('',#6259);
#1808=VERTEX_POINT('',#6263);
#1809=VERTEX_POINT('',#6267);
#1810=VERTEX_POINT('',#6271);
#1811=VERTEX_POINT('',#6275);
#1812=VERTEX_POINT('',#6279);
#1813=VERTEX_POINT('',#6283);
#1814=VERTEX_POINT('',#6287);
#1815=VERTEX_POINT('',#6291);
#1816=VERTEX_POINT('',#6295);
#1817=VERTEX_POINT('',#6299);
#1818=VERTEX_POINT('',#6303);
#1819=VERTEX_POINT('',#6307);
#1820=VERTEX_POINT('',#6311);
#1821=VERTEX_POINT('',#6315);
#1822=VERTEX_POINT('',#6319);
#1823=VERTEX_POINT('',#6323);
#1824=VERTEX_POINT('',#6327);
#1825=VERTEX_POINT('',#6331);
#1826=VERTEX_POINT('',#6335);
#1827=VERTEX_POINT('',#6339);
#1828=VERTEX_POINT('',#6343);
#1829=VERTEX_POINT('',#6347);
#1830=VERTEX_POINT('',#6351);
#1831=VERTEX_POINT('',#6355);
#1832=VERTEX_POINT('',#6359);
#1833=VERTEX_POINT('',#6363);
#1834=VERTEX_POINT('',#6367);
#1835=VERTEX_POINT('',#6371);
#1836=VERTEX_POINT('',#6375);
#1837=VERTEX_POINT('',#6379);
#1838=VERTEX_POINT('',#6383);
#1839=VERTEX_POINT('',#6387);
#1840=VERTEX_POINT('',#6395);
#1841=VERTEX_POINT('',#6397);
#1842=VERTEX_POINT('',#6402);
#1843=VERTEX_POINT('',#6404);
#1844=VERTEX_POINT('',#6406);
#1845=VERTEX_POINT('',#6408);
#1846=VERTEX_POINT('',#6410);
#1847=VERTEX_POINT('',#6412);
#1848=VERTEX_POINT('',#6414);
#1849=VERTEX_POINT('',#6416);
#1850=VERTEX_POINT('',#6418);
#1851=VERTEX_POINT('',#6420);
#1852=VERTEX_POINT('',#6422);
#1853=VERTEX_POINT('',#6424);
#1854=VERTEX_POINT('',#6426);
#1855=VERTEX_POINT('',#6428);
#1856=VERTEX_POINT('',#6430);
#1857=VERTEX_POINT('',#6432);
#1858=VERTEX_POINT('',#6434);
#1859=VERTEX_POINT('',#6436);
#1860=VERTEX_POINT('',#6438);
#1861=VERTEX_POINT('',#6440);
#1862=VERTEX_POINT('',#6442);
#1863=VERTEX_POINT('',#6444);
#1864=VERTEX_POINT('',#6446);
#1865=VERTEX_POINT('',#6448);
#1866=VERTEX_POINT('',#6450);
#1867=VERTEX_POINT('',#6452);
#1868=VERTEX_POINT('',#6454);
#1869=VERTEX_POINT('',#6456);
#1870=VERTEX_POINT('',#6458);
#1871=VERTEX_POINT('',#6460);
#1872=VERTEX_POINT('',#6462);
#1873=VERTEX_POINT('',#6464);
#1874=VERTEX_POINT('',#6466);
#1875=VERTEX_POINT('',#6468);
#1876=VERTEX_POINT('',#6470);
#1877=VERTEX_POINT('',#6472);
#1878=VERTEX_POINT('',#6474);
#1879=VERTEX_POINT('',#6476);
#1880=VERTEX_POINT('',#6478);
#1881=VERTEX_POINT('',#6480);
#1882=VERTEX_POINT('',#6482);
#1883=VERTEX_POINT('',#6484);
#1884=VERTEX_POINT('',#6487);
#1885=VERTEX_POINT('',#6489);
#1886=VERTEX_POINT('',#6491);
#1887=VERTEX_POINT('',#6493);
#1888=VERTEX_POINT('',#6495);
#1889=VERTEX_POINT('',#6497);
#1890=VERTEX_POINT('',#6499);
#1891=VERTEX_POINT('',#6501);
#1892=VERTEX_POINT('',#6506);
#1893=VERTEX_POINT('',#6512);
#1894=VERTEX_POINT('',#6518);
#1895=VERTEX_POINT('',#6524);
#1896=VERTEX_POINT('',#6530);
#1897=VERTEX_POINT('',#6536);
#1898=VERTEX_POINT('',#6542);
#1899=VERTEX_POINT('',#6548);
#1900=EDGE_CURVE('',#1563,#1563,#1357,.T.);
#1901=EDGE_CURVE('',#1563,#1564,#695,.T.);
#1902=EDGE_CURVE('',#1564,#1564,#1358,.T.);
#1903=EDGE_CURVE('',#1565,#1565,#1359,.T.);
#1904=EDGE_CURVE('',#1565,#1566,#696,.T.);
#1905=EDGE_CURVE('',#1566,#1566,#1360,.T.);
#1906=EDGE_CURVE('',#1567,#1567,#1361,.T.);
#1907=EDGE_CURVE('',#1567,#1568,#697,.T.);
#1908=EDGE_CURVE('',#1568,#1568,#1362,.T.);
#1909=EDGE_CURVE('',#1569,#1569,#1363,.T.);
#1910=EDGE_CURVE('',#1569,#1570,#698,.T.);
#1911=EDGE_CURVE('',#1570,#1570,#1364,.T.);
#1912=EDGE_CURVE('',#1571,#1571,#1365,.T.);
#1913=EDGE_CURVE('',#1571,#1572,#699,.T.);
#1914=EDGE_CURVE('',#1572,#1572,#1366,.T.);
#1915=EDGE_CURVE('',#1573,#1573,#1367,.T.);
#1916=EDGE_CURVE('',#1573,#1574,#700,.T.);
#1917=EDGE_CURVE('',#1574,#1574,#1368,.T.);
#1918=EDGE_CURVE('',#1575,#1575,#1369,.T.);
#1919=EDGE_CURVE('',#1575,#1576,#701,.T.);
#1920=EDGE_CURVE('',#1576,#1576,#1370,.T.);
#1921=EDGE_CURVE('',#1577,#1577,#1371,.T.);
#1922=EDGE_CURVE('',#1577,#1578,#702,.T.);
#1923=EDGE_CURVE('',#1578,#1578,#1372,.T.);
#1924=EDGE_CURVE('',#1579,#1579,#1373,.T.);
#1925=EDGE_CURVE('',#1579,#1580,#703,.T.);
#1926=EDGE_CURVE('',#1580,#1580,#1374,.T.);
#1927=EDGE_CURVE('',#1581,#1581,#1375,.T.);
#1928=EDGE_CURVE('',#1581,#1582,#704,.T.);
#1929=EDGE_CURVE('',#1582,#1582,#1376,.T.);
#1930=EDGE_CURVE('',#1583,#1583,#1377,.T.);
#1931=EDGE_CURVE('',#1583,#1584,#705,.T.);
#1932=EDGE_CURVE('',#1584,#1584,#1378,.T.);
#1933=EDGE_CURVE('',#1585,#1585,#1379,.T.);
#1934=EDGE_CURVE('',#1585,#1586,#706,.T.);
#1935=EDGE_CURVE('',#1586,#1586,#1380,.T.);
#1936=EDGE_CURVE('',#1587,#1588,#1381,.T.);
#1937=EDGE_CURVE('',#1588,#1589,#1382,.T.);
#1938=EDGE_CURVE('',#1589,#1590,#1383,.T.);
#1939=EDGE_CURVE('',#1590,#1591,#707,.T.);
#1940=EDGE_CURVE('',#1591,#1592,#708,.T.);
#1941=EDGE_CURVE('',#1592,#1593,#709,.T.);
#1942=EDGE_CURVE('',#1593,#1594,#1384,.T.);
#1943=EDGE_CURVE('',#1594,#1595,#710,.T.);
#1944=EDGE_CURVE('',#1595,#1596,#1385,.T.);
#1945=EDGE_CURVE('',#1596,#1597,#711,.T.);
#1946=EDGE_CURVE('',#1597,#1598,#1386,.T.);
#1947=EDGE_CURVE('',#1598,#1599,#712,.T.);
#1948=EDGE_CURVE('',#1599,#1600,#713,.T.);
#1949=EDGE_CURVE('',#1600,#1601,#1387,.T.);
#1950=EDGE_CURVE('',#1601,#1602,#714,.T.);
#1951=EDGE_CURVE('',#1602,#1603,#715,.T.);
#1952=EDGE_CURVE('',#1603,#1604,#1388,.T.);
#1953=EDGE_CURVE('',#1604,#1605,#716,.T.);
#1954=EDGE_CURVE('',#1605,#1606,#1389,.T.);
#1955=EDGE_CURVE('',#1606,#1607,#717,.T.);
#1956=EDGE_CURVE('',#1607,#1608,#1390,.T.);
#1957=EDGE_CURVE('',#1608,#1609,#718,.T.);
#1958=EDGE_CURVE('',#1609,#1610,#719,.T.);
#1959=EDGE_CURVE('',#1610,#1611,#720,.T.);
#1960=EDGE_CURVE('',#1611,#1612,#1391,.T.);
#1961=EDGE_CURVE('',#1612,#1613,#721,.T.);
#1962=EDGE_CURVE('',#1613,#1614,#1392,.T.);
#1963=EDGE_CURVE('',#1614,#1615,#722,.T.);
#1964=EDGE_CURVE('',#1615,#1616,#1393,.T.);
#1965=EDGE_CURVE('',#1616,#1617,#723,.T.);
#1966=EDGE_CURVE('',#1617,#1618,#724,.T.);
#1967=EDGE_CURVE('',#1618,#1619,#1394,.T.);
#1968=EDGE_CURVE('',#1619,#1620,#725,.T.);
#1969=EDGE_CURVE('',#1620,#1621,#726,.T.);
#1970=EDGE_CURVE('',#1621,#1622,#1395,.T.);
#1971=EDGE_CURVE('',#1622,#1623,#727,.T.);
#1972=EDGE_CURVE('',#1623,#1624,#1396,.T.);
#1973=EDGE_CURVE('',#1624,#1625,#728,.T.);
#1974=EDGE_CURVE('',#1625,#1626,#1397,.T.);
#1975=EDGE_CURVE('',#1626,#1627,#729,.T.);
#1976=EDGE_CURVE('',#1627,#1628,#730,.T.);
#1977=EDGE_CURVE('',#1628,#1629,#731,.T.);
#1978=EDGE_CURVE('',#1629,#1630,#1398,.T.);
#1979=EDGE_CURVE('',#1630,#1631,#1399,.T.);
#1980=EDGE_CURVE('',#1631,#1632,#1400,.T.);
#1981=EDGE_CURVE('',#1632,#1633,#732,.T.);
#1982=EDGE_CURVE('',#1633,#1634,#733,.T.);
#1983=EDGE_CURVE('',#1634,#1635,#734,.T.);
#1984=EDGE_CURVE('',#1635,#1587,#735,.T.);
#1985=EDGE_CURVE('',#1636,#1636,#1401,.T.);
#1986=EDGE_CURVE('',#1637,#1637,#1402,.T.);
#1987=EDGE_CURVE('',#1638,#1638,#1403,.T.);
#1988=EDGE_CURVE('',#1639,#1639,#1404,.T.);
#1989=EDGE_CURVE('',#1640,#1640,#1405,.T.);
#1990=EDGE_CURVE('',#1641,#1641,#1406,.T.);
#1991=EDGE_CURVE('',#1642,#1642,#1407,.T.);
#1992=EDGE_CURVE('',#1643,#1643,#1408,.T.);
#1993=EDGE_CURVE('',#1644,#1644,#1409,.T.);
#1994=EDGE_CURVE('',#1645,#1646,#736,.T.);
#1995=EDGE_CURVE('',#1646,#1647,#737,.T.);
#1996=EDGE_CURVE('',#1647,#1648,#738,.T.);
#1997=EDGE_CURVE('',#1648,#1645,#739,.T.);
#1998=EDGE_CURVE('',#1609,#1649,#740,.T.);
#1999=EDGE_CURVE('',#1649,#1650,#741,.T.);
#2000=EDGE_CURVE('',#1650,#1610,#742,.T.);
#2001=EDGE_CURVE('',#1649,#1651,#743,.T.);
#2002=EDGE_CURVE('',#1652,#1651,#744,.T.);
#2003=EDGE_CURVE('',#1646,#1652,#1410,.T.);
#2004=EDGE_CURVE('',#1645,#1650,#745,.T.);
#2005=EDGE_CURVE('',#1653,#1654,#74,.T.);
#2006=EDGE_CURVE('',#1655,#1653,#746,.T.);
#2007=EDGE_CURVE('',#1611,#1655,#747,.T.);
#2008=EDGE_CURVE('',#1656,#1648,#748,.T.);
#2009=EDGE_CURVE('',#1657,#1656,#72,.T.);
#2010=EDGE_CURVE('',#1654,#1657,#749,.T.);
#2011=EDGE_CURVE('',#1658,#1655,#1411,.T.);
#2012=EDGE_CURVE('',#1612,#1658,#750,.T.);
#2013=EDGE_CURVE('',#1659,#1660,#751,.T.);
#2014=EDGE_CURVE('',#1660,#1661,#752,.T.);
#2015=EDGE_CURVE('',#1661,#1662,#753,.T.);
#2016=EDGE_CURVE('',#1662,#1663,#754,.T.);
#2017=EDGE_CURVE('',#1663,#1664,#1412,.T.);
#2018=EDGE_CURVE('',#1664,#1665,#1413,.T.);
#2019=EDGE_CURVE('',#1665,#1666,#1414,.T.);
#2020=EDGE_CURVE('',#1666,#1667,#755,.T.);
#2021=EDGE_CURVE('',#1667,#1668,#756,.T.);
#2022=EDGE_CURVE('',#1668,#1669,#757,.T.);
#2023=EDGE_CURVE('',#1669,#1670,#1415,.T.);
#2024=EDGE_CURVE('',#1670,#1671,#758,.T.);
#2025=EDGE_CURVE('',#1671,#1672,#1416,.T.);
#2026=EDGE_CURVE('',#1672,#1673,#759,.T.);
#2027=EDGE_CURVE('',#1673,#1674,#1417,.T.);
#2028=EDGE_CURVE('',#1674,#1675,#760,.T.);
#2029=EDGE_CURVE('',#1675,#1676,#761,.T.);
#2030=EDGE_CURVE('',#1676,#1677,#1418,.T.);
#2031=EDGE_CURVE('',#1677,#1678,#762,.T.);
#2032=EDGE_CURVE('',#1678,#1679,#763,.T.);
#2033=EDGE_CURVE('',#1679,#1680,#1419,.T.);
#2034=EDGE_CURVE('',#1680,#1681,#764,.T.);
#2035=EDGE_CURVE('',#1681,#1682,#1420,.T.);
#2036=EDGE_CURVE('',#1682,#1658,#765,.T.);
#2037=EDGE_CURVE('',#1683,#1653,#1421,.T.);
#2038=EDGE_CURVE('',#1684,#1683,#1422,.T.);
#2039=EDGE_CURVE('',#1685,#1684,#766,.T.);
#2040=EDGE_CURVE('',#1686,#1685,#1423,.T.);
#2041=EDGE_CURVE('',#1687,#1686,#767,.T.);
#2042=EDGE_CURVE('',#1688,#1687,#768,.T.);
#2043=EDGE_CURVE('',#1689,#1688,#1424,.T.);
#2044=EDGE_CURVE('',#1690,#1689,#769,.T.);
#2045=EDGE_CURVE('',#1691,#1690,#770,.T.);
#2046=EDGE_CURVE('',#1692,#1691,#1425,.T.);
#2047=EDGE_CURVE('',#1693,#1692,#771,.T.);
#2048=EDGE_CURVE('',#1694,#1693,#1426,.T.);
#2049=EDGE_CURVE('',#1695,#1694,#772,.T.);
#2050=EDGE_CURVE('',#1696,#1695,#1427,.T.);
#2051=EDGE_CURVE('',#1697,#1696,#773,.T.);
#2052=EDGE_CURVE('',#1698,#1697,#774,.T.);
#2053=EDGE_CURVE('',#1699,#1698,#775,.T.);
#2054=EDGE_CURVE('',#1700,#1699,#1428,.T.);
#2055=EDGE_CURVE('',#1701,#1700,#1429,.T.);
#2056=EDGE_CURVE('',#1702,#1701,#1430,.T.);
#2057=EDGE_CURVE('',#1703,#1702,#776,.T.);
#2058=EDGE_CURVE('',#1704,#1703,#777,.T.);
#2059=EDGE_CURVE('',#1705,#1704,#778,.T.);
#2060=EDGE_CURVE('',#1706,#1705,#779,.T.);
#2061=EDGE_CURVE('',#1707,#1706,#1431,.T.);
#2062=EDGE_CURVE('',#1708,#1707,#1432,.T.);
#2063=EDGE_CURVE('',#1709,#1708,#1433,.T.);
#2064=EDGE_CURVE('',#1710,#1709,#780,.T.);
#2065=EDGE_CURVE('',#1711,#1710,#781,.T.);
#2066=EDGE_CURVE('',#1712,#1711,#782,.T.);
#2067=EDGE_CURVE('',#1713,#1712,#1434,.T.);
#2068=EDGE_CURVE('',#1714,#1713,#783,.T.);
#2069=EDGE_CURVE('',#1715,#1714,#1435,.T.);
#2070=EDGE_CURVE('',#1716,#1715,#784,.T.);
#2071=EDGE_CURVE('',#1717,#1716,#1436,.T.);
#2072=EDGE_CURVE('',#1718,#1717,#785,.T.);
#2073=EDGE_CURVE('',#1719,#1718,#786,.T.);
#2074=EDGE_CURVE('',#1720,#1719,#1437,.T.);
#2075=EDGE_CURVE('',#1721,#1720,#787,.T.);
#2076=EDGE_CURVE('',#1722,#1721,#788,.T.);
#2077=EDGE_CURVE('',#1723,#1722,#1438,.T.);
#2078=EDGE_CURVE('',#1724,#1723,#789,.T.);
#2079=EDGE_CURVE('',#1725,#1724,#1439,.T.);
#2080=EDGE_CURVE('',#1726,#1725,#1440,.T.);
#2081=EDGE_CURVE('',#1726,#1727,#790,.T.);
#2082=EDGE_CURVE('',#1727,#1728,#1441,.T.);
#2083=EDGE_CURVE('',#1728,#1729,#791,.T.);
#2084=EDGE_CURVE('',#1729,#1730,#1442,.T.);
#2085=EDGE_CURVE('',#1730,#1731,#792,.T.);
#2086=EDGE_CURVE('',#1731,#1732,#1443,.T.);
#2087=EDGE_CURVE('',#1732,#1733,#793,.T.);
#2088=EDGE_CURVE('',#1733,#1734,#794,.T.);
#2089=EDGE_CURVE('',#1734,#1735,#1444,.T.);
#2090=EDGE_CURVE('',#1735,#1736,#795,.T.);
#2091=EDGE_CURVE('',#1736,#1737,#796,.T.);
#2092=EDGE_CURVE('',#1737,#1738,#1445,.T.);
#2093=EDGE_CURVE('',#1738,#1739,#797,.T.);
#2094=EDGE_CURVE('',#1739,#1740,#1446,.T.);
#2095=EDGE_CURVE('',#1740,#1741,#798,.T.);
#2096=EDGE_CURVE('',#1741,#1742,#1447,.T.);
#2097=EDGE_CURVE('',#1742,#1743,#799,.T.);
#2098=EDGE_CURVE('',#1743,#1744,#800,.T.);
#2099=EDGE_CURVE('',#1744,#1745,#801,.T.);
#2100=EDGE_CURVE('',#1745,#1746,#1448,.T.);
#2101=EDGE_CURVE('',#1746,#1747,#1449,.T.);
#2102=EDGE_CURVE('',#1747,#1659,#1450,.T.);
#2103=EDGE_CURVE('',#1654,#1748,#1451,.T.);
#2104=EDGE_CURVE('',#1683,#1748,#75,.T.);
#2105=EDGE_CURVE('',#1651,#1749,#802,.T.);
#2106=EDGE_CURVE('',#1750,#1749,#803,.T.);
#2107=EDGE_CURVE('',#1652,#1750,#804,.T.);
#2108=EDGE_CURVE('',#1751,#1726,#76,.T.);
#2109=EDGE_CURVE('',#1752,#1751,#805,.T.);
#2110=EDGE_CURVE('',#1753,#1752,#73,.T.);
#2111=EDGE_CURVE('',#1749,#1753,#806,.T.);
#2112=EDGE_CURVE('',#1727,#1608,#807,.T.);
#2113=EDGE_CURVE('',#1752,#1754,#1452,.T.);
#2114=EDGE_CURVE('',#1755,#1754,#77,.T.);
#2115=EDGE_CURVE('',#1755,#1753,#1453,.T.);
#2116=EDGE_CURVE('',#1756,#1751,#1454,.T.);
#2117=EDGE_CURVE('',#1754,#1756,#808,.T.);
#2118=EDGE_CURVE('',#1725,#1756,#78,.T.);
#2119=EDGE_CURVE('',#1757,#1758,#809,.T.);
#2120=EDGE_CURVE('',#1758,#1722,#1455,.T.);
#2121=EDGE_CURVE('',#1721,#1757,#15,.T.);
#2122=EDGE_CURVE('',#1759,#1760,#810,.T.);
#2123=EDGE_CURVE('',#1760,#1719,#1456,.T.);
#2124=EDGE_CURVE('',#1718,#1759,#16,.T.);
#2125=EDGE_CURVE('',#1761,#1762,#811,.T.);
#2126=EDGE_CURVE('',#1762,#1712,#1457,.T.);
#2127=EDGE_CURVE('',#1711,#1761,#17,.T.);
#2128=EDGE_CURVE('',#1710,#1763,#1458,.T.);
#2129=EDGE_CURVE('',#1763,#1761,#812,.T.);
#2130=EDGE_CURVE('',#1764,#1765,#813,.T.);
#2131=EDGE_CURVE('',#1765,#1706,#1459,.T.);
#2132=EDGE_CURVE('',#1705,#1764,#18,.T.);
#2133=EDGE_CURVE('',#1704,#1766,#19,.T.);
#2134=EDGE_CURVE('',#1766,#1764,#814,.T.);
#2135=EDGE_CURVE('',#1703,#1767,#1460,.T.);
#2136=EDGE_CURVE('',#1767,#1766,#815,.T.);
#2137=EDGE_CURVE('',#1768,#1769,#816,.T.);
#2138=EDGE_CURVE('',#1769,#1699,#1461,.T.);
#2139=EDGE_CURVE('',#1698,#1768,#1462,.T.);
#2140=EDGE_CURVE('',#1697,#1770,#20,.T.);
#2141=EDGE_CURVE('',#1770,#1768,#817,.T.);
#2142=EDGE_CURVE('',#1771,#1772,#818,.T.);
#2143=EDGE_CURVE('',#1772,#1691,#1463,.T.);
#2144=EDGE_CURVE('',#1690,#1771,#21,.T.);
#2145=EDGE_CURVE('',#1773,#1692,#1464,.T.);
#2146=EDGE_CURVE('',#1772,#1773,#1465,.T.);
#2147=EDGE_CURVE('',#1774,#1693,#1466,.T.);
#2148=EDGE_CURVE('',#1773,#1774,#819,.T.);
#2149=EDGE_CURVE('',#1775,#1694,#1467,.T.);
#2150=EDGE_CURVE('',#1774,#1775,#1468,.T.);
#2151=EDGE_CURVE('',#1776,#1695,#1469,.T.);
#2152=EDGE_CURVE('',#1775,#1776,#820,.T.);
#2153=EDGE_CURVE('',#1777,#1696,#1470,.T.);
#2154=EDGE_CURVE('',#1776,#1777,#1471,.T.);
#2155=EDGE_CURVE('',#1777,#1770,#821,.T.);
#2156=EDGE_CURVE('',#1778,#1779,#822,.T.);
#2157=EDGE_CURVE('',#1779,#1688,#1472,.T.);
#2158=EDGE_CURVE('',#1687,#1778,#22,.T.);
#2159=EDGE_CURVE('',#1780,#1689,#1473,.T.);
#2160=EDGE_CURVE('',#1779,#1780,#1474,.T.);
#2161=EDGE_CURVE('',#1780,#1771,#823,.T.);
#2162=EDGE_CURVE('',#1781,#1700,#1475,.T.);
#2163=EDGE_CURVE('',#1769,#1781,#1476,.T.);
#2164=EDGE_CURVE('',#1782,#1701,#1477,.T.);
#2165=EDGE_CURVE('',#1781,#1782,#1478,.T.);
#2166=EDGE_CURVE('',#1783,#1702,#1479,.T.);
#2167=EDGE_CURVE('',#1782,#1783,#1480,.T.);
#2168=EDGE_CURVE('',#1783,#1767,#824,.T.);
#2169=EDGE_CURVE('',#1748,#1784,#1481,.T.);
#2170=EDGE_CURVE('',#1784,#1684,#1482,.T.);
#2171=EDGE_CURVE('',#1785,#1685,#1483,.T.);
#2172=EDGE_CURVE('',#1784,#1785,#825,.T.);
#2173=EDGE_CURVE('',#1786,#1686,#1484,.T.);
#2174=EDGE_CURVE('',#1785,#1786,#1485,.T.);
#2175=EDGE_CURVE('',#1786,#1778,#826,.T.);
#2176=EDGE_CURVE('',#1787,#1707,#1486,.T.);
#2177=EDGE_CURVE('',#1765,#1787,#1487,.T.);
#2178=EDGE_CURVE('',#1788,#1708,#1488,.T.);
#2179=EDGE_CURVE('',#1787,#1788,#1489,.T.);
#2180=EDGE_CURVE('',#1789,#1709,#1490,.T.);
#2181=EDGE_CURVE('',#1788,#1789,#1491,.T.);
#2182=EDGE_CURVE('',#1789,#1763,#827,.T.);
#2183=EDGE_CURVE('',#1790,#1713,#1492,.T.);
#2184=EDGE_CURVE('',#1762,#1790,#1493,.T.);
#2185=EDGE_CURVE('',#1791,#1714,#1494,.T.);
#2186=EDGE_CURVE('',#1790,#1791,#828,.T.);
#2187=EDGE_CURVE('',#1792,#1715,#1495,.T.);
#2188=EDGE_CURVE('',#1791,#1792,#1496,.T.);
#2189=EDGE_CURVE('',#1793,#1716,#1497,.T.);
#2190=EDGE_CURVE('',#1792,#1793,#829,.T.);
#2191=EDGE_CURVE('',#1794,#1717,#1498,.T.);
#2192=EDGE_CURVE('',#1793,#1794,#1499,.T.);
#2193=EDGE_CURVE('',#1794,#1759,#830,.T.);
#2194=EDGE_CURVE('',#1795,#1720,#1500,.T.);
#2195=EDGE_CURVE('',#1760,#1795,#1501,.T.);
#2196=EDGE_CURVE('',#1795,#1757,#831,.T.);
#2197=EDGE_CURVE('',#1796,#1723,#1502,.T.);
#2198=EDGE_CURVE('',#1758,#1796,#1503,.T.);
#2199=EDGE_CURVE('',#1797,#1724,#1504,.T.);
#2200=EDGE_CURVE('',#1796,#1797,#832,.T.);
#2201=EDGE_CURVE('',#1797,#1756,#1505,.T.);
#2202=EDGE_CURVE('',#1798,#1797,#833,.T.);
#2203=EDGE_CURVE('',#1754,#1798,#1506,.T.);
#2204=EDGE_CURVE('',#1799,#1796,#834,.T.);
#2205=EDGE_CURVE('',#1798,#1799,#835,.T.);
#2206=EDGE_CURVE('',#1800,#1758,#836,.T.);
#2207=EDGE_CURVE('',#1799,#1800,#1507,.T.);
#2208=EDGE_CURVE('',#1801,#1757,#837,.T.);
#2209=EDGE_CURVE('',#1800,#1801,#838,.T.);
#2210=EDGE_CURVE('',#1802,#1795,#839,.T.);
#2211=EDGE_CURVE('',#1801,#1802,#840,.T.);
#2212=EDGE_CURVE('',#1803,#1760,#841,.T.);
#2213=EDGE_CURVE('',#1802,#1803,#1508,.T.);
#2214=EDGE_CURVE('',#1804,#1759,#842,.T.);
#2215=EDGE_CURVE('',#1803,#1804,#843,.T.);
#2216=EDGE_CURVE('',#1805,#1794,#844,.T.);
#2217=EDGE_CURVE('',#1804,#1805,#845,.T.);
#2218=EDGE_CURVE('',#1806,#1793,#846,.T.);
#2219=EDGE_CURVE('',#1805,#1806,#1509,.T.);
#2220=EDGE_CURVE('',#1807,#1792,#847,.T.);
#2221=EDGE_CURVE('',#1806,#1807,#848,.T.);
#2222=EDGE_CURVE('',#1808,#1791,#849,.T.);
#2223=EDGE_CURVE('',#1807,#1808,#1510,.T.);
#2224=EDGE_CURVE('',#1809,#1790,#850,.T.);
#2225=EDGE_CURVE('',#1808,#1809,#851,.T.);
#2226=EDGE_CURVE('',#1810,#1762,#852,.T.);
#2227=EDGE_CURVE('',#1809,#1810,#1511,.T.);
#2228=EDGE_CURVE('',#1811,#1761,#853,.T.);
#2229=EDGE_CURVE('',#1810,#1811,#854,.T.);
#2230=EDGE_CURVE('',#1812,#1763,#855,.T.);
#2231=EDGE_CURVE('',#1811,#1812,#856,.T.);
#2232=EDGE_CURVE('',#1813,#1789,#857,.T.);
#2233=EDGE_CURVE('',#1812,#1813,#858,.T.);
#2234=EDGE_CURVE('',#1814,#1788,#859,.T.);
#2235=EDGE_CURVE('',#1813,#1814,#1512,.T.);
#2236=EDGE_CURVE('',#1815,#1787,#860,.T.);
#2237=EDGE_CURVE('',#1814,#1815,#1513,.T.);
#2238=EDGE_CURVE('',#1816,#1765,#861,.T.);
#2239=EDGE_CURVE('',#1815,#1816,#1514,.T.);
#2240=EDGE_CURVE('',#1817,#1764,#862,.T.);
#2241=EDGE_CURVE('',#1816,#1817,#863,.T.);
#2242=EDGE_CURVE('',#1818,#1766,#864,.T.);
#2243=EDGE_CURVE('',#1817,#1818,#865,.T.);
#2244=EDGE_CURVE('',#1819,#1767,#866,.T.);
#2245=EDGE_CURVE('',#1818,#1819,#867,.T.);
#2246=EDGE_CURVE('',#1820,#1783,#868,.T.);
#2247=EDGE_CURVE('',#1819,#1820,#869,.T.);
#2248=EDGE_CURVE('',#1782,#1821,#870,.T.);
#2249=EDGE_CURVE('',#1820,#1821,#1515,.T.);
#2250=EDGE_CURVE('',#1822,#1781,#871,.T.);
#2251=EDGE_CURVE('',#1821,#1822,#1516,.T.);
#2252=EDGE_CURVE('',#1823,#1769,#872,.T.);
#2253=EDGE_CURVE('',#1822,#1823,#1517,.T.);
#2254=EDGE_CURVE('',#1824,#1768,#873,.T.);
#2255=EDGE_CURVE('',#1823,#1824,#874,.T.);
#2256=EDGE_CURVE('',#1825,#1770,#875,.T.);
#2257=EDGE_CURVE('',#1824,#1825,#876,.T.);
#2258=EDGE_CURVE('',#1826,#1777,#877,.T.);
#2259=EDGE_CURVE('',#1825,#1826,#878,.T.);
#2260=EDGE_CURVE('',#1827,#1776,#879,.T.);
#2261=EDGE_CURVE('',#1826,#1827,#1518,.T.);
#2262=EDGE_CURVE('',#1828,#1775,#880,.T.);
#2263=EDGE_CURVE('',#1827,#1828,#881,.T.);
#2264=EDGE_CURVE('',#1829,#1774,#882,.T.);
#2265=EDGE_CURVE('',#1828,#1829,#1519,.T.);
#2266=EDGE_CURVE('',#1830,#1773,#883,.T.);
#2267=EDGE_CURVE('',#1829,#1830,#884,.T.);
#2268=EDGE_CURVE('',#1831,#1772,#885,.T.);
#2269=EDGE_CURVE('',#1830,#1831,#1520,.T.);
#2270=EDGE_CURVE('',#1832,#1771,#886,.T.);
#2271=EDGE_CURVE('',#1831,#1832,#887,.T.);
#2272=EDGE_CURVE('',#1833,#1780,#888,.T.);
#2273=EDGE_CURVE('',#1832,#1833,#889,.T.);
#2274=EDGE_CURVE('',#1834,#1779,#890,.T.);
#2275=EDGE_CURVE('',#1833,#1834,#1521,.T.);
#2276=EDGE_CURVE('',#1835,#1778,#891,.T.);
#2277=EDGE_CURVE('',#1834,#1835,#892,.T.);
#2278=EDGE_CURVE('',#1836,#1786,#893,.T.);
#2279=EDGE_CURVE('',#1835,#1836,#894,.T.);
#2280=EDGE_CURVE('',#1837,#1785,#895,.T.);
#2281=EDGE_CURVE('',#1836,#1837,#1522,.T.);
#2282=EDGE_CURVE('',#1838,#1784,#896,.T.);
#2283=EDGE_CURVE('',#1837,#1838,#897,.T.);
#2284=EDGE_CURVE('',#1839,#1748,#898,.T.);
#2285=EDGE_CURVE('',#1838,#1839,#1523,.T.);
#2286=EDGE_CURVE('',#1607,#1728,#899,.T.);
#2287=EDGE_CURVE('',#1839,#1657,#1524,.T.);
#2288=EDGE_CURVE('',#1840,#1840,#1525,.T.);
#2289=EDGE_CURVE('',#1840,#1841,#900,.T.);
#2290=EDGE_CURVE('',#1841,#1841,#1526,.T.);
#2291=EDGE_CURVE('',#1647,#1750,#1527,.T.);
#2292=EDGE_CURVE('',#1842,#1755,#1528,.T.);
#2293=EDGE_CURVE('',#1843,#1842,#901,.T.);
#2294=EDGE_CURVE('',#1844,#1843,#1529,.T.);
#2295=EDGE_CURVE('',#1845,#1844,#902,.T.);
#2296=EDGE_CURVE('',#1846,#1845,#903,.T.);
#2297=EDGE_CURVE('',#1847,#1846,#1530,.T.);
#2298=EDGE_CURVE('',#1848,#1847,#904,.T.);
#2299=EDGE_CURVE('',#1849,#1848,#905,.T.);
#2300=EDGE_CURVE('',#1850,#1849,#1531,.T.);
#2301=EDGE_CURVE('',#1851,#1850,#906,.T.);
#2302=EDGE_CURVE('',#1852,#1851,#1532,.T.);
#2303=EDGE_CURVE('',#1853,#1852,#907,.T.);
#2304=EDGE_CURVE('',#1854,#1853,#1533,.T.);
#2305=EDGE_CURVE('',#1855,#1854,#908,.T.);
#2306=EDGE_CURVE('',#1856,#1855,#909,.T.);
#2307=EDGE_CURVE('',#1857,#1856,#910,.T.);
#2308=EDGE_CURVE('',#1858,#1857,#1534,.T.);
#2309=EDGE_CURVE('',#1859,#1858,#1535,.T.);
#2310=EDGE_CURVE('',#1860,#1859,#1536,.T.);
#2311=EDGE_CURVE('',#1861,#1860,#911,.T.);
#2312=EDGE_CURVE('',#1862,#1861,#912,.T.);
#2313=EDGE_CURVE('',#1863,#1862,#913,.T.);
#2314=EDGE_CURVE('',#1864,#1863,#914,.T.);
#2315=EDGE_CURVE('',#1865,#1864,#1537,.T.);
#2316=EDGE_CURVE('',#1866,#1865,#1538,.T.);
#2317=EDGE_CURVE('',#1867,#1866,#1539,.T.);
#2318=EDGE_CURVE('',#1868,#1867,#915,.T.);
#2319=EDGE_CURVE('',#1869,#1868,#916,.T.);
#2320=EDGE_CURVE('',#1870,#1869,#917,.T.);
#2321=EDGE_CURVE('',#1871,#1870,#1540,.T.);
#2322=EDGE_CURVE('',#1872,#1871,#918,.T.);
#2323=EDGE_CURVE('',#1873,#1872,#1541,.T.);
#2324=EDGE_CURVE('',#1874,#1873,#919,.T.);
#2325=EDGE_CURVE('',#1875,#1874,#1542,.T.);
#2326=EDGE_CURVE('',#1876,#1875,#920,.T.);
#2327=EDGE_CURVE('',#1877,#1876,#921,.T.);
#2328=EDGE_CURVE('',#1878,#1877,#1543,.T.);
#2329=EDGE_CURVE('',#1879,#1878,#922,.T.);
#2330=EDGE_CURVE('',#1880,#1879,#923,.T.);
#2331=EDGE_CURVE('',#1881,#1880,#1544,.T.);
#2332=EDGE_CURVE('',#1882,#1881,#924,.T.);
#2333=EDGE_CURVE('',#1883,#1882,#1545,.T.);
#2334=EDGE_CURVE('',#1656,#1883,#1546,.T.);
#2335=EDGE_CURVE('',#1884,#1884,#1547,.T.);
#2336=EDGE_CURVE('',#1885,#1885,#1548,.T.);
#2337=EDGE_CURVE('',#1886,#1886,#1549,.T.);
#2338=EDGE_CURVE('',#1887,#1887,#1550,.T.);
#2339=EDGE_CURVE('',#1888,#1888,#1551,.T.);
#2340=EDGE_CURVE('',#1889,#1889,#1552,.T.);
#2341=EDGE_CURVE('',#1890,#1890,#1553,.T.);
#2342=EDGE_CURVE('',#1891,#1891,#1554,.T.);
#2343=EDGE_CURVE('',#1644,#1840,#925,.T.);
#2344=EDGE_CURVE('',#1892,#1892,#1555,.T.);
#2345=EDGE_CURVE('',#1892,#1884,#926,.T.);
#2346=EDGE_CURVE('',#1639,#1892,#927,.T.);
#2347=EDGE_CURVE('',#1893,#1893,#1556,.T.);
#2348=EDGE_CURVE('',#1893,#1891,#928,.T.);
#2349=EDGE_CURVE('',#1643,#1893,#929,.T.);
#2350=EDGE_CURVE('',#1894,#1894,#1557,.T.);
#2351=EDGE_CURVE('',#1894,#1885,#930,.T.);
#2352=EDGE_CURVE('',#1641,#1894,#931,.T.);
#2353=EDGE_CURVE('',#1895,#1895,#1558,.T.);
#2354=EDGE_CURVE('',#1895,#1890,#932,.T.);
#2355=EDGE_CURVE('',#1637,#1895,#933,.T.);
#2356=EDGE_CURVE('',#1896,#1896,#1559,.T.);
#2357=EDGE_CURVE('',#1896,#1886,#934,.T.);
#2358=EDGE_CURVE('',#1638,#1896,#935,.T.);
#2359=EDGE_CURVE('',#1897,#1897,#1560,.T.);
#2360=EDGE_CURVE('',#1897,#1889,#936,.T.);
#2361=EDGE_CURVE('',#1642,#1897,#937,.T.);
#2362=EDGE_CURVE('',#1898,#1898,#1561,.T.);
#2363=EDGE_CURVE('',#1898,#1887,#938,.T.);
#2364=EDGE_CURVE('',#1640,#1898,#939,.T.);
#2365=EDGE_CURVE('',#1899,#1899,#1562,.T.);
#2366=EDGE_CURVE('',#1899,#1888,#940,.T.);
#2367=EDGE_CURVE('',#1636,#1899,#941,.T.);
#2368=EDGE_CURVE('',#1798,#1842,#942,.T.);
#2369=EDGE_CURVE('',#1883,#1839,#79,.T.);
#2370=EDGE_CURVE('',#1836,#1880,#943,.T.);
#2371=EDGE_CURVE('',#1879,#1835,#944,.T.);
#2372=EDGE_CURVE('',#1812,#1856,#945,.T.);
#2373=EDGE_CURVE('',#1855,#1811,#946,.T.);
#2374=EDGE_CURVE('',#1833,#1877,#947,.T.);
#2375=EDGE_CURVE('',#1876,#1832,#948,.T.);
#2376=EDGE_CURVE('',#1826,#1870,#949,.T.);
#2377=EDGE_CURVE('',#1869,#1825,#950,.T.);
#2378=EDGE_CURVE('',#1819,#1863,#951,.T.);
#2379=EDGE_CURVE('',#1862,#1818,#952,.T.);
#2380=EDGE_CURVE('',#1820,#1864,#953,.T.);
#2381=EDGE_CURVE('',#1821,#1865,#954,.T.);
#2382=EDGE_CURVE('',#1822,#1866,#955,.T.);
#2383=EDGE_CURVE('',#1823,#1867,#956,.T.);
#2384=EDGE_CURVE('',#1824,#1868,#957,.T.);
#2385=EDGE_CURVE('',#1861,#1817,#958,.T.);
#2386=EDGE_CURVE('',#1827,#1871,#959,.T.);
#2387=EDGE_CURVE('',#1828,#1872,#960,.T.);
#2388=EDGE_CURVE('',#1829,#1873,#961,.T.);
#2389=EDGE_CURVE('',#1830,#1874,#962,.T.);
#2390=EDGE_CURVE('',#1831,#1875,#963,.T.);
#2391=EDGE_CURVE('',#1813,#1857,#964,.T.);
#2392=EDGE_CURVE('',#1814,#1858,#965,.T.);
#2393=EDGE_CURVE('',#1815,#1859,#966,.T.);
#2394=EDGE_CURVE('',#1816,#1860,#967,.T.);
#2395=EDGE_CURVE('',#1834,#1878,#968,.T.);
#2396=EDGE_CURVE('',#1837,#1881,#969,.T.);
#2397=EDGE_CURVE('',#1838,#1882,#970,.T.);
#2398=EDGE_CURVE('',#1805,#1849,#971,.T.);
#2399=EDGE_CURVE('',#1848,#1804,#972,.T.);
#2400=EDGE_CURVE('',#1806,#1850,#973,.T.);
#2401=EDGE_CURVE('',#1807,#1851,#974,.T.);
#2402=EDGE_CURVE('',#1808,#1852,#975,.T.);
#2403=EDGE_CURVE('',#1809,#1853,#976,.T.);
#2404=EDGE_CURVE('',#1810,#1854,#977,.T.);
#2405=EDGE_CURVE('',#1802,#1846,#978,.T.);
#2406=EDGE_CURVE('',#1845,#1801,#979,.T.);
#2407=EDGE_CURVE('',#1803,#1847,#980,.T.);
#2408=EDGE_CURVE('',#1799,#1843,#981,.T.);
#2409=EDGE_CURVE('',#1800,#1844,#982,.T.);
#2410=EDGE_CURVE('',#1632,#1663,#983,.T.);
#2411=EDGE_CURVE('',#1633,#1662,#984,.T.);
#2412=EDGE_CURVE('',#1634,#1661,#985,.T.);
#2413=EDGE_CURVE('',#1635,#1660,#986,.T.);
#2414=EDGE_CURVE('',#1587,#1659,#987,.T.);
#2415=EDGE_CURVE('',#1588,#1747,#988,.T.);
#2416=EDGE_CURVE('',#1589,#1746,#989,.T.);
#2417=EDGE_CURVE('',#1590,#1745,#990,.T.);
#2418=EDGE_CURVE('',#1591,#1744,#991,.T.);
#2419=EDGE_CURVE('',#1592,#1743,#992,.T.);
#2420=EDGE_CURVE('',#1593,#1742,#993,.T.);
#2421=EDGE_CURVE('',#1594,#1741,#994,.T.);
#2422=EDGE_CURVE('',#1595,#1740,#995,.T.);
#2423=EDGE_CURVE('',#1596,#1739,#996,.T.);
#2424=EDGE_CURVE('',#1597,#1738,#997,.T.);
#2425=EDGE_CURVE('',#1598,#1737,#998,.T.);
#2426=EDGE_CURVE('',#1599,#1736,#999,.T.);
#2427=EDGE_CURVE('',#1600,#1735,#1000,.T.);
#2428=EDGE_CURVE('',#1601,#1734,#1001,.T.);
#2429=EDGE_CURVE('',#1602,#1733,#1002,.T.);
#2430=EDGE_CURVE('',#1603,#1732,#1003,.T.);
#2431=EDGE_CURVE('',#1604,#1731,#1004,.T.);
#2432=EDGE_CURVE('',#1605,#1730,#1005,.T.);
#2433=EDGE_CURVE('',#1606,#1729,#1006,.T.);
#2434=EDGE_CURVE('',#1613,#1682,#1007,.T.);
#2435=EDGE_CURVE('',#1614,#1681,#1008,.T.);
#2436=EDGE_CURVE('',#1615,#1680,#1009,.T.);
#2437=EDGE_CURVE('',#1616,#1679,#1010,.T.);
#2438=EDGE_CURVE('',#1617,#1678,#1011,.T.);
#2439=EDGE_CURVE('',#1618,#1677,#1012,.T.);
#2440=EDGE_CURVE('',#1619,#1676,#1013,.T.);
#2441=EDGE_CURVE('',#1620,#1675,#1014,.T.);
#2442=EDGE_CURVE('',#1621,#1674,#1015,.T.);
#2443=EDGE_CURVE('',#1622,#1673,#1016,.T.);
#2444=EDGE_CURVE('',#1623,#1672,#1017,.T.);
#2445=EDGE_CURVE('',#1624,#1671,#1018,.T.);
#2446=EDGE_CURVE('',#1625,#1670,#1019,.T.);
#2447=EDGE_CURVE('',#1626,#1669,#1020,.T.);
#2448=EDGE_CURVE('',#1627,#1668,#1021,.T.);
#2449=EDGE_CURVE('',#1628,#1667,#1022,.T.);
#2450=EDGE_CURVE('',#1629,#1666,#1023,.T.);
#2451=EDGE_CURVE('',#1630,#1665,#1024,.T.);
#2452=EDGE_CURVE('',#1631,#1664,#1025,.T.);
#2453=ORIENTED_EDGE('',*,*,#1900,.F.);
#2454=ORIENTED_EDGE('',*,*,#1901,.T.);
#2455=ORIENTED_EDGE('',*,*,#1902,.T.);
#2456=ORIENTED_EDGE('',*,*,#1901,.F.);
#2457=ORIENTED_EDGE('',*,*,#1903,.F.);
#2458=ORIENTED_EDGE('',*,*,#1904,.T.);
#2459=ORIENTED_EDGE('',*,*,#1905,.T.);
#2460=ORIENTED_EDGE('',*,*,#1904,.F.);
#2461=ORIENTED_EDGE('',*,*,#1906,.F.);
#2462=ORIENTED_EDGE('',*,*,#1907,.T.);
#2463=ORIENTED_EDGE('',*,*,#1908,.T.);
#2464=ORIENTED_EDGE('',*,*,#1907,.F.);
#2465=ORIENTED_EDGE('',*,*,#1909,.F.);
#2466=ORIENTED_EDGE('',*,*,#1910,.T.);
#2467=ORIENTED_EDGE('',*,*,#1911,.T.);
#2468=ORIENTED_EDGE('',*,*,#1910,.F.);
#2469=ORIENTED_EDGE('',*,*,#1912,.F.);
#2470=ORIENTED_EDGE('',*,*,#1913,.T.);
#2471=ORIENTED_EDGE('',*,*,#1914,.T.);
#2472=ORIENTED_EDGE('',*,*,#1913,.F.);
#2473=ORIENTED_EDGE('',*,*,#1915,.F.);
#2474=ORIENTED_EDGE('',*,*,#1916,.T.);
#2475=ORIENTED_EDGE('',*,*,#1917,.T.);
#2476=ORIENTED_EDGE('',*,*,#1916,.F.);
#2477=ORIENTED_EDGE('',*,*,#1918,.F.);
#2478=ORIENTED_EDGE('',*,*,#1919,.T.);
#2479=ORIENTED_EDGE('',*,*,#1920,.T.);
#2480=ORIENTED_EDGE('',*,*,#1919,.F.);
#2481=ORIENTED_EDGE('',*,*,#1921,.F.);
#2482=ORIENTED_EDGE('',*,*,#1922,.T.);
#2483=ORIENTED_EDGE('',*,*,#1923,.T.);
#2484=ORIENTED_EDGE('',*,*,#1922,.F.);
#2485=ORIENTED_EDGE('',*,*,#1924,.F.);
#2486=ORIENTED_EDGE('',*,*,#1925,.T.);
#2487=ORIENTED_EDGE('',*,*,#1926,.T.);
#2488=ORIENTED_EDGE('',*,*,#1925,.F.);
#2489=ORIENTED_EDGE('',*,*,#1927,.F.);
#2490=ORIENTED_EDGE('',*,*,#1928,.T.);
#2491=ORIENTED_EDGE('',*,*,#1929,.T.);
#2492=ORIENTED_EDGE('',*,*,#1928,.F.);
#2493=ORIENTED_EDGE('',*,*,#1930,.F.);
#2494=ORIENTED_EDGE('',*,*,#1931,.T.);
#2495=ORIENTED_EDGE('',*,*,#1932,.T.);
#2496=ORIENTED_EDGE('',*,*,#1931,.F.);
#2497=ORIENTED_EDGE('',*,*,#1933,.F.);
#2498=ORIENTED_EDGE('',*,*,#1934,.T.);
#2499=ORIENTED_EDGE('',*,*,#1935,.T.);
#2500=ORIENTED_EDGE('',*,*,#1934,.F.);
#2501=ORIENTED_EDGE('',*,*,#1917,.F.);
#2502=ORIENTED_EDGE('',*,*,#1905,.F.);
#2503=ORIENTED_EDGE('',*,*,#1929,.F.);
#2504=ORIENTED_EDGE('',*,*,#1926,.F.);
#2505=ORIENTED_EDGE('',*,*,#1914,.F.);
#2506=ORIENTED_EDGE('',*,*,#1935,.F.);
#2507=ORIENTED_EDGE('',*,*,#1932,.F.);
#2508=ORIENTED_EDGE('',*,*,#1911,.F.);
#2509=ORIENTED_EDGE('',*,*,#1923,.F.);
#2510=ORIENTED_EDGE('',*,*,#1908,.F.);
#2511=ORIENTED_EDGE('',*,*,#1920,.F.);
#2512=ORIENTED_EDGE('',*,*,#1902,.F.);
#2513=ORIENTED_EDGE('',*,*,#1936,.T.);
#2514=ORIENTED_EDGE('',*,*,#1937,.T.);
#2515=ORIENTED_EDGE('',*,*,#1938,.T.);
#2516=ORIENTED_EDGE('',*,*,#1939,.T.);
#2517=ORIENTED_EDGE('',*,*,#1940,.T.);
#2518=ORIENTED_EDGE('',*,*,#1941,.T.);
#2519=ORIENTED_EDGE('',*,*,#1942,.T.);
#2520=ORIENTED_EDGE('',*,*,#1943,.T.);
#2521=ORIENTED_EDGE('',*,*,#1944,.T.);
#2522=ORIENTED_EDGE('',*,*,#1945,.T.);
#2523=ORIENTED_EDGE('',*,*,#1946,.T.);
#2524=ORIENTED_EDGE('',*,*,#1947,.T.);
#2525=ORIENTED_EDGE('',*,*,#1948,.T.);
#2526=ORIENTED_EDGE('',*,*,#1949,.T.);
#2527=ORIENTED_EDGE('',*,*,#1950,.T.);
#2528=ORIENTED_EDGE('',*,*,#1951,.T.);
#2529=ORIENTED_EDGE('',*,*,#1952,.T.);
#2530=ORIENTED_EDGE('',*,*,#1953,.T.);
#2531=ORIENTED_EDGE('',*,*,#1954,.T.);
#2532=ORIENTED_EDGE('',*,*,#1955,.T.);
#2533=ORIENTED_EDGE('',*,*,#1956,.T.);
#2534=ORIENTED_EDGE('',*,*,#1957,.T.);
#2535=ORIENTED_EDGE('',*,*,#1958,.T.);
#2536=ORIENTED_EDGE('',*,*,#1959,.T.);
#2537=ORIENTED_EDGE('',*,*,#1960,.T.);
#2538=ORIENTED_EDGE('',*,*,#1961,.T.);
#2539=ORIENTED_EDGE('',*,*,#1962,.T.);
#2540=ORIENTED_EDGE('',*,*,#1963,.T.);
#2541=ORIENTED_EDGE('',*,*,#1964,.T.);
#2542=ORIENTED_EDGE('',*,*,#1965,.T.);
#2543=ORIENTED_EDGE('',*,*,#1966,.T.);
#2544=ORIENTED_EDGE('',*,*,#1967,.T.);
#2545=ORIENTED_EDGE('',*,*,#1968,.T.);
#2546=ORIENTED_EDGE('',*,*,#1969,.T.);
#2547=ORIENTED_EDGE('',*,*,#1970,.T.);
#2548=ORIENTED_EDGE('',*,*,#1971,.T.);
#2549=ORIENTED_EDGE('',*,*,#1972,.T.);
#2550=ORIENTED_EDGE('',*,*,#1973,.T.);
#2551=ORIENTED_EDGE('',*,*,#1974,.T.);
#2552=ORIENTED_EDGE('',*,*,#1975,.T.);
#2553=ORIENTED_EDGE('',*,*,#1976,.T.);
#2554=ORIENTED_EDGE('',*,*,#1977,.T.);
#2555=ORIENTED_EDGE('',*,*,#1978,.T.);
#2556=ORIENTED_EDGE('',*,*,#1979,.T.);
#2557=ORIENTED_EDGE('',*,*,#1980,.T.);
#2558=ORIENTED_EDGE('',*,*,#1981,.T.);
#2559=ORIENTED_EDGE('',*,*,#1982,.T.);
#2560=ORIENTED_EDGE('',*,*,#1983,.T.);
#2561=ORIENTED_EDGE('',*,*,#1984,.T.);
#2562=ORIENTED_EDGE('',*,*,#1985,.T.);
#2563=ORIENTED_EDGE('',*,*,#1986,.T.);
#2564=ORIENTED_EDGE('',*,*,#1987,.T.);
#2565=ORIENTED_EDGE('',*,*,#1988,.T.);
#2566=ORIENTED_EDGE('',*,*,#1989,.T.);
#2567=ORIENTED_EDGE('',*,*,#1990,.T.);
#2568=ORIENTED_EDGE('',*,*,#1991,.T.);
#2569=ORIENTED_EDGE('',*,*,#1992,.T.);
#2570=ORIENTED_EDGE('',*,*,#1993,.T.);
#2571=ORIENTED_EDGE('',*,*,#1994,.T.);
#2572=ORIENTED_EDGE('',*,*,#1995,.T.);
#2573=ORIENTED_EDGE('',*,*,#1996,.T.);
#2574=ORIENTED_EDGE('',*,*,#1997,.T.);
#2575=ORIENTED_EDGE('',*,*,#1958,.F.);
#2576=ORIENTED_EDGE('',*,*,#1998,.T.);
#2577=ORIENTED_EDGE('',*,*,#1999,.T.);
#2578=ORIENTED_EDGE('',*,*,#2000,.T.);
#2579=ORIENTED_EDGE('',*,*,#1999,.F.);
#2580=ORIENTED_EDGE('',*,*,#2001,.T.);
#2581=ORIENTED_EDGE('',*,*,#2002,.F.);
#2582=ORIENTED_EDGE('',*,*,#2003,.F.);
#2583=ORIENTED_EDGE('',*,*,#1994,.F.);
#2584=ORIENTED_EDGE('',*,*,#2004,.T.);
#2585=ORIENTED_EDGE('',*,*,#2005,.F.);
#2586=ORIENTED_EDGE('',*,*,#2006,.F.);
#2587=ORIENTED_EDGE('',*,*,#2007,.F.);
#2588=ORIENTED_EDGE('',*,*,#1959,.F.);
#2589=ORIENTED_EDGE('',*,*,#2000,.F.);
#2590=ORIENTED_EDGE('',*,*,#2004,.F.);
#2591=ORIENTED_EDGE('',*,*,#1997,.F.);
#2592=ORIENTED_EDGE('',*,*,#2008,.F.);
#2593=ORIENTED_EDGE('',*,*,#2009,.F.);
#2594=ORIENTED_EDGE('',*,*,#2010,.F.);
#2595=ORIENTED_EDGE('',*,*,#2007,.T.);
#2596=ORIENTED_EDGE('',*,*,#2011,.F.);
#2597=ORIENTED_EDGE('',*,*,#2012,.F.);
#2598=ORIENTED_EDGE('',*,*,#1960,.F.);
#2599=ORIENTED_EDGE('',*,*,#2013,.T.);
#2600=ORIENTED_EDGE('',*,*,#2014,.T.);
#2601=ORIENTED_EDGE('',*,*,#2015,.T.);
#2602=ORIENTED_EDGE('',*,*,#2016,.T.);
#2603=ORIENTED_EDGE('',*,*,#2017,.T.);
#2604=ORIENTED_EDGE('',*,*,#2018,.T.);
#2605=ORIENTED_EDGE('',*,*,#2019,.T.);
#2606=ORIENTED_EDGE('',*,*,#2020,.T.);
#2607=ORIENTED_EDGE('',*,*,#2021,.T.);
#2608=ORIENTED_EDGE('',*,*,#2022,.T.);
#2609=ORIENTED_EDGE('',*,*,#2023,.T.);
#2610=ORIENTED_EDGE('',*,*,#2024,.T.);
#2611=ORIENTED_EDGE('',*,*,#2025,.T.);
#2612=ORIENTED_EDGE('',*,*,#2026,.T.);
#2613=ORIENTED_EDGE('',*,*,#2027,.T.);
#2614=ORIENTED_EDGE('',*,*,#2028,.T.);
#2615=ORIENTED_EDGE('',*,*,#2029,.T.);
#2616=ORIENTED_EDGE('',*,*,#2030,.T.);
#2617=ORIENTED_EDGE('',*,*,#2031,.T.);
#2618=ORIENTED_EDGE('',*,*,#2032,.T.);
#2619=ORIENTED_EDGE('',*,*,#2033,.T.);
#2620=ORIENTED_EDGE('',*,*,#2034,.T.);
#2621=ORIENTED_EDGE('',*,*,#2035,.T.);
#2622=ORIENTED_EDGE('',*,*,#2036,.T.);
#2623=ORIENTED_EDGE('',*,*,#2011,.T.);
#2624=ORIENTED_EDGE('',*,*,#2006,.T.);
#2625=ORIENTED_EDGE('',*,*,#2037,.F.);
#2626=ORIENTED_EDGE('',*,*,#2038,.F.);
#2627=ORIENTED_EDGE('',*,*,#2039,.F.);
#2628=ORIENTED_EDGE('',*,*,#2040,.F.);
#2629=ORIENTED_EDGE('',*,*,#2041,.F.);
#2630=ORIENTED_EDGE('',*,*,#2042,.F.);
#2631=ORIENTED_EDGE('',*,*,#2043,.F.);
#2632=ORIENTED_EDGE('',*,*,#2044,.F.);
#2633=ORIENTED_EDGE('',*,*,#2045,.F.);
#2634=ORIENTED_EDGE('',*,*,#2046,.F.);
#2635=ORIENTED_EDGE('',*,*,#2047,.F.);
#2636=ORIENTED_EDGE('',*,*,#2048,.F.);
#2637=ORIENTED_EDGE('',*,*,#2049,.F.);
#2638=ORIENTED_EDGE('',*,*,#2050,.F.);
#2639=ORIENTED_EDGE('',*,*,#2051,.F.);
#2640=ORIENTED_EDGE('',*,*,#2052,.F.);
#2641=ORIENTED_EDGE('',*,*,#2053,.F.);
#2642=ORIENTED_EDGE('',*,*,#2054,.F.);
#2643=ORIENTED_EDGE('',*,*,#2055,.F.);
#2644=ORIENTED_EDGE('',*,*,#2056,.F.);
#2645=ORIENTED_EDGE('',*,*,#2057,.F.);
#2646=ORIENTED_EDGE('',*,*,#2058,.F.);
#2647=ORIENTED_EDGE('',*,*,#2059,.F.);
#2648=ORIENTED_EDGE('',*,*,#2060,.F.);
#2649=ORIENTED_EDGE('',*,*,#2061,.F.);
#2650=ORIENTED_EDGE('',*,*,#2062,.F.);
#2651=ORIENTED_EDGE('',*,*,#2063,.F.);
#2652=ORIENTED_EDGE('',*,*,#2064,.F.);
#2653=ORIENTED_EDGE('',*,*,#2065,.F.);
#2654=ORIENTED_EDGE('',*,*,#2066,.F.);
#2655=ORIENTED_EDGE('',*,*,#2067,.F.);
#2656=ORIENTED_EDGE('',*,*,#2068,.F.);
#2657=ORIENTED_EDGE('',*,*,#2069,.F.);
#2658=ORIENTED_EDGE('',*,*,#2070,.F.);
#2659=ORIENTED_EDGE('',*,*,#2071,.F.);
#2660=ORIENTED_EDGE('',*,*,#2072,.F.);
#2661=ORIENTED_EDGE('',*,*,#2073,.F.);
#2662=ORIENTED_EDGE('',*,*,#2074,.F.);
#2663=ORIENTED_EDGE('',*,*,#2075,.F.);
#2664=ORIENTED_EDGE('',*,*,#2076,.F.);
#2665=ORIENTED_EDGE('',*,*,#2077,.F.);
#2666=ORIENTED_EDGE('',*,*,#2078,.F.);
#2667=ORIENTED_EDGE('',*,*,#2079,.F.);
#2668=ORIENTED_EDGE('',*,*,#2080,.F.);
#2669=ORIENTED_EDGE('',*,*,#2081,.T.);
#2670=ORIENTED_EDGE('',*,*,#2082,.T.);
#2671=ORIENTED_EDGE('',*,*,#2083,.T.);
#2672=ORIENTED_EDGE('',*,*,#2084,.T.);
#2673=ORIENTED_EDGE('',*,*,#2085,.T.);
#2674=ORIENTED_EDGE('',*,*,#2086,.T.);
#2675=ORIENTED_EDGE('',*,*,#2087,.T.);
#2676=ORIENTED_EDGE('',*,*,#2088,.T.);
#2677=ORIENTED_EDGE('',*,*,#2089,.T.);
#2678=ORIENTED_EDGE('',*,*,#2090,.T.);
#2679=ORIENTED_EDGE('',*,*,#2091,.T.);
#2680=ORIENTED_EDGE('',*,*,#2092,.T.);
#2681=ORIENTED_EDGE('',*,*,#2093,.T.);
#2682=ORIENTED_EDGE('',*,*,#2094,.T.);
#2683=ORIENTED_EDGE('',*,*,#2095,.T.);
#2684=ORIENTED_EDGE('',*,*,#2096,.T.);
#2685=ORIENTED_EDGE('',*,*,#2097,.T.);
#2686=ORIENTED_EDGE('',*,*,#2098,.T.);
#2687=ORIENTED_EDGE('',*,*,#2099,.T.);
#2688=ORIENTED_EDGE('',*,*,#2100,.T.);
#2689=ORIENTED_EDGE('',*,*,#2101,.T.);
#2690=ORIENTED_EDGE('',*,*,#2102,.T.);
#2691=ORIENTED_EDGE('',*,*,#2005,.T.);
#2692=ORIENTED_EDGE('',*,*,#2103,.T.);
#2693=ORIENTED_EDGE('',*,*,#2104,.F.);
#2694=ORIENTED_EDGE('',*,*,#2037,.T.);
#2695=ORIENTED_EDGE('',*,*,#2002,.T.);
#2696=ORIENTED_EDGE('',*,*,#2105,.T.);
#2697=ORIENTED_EDGE('',*,*,#2106,.F.);
#2698=ORIENTED_EDGE('',*,*,#2107,.F.);
#2699=ORIENTED_EDGE('',*,*,#2108,.F.);
#2700=ORIENTED_EDGE('',*,*,#2109,.F.);
#2701=ORIENTED_EDGE('',*,*,#2110,.F.);
#2702=ORIENTED_EDGE('',*,*,#2111,.F.);
#2703=ORIENTED_EDGE('',*,*,#2105,.F.);
#2704=ORIENTED_EDGE('',*,*,#2001,.F.);
#2705=ORIENTED_EDGE('',*,*,#1998,.F.);
#2706=ORIENTED_EDGE('',*,*,#1957,.F.);
#2707=ORIENTED_EDGE('',*,*,#2112,.F.);
#2708=ORIENTED_EDGE('',*,*,#2081,.F.);
#2709=ORIENTED_EDGE('',*,*,#2110,.T.);
#2710=ORIENTED_EDGE('',*,*,#2113,.T.);
#2711=ORIENTED_EDGE('',*,*,#2114,.F.);
#2712=ORIENTED_EDGE('',*,*,#2115,.T.);
#2713=ORIENTED_EDGE('',*,*,#2109,.T.);
#2714=ORIENTED_EDGE('',*,*,#2116,.F.);
#2715=ORIENTED_EDGE('',*,*,#2117,.F.);
#2716=ORIENTED_EDGE('',*,*,#2113,.F.);
#2717=ORIENTED_EDGE('',*,*,#2108,.T.);
#2718=ORIENTED_EDGE('',*,*,#2080,.T.);
#2719=ORIENTED_EDGE('',*,*,#2118,.T.);
#2720=ORIENTED_EDGE('',*,*,#2116,.T.);
#2721=ORIENTED_EDGE('',*,*,#2119,.T.);
#2722=ORIENTED_EDGE('',*,*,#2120,.T.);
#2723=ORIENTED_EDGE('',*,*,#2076,.T.);
#2724=ORIENTED_EDGE('',*,*,#2121,.T.);
#2725=ORIENTED_EDGE('',*,*,#2122,.T.);
#2726=ORIENTED_EDGE('',*,*,#2123,.T.);
#2727=ORIENTED_EDGE('',*,*,#2073,.T.);
#2728=ORIENTED_EDGE('',*,*,#2124,.T.);
#2729=ORIENTED_EDGE('',*,*,#2125,.T.);
#2730=ORIENTED_EDGE('',*,*,#2126,.T.);
#2731=ORIENTED_EDGE('',*,*,#2066,.T.);
#2732=ORIENTED_EDGE('',*,*,#2127,.T.);
#2733=ORIENTED_EDGE('',*,*,#2065,.T.);
#2734=ORIENTED_EDGE('',*,*,#2128,.T.);
#2735=ORIENTED_EDGE('',*,*,#2129,.T.);
#2736=ORIENTED_EDGE('',*,*,#2127,.F.);
#2737=ORIENTED_EDGE('',*,*,#2130,.T.);
#2738=ORIENTED_EDGE('',*,*,#2131,.T.);
#2739=ORIENTED_EDGE('',*,*,#2060,.T.);
#2740=ORIENTED_EDGE('',*,*,#2132,.T.);
#2741=ORIENTED_EDGE('',*,*,#2059,.T.);
#2742=ORIENTED_EDGE('',*,*,#2133,.T.);
#2743=ORIENTED_EDGE('',*,*,#2134,.T.);
#2744=ORIENTED_EDGE('',*,*,#2132,.F.);
#2745=ORIENTED_EDGE('',*,*,#2058,.T.);
#2746=ORIENTED_EDGE('',*,*,#2135,.T.);
#2747=ORIENTED_EDGE('',*,*,#2136,.T.);
#2748=ORIENTED_EDGE('',*,*,#2133,.F.);
#2749=ORIENTED_EDGE('',*,*,#2137,.T.);
#2750=ORIENTED_EDGE('',*,*,#2138,.T.);
#2751=ORIENTED_EDGE('',*,*,#2053,.T.);
#2752=ORIENTED_EDGE('',*,*,#2139,.T.);
#2753=ORIENTED_EDGE('',*,*,#2052,.T.);
#2754=ORIENTED_EDGE('',*,*,#2140,.T.);
#2755=ORIENTED_EDGE('',*,*,#2141,.T.);
#2756=ORIENTED_EDGE('',*,*,#2139,.F.);
#2757=ORIENTED_EDGE('',*,*,#2142,.T.);
#2758=ORIENTED_EDGE('',*,*,#2143,.T.);
#2759=ORIENTED_EDGE('',*,*,#2045,.T.);
#2760=ORIENTED_EDGE('',*,*,#2144,.T.);
#2761=ORIENTED_EDGE('',*,*,#2145,.T.);
#2762=ORIENTED_EDGE('',*,*,#2046,.T.);
#2763=ORIENTED_EDGE('',*,*,#2143,.F.);
#2764=ORIENTED_EDGE('',*,*,#2146,.T.);
#2765=ORIENTED_EDGE('',*,*,#2147,.T.);
#2766=ORIENTED_EDGE('',*,*,#2047,.T.);
#2767=ORIENTED_EDGE('',*,*,#2145,.F.);
#2768=ORIENTED_EDGE('',*,*,#2148,.T.);
#2769=ORIENTED_EDGE('',*,*,#2149,.T.);
#2770=ORIENTED_EDGE('',*,*,#2048,.T.);
#2771=ORIENTED_EDGE('',*,*,#2147,.F.);
#2772=ORIENTED_EDGE('',*,*,#2150,.T.);
#2773=ORIENTED_EDGE('',*,*,#2151,.T.);
#2774=ORIENTED_EDGE('',*,*,#2049,.T.);
#2775=ORIENTED_EDGE('',*,*,#2149,.F.);
#2776=ORIENTED_EDGE('',*,*,#2152,.T.);
#2777=ORIENTED_EDGE('',*,*,#2153,.T.);
#2778=ORIENTED_EDGE('',*,*,#2050,.T.);
#2779=ORIENTED_EDGE('',*,*,#2151,.F.);
#2780=ORIENTED_EDGE('',*,*,#2154,.T.);
#2781=ORIENTED_EDGE('',*,*,#2051,.T.);
#2782=ORIENTED_EDGE('',*,*,#2153,.F.);
#2783=ORIENTED_EDGE('',*,*,#2155,.T.);
#2784=ORIENTED_EDGE('',*,*,#2140,.F.);
#2785=ORIENTED_EDGE('',*,*,#2156,.T.);
#2786=ORIENTED_EDGE('',*,*,#2157,.T.);
#2787=ORIENTED_EDGE('',*,*,#2042,.T.);
#2788=ORIENTED_EDGE('',*,*,#2158,.T.);
#2789=ORIENTED_EDGE('',*,*,#2159,.T.);
#2790=ORIENTED_EDGE('',*,*,#2043,.T.);
#2791=ORIENTED_EDGE('',*,*,#2157,.F.);
#2792=ORIENTED_EDGE('',*,*,#2160,.T.);
#2793=ORIENTED_EDGE('',*,*,#2044,.T.);
#2794=ORIENTED_EDGE('',*,*,#2159,.F.);
#2795=ORIENTED_EDGE('',*,*,#2161,.T.);
#2796=ORIENTED_EDGE('',*,*,#2144,.F.);
#2797=ORIENTED_EDGE('',*,*,#2162,.T.);
#2798=ORIENTED_EDGE('',*,*,#2054,.T.);
#2799=ORIENTED_EDGE('',*,*,#2138,.F.);
#2800=ORIENTED_EDGE('',*,*,#2163,.T.);
#2801=ORIENTED_EDGE('',*,*,#2164,.T.);
#2802=ORIENTED_EDGE('',*,*,#2055,.T.);
#2803=ORIENTED_EDGE('',*,*,#2162,.F.);
#2804=ORIENTED_EDGE('',*,*,#2165,.T.);
#2805=ORIENTED_EDGE('',*,*,#2166,.T.);
#2806=ORIENTED_EDGE('',*,*,#2056,.T.);
#2807=ORIENTED_EDGE('',*,*,#2164,.F.);
#2808=ORIENTED_EDGE('',*,*,#2167,.T.);
#2809=ORIENTED_EDGE('',*,*,#2057,.T.);
#2810=ORIENTED_EDGE('',*,*,#2166,.F.);
#2811=ORIENTED_EDGE('',*,*,#2168,.T.);
#2812=ORIENTED_EDGE('',*,*,#2135,.F.);
#2813=ORIENTED_EDGE('',*,*,#2169,.T.);
#2814=ORIENTED_EDGE('',*,*,#2170,.T.);
#2815=ORIENTED_EDGE('',*,*,#2038,.T.);
#2816=ORIENTED_EDGE('',*,*,#2104,.T.);
#2817=ORIENTED_EDGE('',*,*,#2171,.T.);
#2818=ORIENTED_EDGE('',*,*,#2039,.T.);
#2819=ORIENTED_EDGE('',*,*,#2170,.F.);
#2820=ORIENTED_EDGE('',*,*,#2172,.T.);
#2821=ORIENTED_EDGE('',*,*,#2173,.T.);
#2822=ORIENTED_EDGE('',*,*,#2040,.T.);
#2823=ORIENTED_EDGE('',*,*,#2171,.F.);
#2824=ORIENTED_EDGE('',*,*,#2174,.T.);
#2825=ORIENTED_EDGE('',*,*,#2041,.T.);
#2826=ORIENTED_EDGE('',*,*,#2173,.F.);
#2827=ORIENTED_EDGE('',*,*,#2175,.T.);
#2828=ORIENTED_EDGE('',*,*,#2158,.F.);
#2829=ORIENTED_EDGE('',*,*,#2176,.T.);
#2830=ORIENTED_EDGE('',*,*,#2061,.T.);
#2831=ORIENTED_EDGE('',*,*,#2131,.F.);
#2832=ORIENTED_EDGE('',*,*,#2177,.T.);
#2833=ORIENTED_EDGE('',*,*,#2178,.T.);
#2834=ORIENTED_EDGE('',*,*,#2062,.T.);
#2835=ORIENTED_EDGE('',*,*,#2176,.F.);
#2836=ORIENTED_EDGE('',*,*,#2179,.T.);
#2837=ORIENTED_EDGE('',*,*,#2180,.T.);
#2838=ORIENTED_EDGE('',*,*,#2063,.T.);
#2839=ORIENTED_EDGE('',*,*,#2178,.F.);
#2840=ORIENTED_EDGE('',*,*,#2181,.T.);
#2841=ORIENTED_EDGE('',*,*,#2064,.T.);
#2842=ORIENTED_EDGE('',*,*,#2180,.F.);
#2843=ORIENTED_EDGE('',*,*,#2182,.T.);
#2844=ORIENTED_EDGE('',*,*,#2128,.F.);
#2845=ORIENTED_EDGE('',*,*,#2183,.T.);
#2846=ORIENTED_EDGE('',*,*,#2067,.T.);
#2847=ORIENTED_EDGE('',*,*,#2126,.F.);
#2848=ORIENTED_EDGE('',*,*,#2184,.T.);
#2849=ORIENTED_EDGE('',*,*,#2185,.T.);
#2850=ORIENTED_EDGE('',*,*,#2068,.T.);
#2851=ORIENTED_EDGE('',*,*,#2183,.F.);
#2852=ORIENTED_EDGE('',*,*,#2186,.T.);
#2853=ORIENTED_EDGE('',*,*,#2187,.T.);
#2854=ORIENTED_EDGE('',*,*,#2069,.T.);
#2855=ORIENTED_EDGE('',*,*,#2185,.F.);
#2856=ORIENTED_EDGE('',*,*,#2188,.T.);
#2857=ORIENTED_EDGE('',*,*,#2189,.T.);
#2858=ORIENTED_EDGE('',*,*,#2070,.T.);
#2859=ORIENTED_EDGE('',*,*,#2187,.F.);
#2860=ORIENTED_EDGE('',*,*,#2190,.T.);
#2861=ORIENTED_EDGE('',*,*,#2191,.T.);
#2862=ORIENTED_EDGE('',*,*,#2071,.T.);
#2863=ORIENTED_EDGE('',*,*,#2189,.F.);
#2864=ORIENTED_EDGE('',*,*,#2192,.T.);
#2865=ORIENTED_EDGE('',*,*,#2072,.T.);
#2866=ORIENTED_EDGE('',*,*,#2191,.F.);
#2867=ORIENTED_EDGE('',*,*,#2193,.T.);
#2868=ORIENTED_EDGE('',*,*,#2124,.F.);
#2869=ORIENTED_EDGE('',*,*,#2194,.T.);
#2870=ORIENTED_EDGE('',*,*,#2074,.T.);
#2871=ORIENTED_EDGE('',*,*,#2123,.F.);
#2872=ORIENTED_EDGE('',*,*,#2195,.T.);
#2873=ORIENTED_EDGE('',*,*,#2075,.T.);
#2874=ORIENTED_EDGE('',*,*,#2194,.F.);
#2875=ORIENTED_EDGE('',*,*,#2196,.T.);
#2876=ORIENTED_EDGE('',*,*,#2121,.F.);
#2877=ORIENTED_EDGE('',*,*,#2197,.T.);
#2878=ORIENTED_EDGE('',*,*,#2077,.T.);
#2879=ORIENTED_EDGE('',*,*,#2120,.F.);
#2880=ORIENTED_EDGE('',*,*,#2198,.T.);
#2881=ORIENTED_EDGE('',*,*,#2199,.T.);
#2882=ORIENTED_EDGE('',*,*,#2078,.T.);
#2883=ORIENTED_EDGE('',*,*,#2197,.F.);
#2884=ORIENTED_EDGE('',*,*,#2200,.T.);
#2885=ORIENTED_EDGE('',*,*,#2079,.T.);
#2886=ORIENTED_EDGE('',*,*,#2199,.F.);
#2887=ORIENTED_EDGE('',*,*,#2201,.T.);
#2888=ORIENTED_EDGE('',*,*,#2118,.F.);
#2889=ORIENTED_EDGE('',*,*,#2201,.F.);
#2890=ORIENTED_EDGE('',*,*,#2202,.F.);
#2891=ORIENTED_EDGE('',*,*,#2203,.F.);
#2892=ORIENTED_EDGE('',*,*,#2117,.T.);
#2893=ORIENTED_EDGE('',*,*,#2200,.F.);
#2894=ORIENTED_EDGE('',*,*,#2204,.F.);
#2895=ORIENTED_EDGE('',*,*,#2205,.F.);
#2896=ORIENTED_EDGE('',*,*,#2202,.T.);
#2897=ORIENTED_EDGE('',*,*,#2198,.F.);
#2898=ORIENTED_EDGE('',*,*,#2206,.F.);
#2899=ORIENTED_EDGE('',*,*,#2207,.F.);
#2900=ORIENTED_EDGE('',*,*,#2204,.T.);
#2901=ORIENTED_EDGE('',*,*,#2119,.F.);
#2902=ORIENTED_EDGE('',*,*,#2208,.F.);
#2903=ORIENTED_EDGE('',*,*,#2209,.F.);
#2904=ORIENTED_EDGE('',*,*,#2206,.T.);
#2905=ORIENTED_EDGE('',*,*,#2196,.F.);
#2906=ORIENTED_EDGE('',*,*,#2210,.F.);
#2907=ORIENTED_EDGE('',*,*,#2211,.F.);
#2908=ORIENTED_EDGE('',*,*,#2208,.T.);
#2909=ORIENTED_EDGE('',*,*,#2195,.F.);
#2910=ORIENTED_EDGE('',*,*,#2212,.F.);
#2911=ORIENTED_EDGE('',*,*,#2213,.F.);
#2912=ORIENTED_EDGE('',*,*,#2210,.T.);
#2913=ORIENTED_EDGE('',*,*,#2122,.F.);
#2914=ORIENTED_EDGE('',*,*,#2214,.F.);
#2915=ORIENTED_EDGE('',*,*,#2215,.F.);
#2916=ORIENTED_EDGE('',*,*,#2212,.T.);
#2917=ORIENTED_EDGE('',*,*,#2193,.F.);
#2918=ORIENTED_EDGE('',*,*,#2216,.F.);
#2919=ORIENTED_EDGE('',*,*,#2217,.F.);
#2920=ORIENTED_EDGE('',*,*,#2214,.T.);
#2921=ORIENTED_EDGE('',*,*,#2192,.F.);
#2922=ORIENTED_EDGE('',*,*,#2218,.F.);
#2923=ORIENTED_EDGE('',*,*,#2219,.F.);
#2924=ORIENTED_EDGE('',*,*,#2216,.T.);
#2925=ORIENTED_EDGE('',*,*,#2190,.F.);
#2926=ORIENTED_EDGE('',*,*,#2220,.F.);
#2927=ORIENTED_EDGE('',*,*,#2221,.F.);
#2928=ORIENTED_EDGE('',*,*,#2218,.T.);
#2929=ORIENTED_EDGE('',*,*,#2188,.F.);
#2930=ORIENTED_EDGE('',*,*,#2222,.F.);
#2931=ORIENTED_EDGE('',*,*,#2223,.F.);
#2932=ORIENTED_EDGE('',*,*,#2220,.T.);
#2933=ORIENTED_EDGE('',*,*,#2186,.F.);
#2934=ORIENTED_EDGE('',*,*,#2224,.F.);
#2935=ORIENTED_EDGE('',*,*,#2225,.F.);
#2936=ORIENTED_EDGE('',*,*,#2222,.T.);
#2937=ORIENTED_EDGE('',*,*,#2184,.F.);
#2938=ORIENTED_EDGE('',*,*,#2226,.F.);
#2939=ORIENTED_EDGE('',*,*,#2227,.F.);
#2940=ORIENTED_EDGE('',*,*,#2224,.T.);
#2941=ORIENTED_EDGE('',*,*,#2125,.F.);
#2942=ORIENTED_EDGE('',*,*,#2228,.F.);
#2943=ORIENTED_EDGE('',*,*,#2229,.F.);
#2944=ORIENTED_EDGE('',*,*,#2226,.T.);
#2945=ORIENTED_EDGE('',*,*,#2129,.F.);
#2946=ORIENTED_EDGE('',*,*,#2230,.F.);
#2947=ORIENTED_EDGE('',*,*,#2231,.F.);
#2948=ORIENTED_EDGE('',*,*,#2228,.T.);
#2949=ORIENTED_EDGE('',*,*,#2182,.F.);
#2950=ORIENTED_EDGE('',*,*,#2232,.F.);
#2951=ORIENTED_EDGE('',*,*,#2233,.F.);
#2952=ORIENTED_EDGE('',*,*,#2230,.T.);
#2953=ORIENTED_EDGE('',*,*,#2181,.F.);
#2954=ORIENTED_EDGE('',*,*,#2234,.F.);
#2955=ORIENTED_EDGE('',*,*,#2235,.F.);
#2956=ORIENTED_EDGE('',*,*,#2232,.T.);
#2957=ORIENTED_EDGE('',*,*,#2179,.F.);
#2958=ORIENTED_EDGE('',*,*,#2236,.F.);
#2959=ORIENTED_EDGE('',*,*,#2237,.F.);
#2960=ORIENTED_EDGE('',*,*,#2234,.T.);
#2961=ORIENTED_EDGE('',*,*,#2177,.F.);
#2962=ORIENTED_EDGE('',*,*,#2238,.F.);
#2963=ORIENTED_EDGE('',*,*,#2239,.F.);
#2964=ORIENTED_EDGE('',*,*,#2236,.T.);
#2965=ORIENTED_EDGE('',*,*,#2130,.F.);
#2966=ORIENTED_EDGE('',*,*,#2240,.F.);
#2967=ORIENTED_EDGE('',*,*,#2241,.F.);
#2968=ORIENTED_EDGE('',*,*,#2238,.T.);
#2969=ORIENTED_EDGE('',*,*,#2134,.F.);
#2970=ORIENTED_EDGE('',*,*,#2242,.F.);
#2971=ORIENTED_EDGE('',*,*,#2243,.F.);
#2972=ORIENTED_EDGE('',*,*,#2240,.T.);
#2973=ORIENTED_EDGE('',*,*,#2136,.F.);
#2974=ORIENTED_EDGE('',*,*,#2244,.F.);
#2975=ORIENTED_EDGE('',*,*,#2245,.F.);
#2976=ORIENTED_EDGE('',*,*,#2242,.T.);
#2977=ORIENTED_EDGE('',*,*,#2168,.F.);
#2978=ORIENTED_EDGE('',*,*,#2246,.F.);
#2979=ORIENTED_EDGE('',*,*,#2247,.F.);
#2980=ORIENTED_EDGE('',*,*,#2244,.T.);
#2981=ORIENTED_EDGE('',*,*,#2167,.F.);
#2982=ORIENTED_EDGE('',*,*,#2248,.T.);
#2983=ORIENTED_EDGE('',*,*,#2249,.F.);
#2984=ORIENTED_EDGE('',*,*,#2246,.T.);
#2985=ORIENTED_EDGE('',*,*,#2165,.F.);
#2986=ORIENTED_EDGE('',*,*,#2250,.F.);
#2987=ORIENTED_EDGE('',*,*,#2251,.F.);
#2988=ORIENTED_EDGE('',*,*,#2248,.F.);
#2989=ORIENTED_EDGE('',*,*,#2163,.F.);
#2990=ORIENTED_EDGE('',*,*,#2252,.F.);
#2991=ORIENTED_EDGE('',*,*,#2253,.F.);
#2992=ORIENTED_EDGE('',*,*,#2250,.T.);
#2993=ORIENTED_EDGE('',*,*,#2137,.F.);
#2994=ORIENTED_EDGE('',*,*,#2254,.F.);
#2995=ORIENTED_EDGE('',*,*,#2255,.F.);
#2996=ORIENTED_EDGE('',*,*,#2252,.T.);
#2997=ORIENTED_EDGE('',*,*,#2141,.F.);
#2998=ORIENTED_EDGE('',*,*,#2256,.F.);
#2999=ORIENTED_EDGE('',*,*,#2257,.F.);
#3000=ORIENTED_EDGE('',*,*,#2254,.T.);
#3001=ORIENTED_EDGE('',*,*,#2155,.F.);
#3002=ORIENTED_EDGE('',*,*,#2258,.F.);
#3003=ORIENTED_EDGE('',*,*,#2259,.F.);
#3004=ORIENTED_EDGE('',*,*,#2256,.T.);
#3005=ORIENTED_EDGE('',*,*,#2154,.F.);
#3006=ORIENTED_EDGE('',*,*,#2260,.F.);
#3007=ORIENTED_EDGE('',*,*,#2261,.F.);
#3008=ORIENTED_EDGE('',*,*,#2258,.T.);
#3009=ORIENTED_EDGE('',*,*,#2152,.F.);
#3010=ORIENTED_EDGE('',*,*,#2262,.F.);
#3011=ORIENTED_EDGE('',*,*,#2263,.F.);
#3012=ORIENTED_EDGE('',*,*,#2260,.T.);
#3013=ORIENTED_EDGE('',*,*,#2150,.F.);
#3014=ORIENTED_EDGE('',*,*,#2264,.F.);
#3015=ORIENTED_EDGE('',*,*,#2265,.F.);
#3016=ORIENTED_EDGE('',*,*,#2262,.T.);
#3017=ORIENTED_EDGE('',*,*,#2148,.F.);
#3018=ORIENTED_EDGE('',*,*,#2266,.F.);
#3019=ORIENTED_EDGE('',*,*,#2267,.F.);
#3020=ORIENTED_EDGE('',*,*,#2264,.T.);
#3021=ORIENTED_EDGE('',*,*,#2146,.F.);
#3022=ORIENTED_EDGE('',*,*,#2268,.F.);
#3023=ORIENTED_EDGE('',*,*,#2269,.F.);
#3024=ORIENTED_EDGE('',*,*,#2266,.T.);
#3025=ORIENTED_EDGE('',*,*,#2142,.F.);
#3026=ORIENTED_EDGE('',*,*,#2270,.F.);
#3027=ORIENTED_EDGE('',*,*,#2271,.F.);
#3028=ORIENTED_EDGE('',*,*,#2268,.T.);
#3029=ORIENTED_EDGE('',*,*,#2161,.F.);
#3030=ORIENTED_EDGE('',*,*,#2272,.F.);
#3031=ORIENTED_EDGE('',*,*,#2273,.F.);
#3032=ORIENTED_EDGE('',*,*,#2270,.T.);
#3033=ORIENTED_EDGE('',*,*,#2160,.F.);
#3034=ORIENTED_EDGE('',*,*,#2274,.F.);
#3035=ORIENTED_EDGE('',*,*,#2275,.F.);
#3036=ORIENTED_EDGE('',*,*,#2272,.T.);
#3037=ORIENTED_EDGE('',*,*,#2156,.F.);
#3038=ORIENTED_EDGE('',*,*,#2276,.F.);
#3039=ORIENTED_EDGE('',*,*,#2277,.F.);
#3040=ORIENTED_EDGE('',*,*,#2274,.T.);
#3041=ORIENTED_EDGE('',*,*,#2175,.F.);
#3042=ORIENTED_EDGE('',*,*,#2278,.F.);
#3043=ORIENTED_EDGE('',*,*,#2279,.F.);
#3044=ORIENTED_EDGE('',*,*,#2276,.T.);
#3045=ORIENTED_EDGE('',*,*,#2174,.F.);
#3046=ORIENTED_EDGE('',*,*,#2280,.F.);
#3047=ORIENTED_EDGE('',*,*,#2281,.F.);
#3048=ORIENTED_EDGE('',*,*,#2278,.T.);
#3049=ORIENTED_EDGE('',*,*,#2172,.F.);
#3050=ORIENTED_EDGE('',*,*,#2282,.F.);
#3051=ORIENTED_EDGE('',*,*,#2283,.F.);
#3052=ORIENTED_EDGE('',*,*,#2280,.T.);
#3053=ORIENTED_EDGE('',*,*,#2169,.F.);
#3054=ORIENTED_EDGE('',*,*,#2284,.F.);
#3055=ORIENTED_EDGE('',*,*,#2285,.F.);
#3056=ORIENTED_EDGE('',*,*,#2282,.T.);
#3057=ORIENTED_EDGE('',*,*,#2112,.T.);
#3058=ORIENTED_EDGE('',*,*,#1956,.F.);
#3059=ORIENTED_EDGE('',*,*,#2286,.T.);
#3060=ORIENTED_EDGE('',*,*,#2082,.F.);
#3061=ORIENTED_EDGE('',*,*,#2010,.T.);
#3062=ORIENTED_EDGE('',*,*,#2287,.F.);
#3063=ORIENTED_EDGE('',*,*,#2284,.T.);
#3064=ORIENTED_EDGE('',*,*,#2103,.F.);
#3065=ORIENTED_EDGE('',*,*,#2288,.T.);
#3066=ORIENTED_EDGE('',*,*,#2289,.T.);
#3067=ORIENTED_EDGE('',*,*,#2290,.T.);
#3068=ORIENTED_EDGE('',*,*,#2289,.F.);
#3069=ORIENTED_EDGE('',*,*,#1996,.F.);
#3070=ORIENTED_EDGE('',*,*,#2291,.T.);
#3071=ORIENTED_EDGE('',*,*,#2106,.T.);
#3072=ORIENTED_EDGE('',*,*,#2111,.T.);
#3073=ORIENTED_EDGE('',*,*,#2115,.F.);
#3074=ORIENTED_EDGE('',*,*,#2292,.F.);
#3075=ORIENTED_EDGE('',*,*,#2293,.F.);
#3076=ORIENTED_EDGE('',*,*,#2294,.F.);
#3077=ORIENTED_EDGE('',*,*,#2295,.F.);
#3078=ORIENTED_EDGE('',*,*,#2296,.F.);
#3079=ORIENTED_EDGE('',*,*,#2297,.F.);
#3080=ORIENTED_EDGE('',*,*,#2298,.F.);
#3081=ORIENTED_EDGE('',*,*,#2299,.F.);
#3082=ORIENTED_EDGE('',*,*,#2300,.F.);
#3083=ORIENTED_EDGE('',*,*,#2301,.F.);
#3084=ORIENTED_EDGE('',*,*,#2302,.F.);
#3085=ORIENTED_EDGE('',*,*,#2303,.F.);
#3086=ORIENTED_EDGE('',*,*,#2304,.F.);
#3087=ORIENTED_EDGE('',*,*,#2305,.F.);
#3088=ORIENTED_EDGE('',*,*,#2306,.F.);
#3089=ORIENTED_EDGE('',*,*,#2307,.F.);
#3090=ORIENTED_EDGE('',*,*,#2308,.F.);
#3091=ORIENTED_EDGE('',*,*,#2309,.F.);
#3092=ORIENTED_EDGE('',*,*,#2310,.F.);
#3093=ORIENTED_EDGE('',*,*,#2311,.F.);
#3094=ORIENTED_EDGE('',*,*,#2312,.F.);
#3095=ORIENTED_EDGE('',*,*,#2313,.F.);
#3096=ORIENTED_EDGE('',*,*,#2314,.F.);
#3097=ORIENTED_EDGE('',*,*,#2315,.F.);
#3098=ORIENTED_EDGE('',*,*,#2316,.F.);
#3099=ORIENTED_EDGE('',*,*,#2317,.F.);
#3100=ORIENTED_EDGE('',*,*,#2318,.F.);
#3101=ORIENTED_EDGE('',*,*,#2319,.F.);
#3102=ORIENTED_EDGE('',*,*,#2320,.F.);
#3103=ORIENTED_EDGE('',*,*,#2321,.F.);
#3104=ORIENTED_EDGE('',*,*,#2322,.F.);
#3105=ORIENTED_EDGE('',*,*,#2323,.F.);
#3106=ORIENTED_EDGE('',*,*,#2324,.F.);
#3107=ORIENTED_EDGE('',*,*,#2325,.F.);
#3108=ORIENTED_EDGE('',*,*,#2326,.F.);
#3109=ORIENTED_EDGE('',*,*,#2327,.F.);
#3110=ORIENTED_EDGE('',*,*,#2328,.F.);
#3111=ORIENTED_EDGE('',*,*,#2329,.F.);
#3112=ORIENTED_EDGE('',*,*,#2330,.F.);
#3113=ORIENTED_EDGE('',*,*,#2331,.F.);
#3114=ORIENTED_EDGE('',*,*,#2332,.F.);
#3115=ORIENTED_EDGE('',*,*,#2333,.F.);
#3116=ORIENTED_EDGE('',*,*,#2334,.F.);
#3117=ORIENTED_EDGE('',*,*,#2008,.T.);
#3118=ORIENTED_EDGE('',*,*,#1900,.T.);
#3119=ORIENTED_EDGE('',*,*,#1903,.T.);
#3120=ORIENTED_EDGE('',*,*,#1906,.T.);
#3121=ORIENTED_EDGE('',*,*,#1909,.T.);
#3122=ORIENTED_EDGE('',*,*,#1912,.T.);
#3123=ORIENTED_EDGE('',*,*,#1915,.T.);
#3124=ORIENTED_EDGE('',*,*,#1918,.T.);
#3125=ORIENTED_EDGE('',*,*,#1921,.T.);
#3126=ORIENTED_EDGE('',*,*,#1924,.T.);
#3127=ORIENTED_EDGE('',*,*,#1927,.T.);
#3128=ORIENTED_EDGE('',*,*,#1930,.T.);
#3129=ORIENTED_EDGE('',*,*,#1933,.T.);
#3130=ORIENTED_EDGE('',*,*,#2335,.F.);
#3131=ORIENTED_EDGE('',*,*,#2336,.F.);
#3132=ORIENTED_EDGE('',*,*,#2337,.F.);
#3133=ORIENTED_EDGE('',*,*,#2338,.F.);
#3134=ORIENTED_EDGE('',*,*,#2339,.F.);
#3135=ORIENTED_EDGE('',*,*,#2340,.F.);
#3136=ORIENTED_EDGE('',*,*,#2341,.F.);
#3137=ORIENTED_EDGE('',*,*,#2342,.F.);
#3138=ORIENTED_EDGE('',*,*,#2290,.F.);
#3139=ORIENTED_EDGE('',*,*,#1993,.F.);
#3140=ORIENTED_EDGE('',*,*,#2343,.T.);
#3141=ORIENTED_EDGE('',*,*,#2288,.F.);
#3142=ORIENTED_EDGE('',*,*,#2343,.F.);
#3143=ORIENTED_EDGE('',*,*,#2344,.T.);
#3144=ORIENTED_EDGE('',*,*,#2345,.T.);
#3145=ORIENTED_EDGE('',*,*,#2335,.T.);
#3146=ORIENTED_EDGE('',*,*,#2345,.F.);
#3147=ORIENTED_EDGE('',*,*,#1988,.F.);
#3148=ORIENTED_EDGE('',*,*,#2346,.T.);
#3149=ORIENTED_EDGE('',*,*,#2344,.F.);
#3150=ORIENTED_EDGE('',*,*,#2346,.F.);
#3151=ORIENTED_EDGE('',*,*,#2347,.T.);
#3152=ORIENTED_EDGE('',*,*,#2348,.T.);
#3153=ORIENTED_EDGE('',*,*,#2342,.T.);
#3154=ORIENTED_EDGE('',*,*,#2348,.F.);
#3155=ORIENTED_EDGE('',*,*,#1992,.F.);
#3156=ORIENTED_EDGE('',*,*,#2349,.T.);
#3157=ORIENTED_EDGE('',*,*,#2347,.F.);
#3158=ORIENTED_EDGE('',*,*,#2349,.F.);
#3159=ORIENTED_EDGE('',*,*,#2350,.T.);
#3160=ORIENTED_EDGE('',*,*,#2351,.T.);
#3161=ORIENTED_EDGE('',*,*,#2336,.T.);
#3162=ORIENTED_EDGE('',*,*,#2351,.F.);
#3163=ORIENTED_EDGE('',*,*,#1990,.F.);
#3164=ORIENTED_EDGE('',*,*,#2352,.T.);
#3165=ORIENTED_EDGE('',*,*,#2350,.F.);
#3166=ORIENTED_EDGE('',*,*,#2352,.F.);
#3167=ORIENTED_EDGE('',*,*,#2353,.T.);
#3168=ORIENTED_EDGE('',*,*,#2354,.T.);
#3169=ORIENTED_EDGE('',*,*,#2341,.T.);
#3170=ORIENTED_EDGE('',*,*,#2354,.F.);
#3171=ORIENTED_EDGE('',*,*,#1986,.F.);
#3172=ORIENTED_EDGE('',*,*,#2355,.T.);
#3173=ORIENTED_EDGE('',*,*,#2353,.F.);
#3174=ORIENTED_EDGE('',*,*,#2355,.F.);
#3175=ORIENTED_EDGE('',*,*,#2356,.T.);
#3176=ORIENTED_EDGE('',*,*,#2357,.T.);
#3177=ORIENTED_EDGE('',*,*,#2337,.T.);
#3178=ORIENTED_EDGE('',*,*,#2357,.F.);
#3179=ORIENTED_EDGE('',*,*,#1987,.F.);
#3180=ORIENTED_EDGE('',*,*,#2358,.T.);
#3181=ORIENTED_EDGE('',*,*,#2356,.F.);
#3182=ORIENTED_EDGE('',*,*,#2358,.F.);
#3183=ORIENTED_EDGE('',*,*,#2359,.T.);
#3184=ORIENTED_EDGE('',*,*,#2360,.T.);
#3185=ORIENTED_EDGE('',*,*,#2340,.T.);
#3186=ORIENTED_EDGE('',*,*,#2360,.F.);
#3187=ORIENTED_EDGE('',*,*,#1991,.F.);
#3188=ORIENTED_EDGE('',*,*,#2361,.T.);
#3189=ORIENTED_EDGE('',*,*,#2359,.F.);
#3190=ORIENTED_EDGE('',*,*,#2361,.F.);
#3191=ORIENTED_EDGE('',*,*,#2362,.T.);
#3192=ORIENTED_EDGE('',*,*,#2363,.T.);
#3193=ORIENTED_EDGE('',*,*,#2338,.T.);
#3194=ORIENTED_EDGE('',*,*,#2363,.F.);
#3195=ORIENTED_EDGE('',*,*,#1989,.F.);
#3196=ORIENTED_EDGE('',*,*,#2364,.T.);
#3197=ORIENTED_EDGE('',*,*,#2362,.F.);
#3198=ORIENTED_EDGE('',*,*,#2364,.F.);
#3199=ORIENTED_EDGE('',*,*,#2365,.T.);
#3200=ORIENTED_EDGE('',*,*,#2366,.T.);
#3201=ORIENTED_EDGE('',*,*,#2339,.T.);
#3202=ORIENTED_EDGE('',*,*,#2366,.F.);
#3203=ORIENTED_EDGE('',*,*,#1985,.F.);
#3204=ORIENTED_EDGE('',*,*,#2367,.T.);
#3205=ORIENTED_EDGE('',*,*,#2365,.F.);
#3206=ORIENTED_EDGE('',*,*,#2367,.F.);
#3207=ORIENTED_EDGE('',*,*,#2003,.T.);
#3208=ORIENTED_EDGE('',*,*,#2107,.T.);
#3209=ORIENTED_EDGE('',*,*,#2291,.F.);
#3210=ORIENTED_EDGE('',*,*,#1995,.F.);
#3211=ORIENTED_EDGE('',*,*,#2203,.T.);
#3212=ORIENTED_EDGE('',*,*,#2368,.T.);
#3213=ORIENTED_EDGE('',*,*,#2292,.T.);
#3214=ORIENTED_EDGE('',*,*,#2114,.T.);
#3215=ORIENTED_EDGE('',*,*,#2009,.T.);
#3216=ORIENTED_EDGE('',*,*,#2334,.T.);
#3217=ORIENTED_EDGE('',*,*,#2369,.T.);
#3218=ORIENTED_EDGE('',*,*,#2287,.T.);
#3219=ORIENTED_EDGE('',*,*,#2279,.T.);
#3220=ORIENTED_EDGE('',*,*,#2370,.T.);
#3221=ORIENTED_EDGE('',*,*,#2330,.T.);
#3222=ORIENTED_EDGE('',*,*,#2371,.T.);
#3223=ORIENTED_EDGE('',*,*,#2231,.T.);
#3224=ORIENTED_EDGE('',*,*,#2372,.T.);
#3225=ORIENTED_EDGE('',*,*,#2306,.T.);
#3226=ORIENTED_EDGE('',*,*,#2373,.T.);
#3227=ORIENTED_EDGE('',*,*,#2273,.T.);
#3228=ORIENTED_EDGE('',*,*,#2374,.T.);
#3229=ORIENTED_EDGE('',*,*,#2327,.T.);
#3230=ORIENTED_EDGE('',*,*,#2375,.T.);
#3231=ORIENTED_EDGE('',*,*,#2259,.T.);
#3232=ORIENTED_EDGE('',*,*,#2376,.T.);
#3233=ORIENTED_EDGE('',*,*,#2320,.T.);
#3234=ORIENTED_EDGE('',*,*,#2377,.T.);
#3235=ORIENTED_EDGE('',*,*,#2245,.T.);
#3236=ORIENTED_EDGE('',*,*,#2378,.T.);
#3237=ORIENTED_EDGE('',*,*,#2313,.T.);
#3238=ORIENTED_EDGE('',*,*,#2379,.T.);
#3239=ORIENTED_EDGE('',*,*,#2378,.F.);
#3240=ORIENTED_EDGE('',*,*,#2247,.T.);
#3241=ORIENTED_EDGE('',*,*,#2380,.T.);
#3242=ORIENTED_EDGE('',*,*,#2314,.T.);
#3243=ORIENTED_EDGE('',*,*,#2381,.T.);
#3244=ORIENTED_EDGE('',*,*,#2315,.T.);
#3245=ORIENTED_EDGE('',*,*,#2380,.F.);
#3246=ORIENTED_EDGE('',*,*,#2249,.T.);
#3247=ORIENTED_EDGE('',*,*,#2382,.T.);
#3248=ORIENTED_EDGE('',*,*,#2316,.T.);
#3249=ORIENTED_EDGE('',*,*,#2381,.F.);
#3250=ORIENTED_EDGE('',*,*,#2251,.T.);
#3251=ORIENTED_EDGE('',*,*,#2383,.T.);
#3252=ORIENTED_EDGE('',*,*,#2317,.T.);
#3253=ORIENTED_EDGE('',*,*,#2382,.F.);
#3254=ORIENTED_EDGE('',*,*,#2253,.T.);
#3255=ORIENTED_EDGE('',*,*,#2384,.T.);
#3256=ORIENTED_EDGE('',*,*,#2318,.T.);
#3257=ORIENTED_EDGE('',*,*,#2383,.F.);
#3258=ORIENTED_EDGE('',*,*,#2255,.T.);
#3259=ORIENTED_EDGE('',*,*,#2319,.T.);
#3260=ORIENTED_EDGE('',*,*,#2384,.F.);
#3261=ORIENTED_EDGE('',*,*,#2257,.T.);
#3262=ORIENTED_EDGE('',*,*,#2377,.F.);
#3263=ORIENTED_EDGE('',*,*,#2243,.T.);
#3264=ORIENTED_EDGE('',*,*,#2379,.F.);
#3265=ORIENTED_EDGE('',*,*,#2312,.T.);
#3266=ORIENTED_EDGE('',*,*,#2385,.T.);
#3267=ORIENTED_EDGE('',*,*,#2386,.T.);
#3268=ORIENTED_EDGE('',*,*,#2321,.T.);
#3269=ORIENTED_EDGE('',*,*,#2376,.F.);
#3270=ORIENTED_EDGE('',*,*,#2261,.T.);
#3271=ORIENTED_EDGE('',*,*,#2387,.T.);
#3272=ORIENTED_EDGE('',*,*,#2322,.T.);
#3273=ORIENTED_EDGE('',*,*,#2386,.F.);
#3274=ORIENTED_EDGE('',*,*,#2263,.T.);
#3275=ORIENTED_EDGE('',*,*,#2388,.T.);
#3276=ORIENTED_EDGE('',*,*,#2323,.T.);
#3277=ORIENTED_EDGE('',*,*,#2387,.F.);
#3278=ORIENTED_EDGE('',*,*,#2265,.T.);
#3279=ORIENTED_EDGE('',*,*,#2389,.T.);
#3280=ORIENTED_EDGE('',*,*,#2324,.T.);
#3281=ORIENTED_EDGE('',*,*,#2388,.F.);
#3282=ORIENTED_EDGE('',*,*,#2267,.T.);
#3283=ORIENTED_EDGE('',*,*,#2390,.T.);
#3284=ORIENTED_EDGE('',*,*,#2325,.T.);
#3285=ORIENTED_EDGE('',*,*,#2389,.F.);
#3286=ORIENTED_EDGE('',*,*,#2269,.T.);
#3287=ORIENTED_EDGE('',*,*,#2326,.T.);
#3288=ORIENTED_EDGE('',*,*,#2390,.F.);
#3289=ORIENTED_EDGE('',*,*,#2271,.T.);
#3290=ORIENTED_EDGE('',*,*,#2375,.F.);
#3291=ORIENTED_EDGE('',*,*,#2372,.F.);
#3292=ORIENTED_EDGE('',*,*,#2233,.T.);
#3293=ORIENTED_EDGE('',*,*,#2391,.T.);
#3294=ORIENTED_EDGE('',*,*,#2307,.T.);
#3295=ORIENTED_EDGE('',*,*,#2392,.T.);
#3296=ORIENTED_EDGE('',*,*,#2308,.T.);
#3297=ORIENTED_EDGE('',*,*,#2391,.F.);
#3298=ORIENTED_EDGE('',*,*,#2235,.T.);
#3299=ORIENTED_EDGE('',*,*,#2393,.T.);
#3300=ORIENTED_EDGE('',*,*,#2309,.T.);
#3301=ORIENTED_EDGE('',*,*,#2392,.F.);
#3302=ORIENTED_EDGE('',*,*,#2237,.T.);
#3303=ORIENTED_EDGE('',*,*,#2394,.T.);
#3304=ORIENTED_EDGE('',*,*,#2310,.T.);
#3305=ORIENTED_EDGE('',*,*,#2393,.F.);
#3306=ORIENTED_EDGE('',*,*,#2239,.T.);
#3307=ORIENTED_EDGE('',*,*,#2311,.T.);
#3308=ORIENTED_EDGE('',*,*,#2394,.F.);
#3309=ORIENTED_EDGE('',*,*,#2241,.T.);
#3310=ORIENTED_EDGE('',*,*,#2385,.F.);
#3311=ORIENTED_EDGE('',*,*,#2395,.T.);
#3312=ORIENTED_EDGE('',*,*,#2328,.T.);
#3313=ORIENTED_EDGE('',*,*,#2374,.F.);
#3314=ORIENTED_EDGE('',*,*,#2275,.T.);
#3315=ORIENTED_EDGE('',*,*,#2329,.T.);
#3316=ORIENTED_EDGE('',*,*,#2395,.F.);
#3317=ORIENTED_EDGE('',*,*,#2277,.T.);
#3318=ORIENTED_EDGE('',*,*,#2371,.F.);
#3319=ORIENTED_EDGE('',*,*,#2396,.T.);
#3320=ORIENTED_EDGE('',*,*,#2331,.T.);
#3321=ORIENTED_EDGE('',*,*,#2370,.F.);
#3322=ORIENTED_EDGE('',*,*,#2281,.T.);
#3323=ORIENTED_EDGE('',*,*,#2397,.T.);
#3324=ORIENTED_EDGE('',*,*,#2332,.T.);
#3325=ORIENTED_EDGE('',*,*,#2396,.F.);
#3326=ORIENTED_EDGE('',*,*,#2283,.T.);
#3327=ORIENTED_EDGE('',*,*,#2333,.T.);
#3328=ORIENTED_EDGE('',*,*,#2397,.F.);
#3329=ORIENTED_EDGE('',*,*,#2285,.T.);
#3330=ORIENTED_EDGE('',*,*,#2369,.F.);
#3331=ORIENTED_EDGE('',*,*,#2217,.T.);
#3332=ORIENTED_EDGE('',*,*,#2398,.T.);
#3333=ORIENTED_EDGE('',*,*,#2299,.T.);
#3334=ORIENTED_EDGE('',*,*,#2399,.T.);
#3335=ORIENTED_EDGE('',*,*,#2400,.T.);
#3336=ORIENTED_EDGE('',*,*,#2300,.T.);
#3337=ORIENTED_EDGE('',*,*,#2398,.F.);
#3338=ORIENTED_EDGE('',*,*,#2219,.T.);
#3339=ORIENTED_EDGE('',*,*,#2401,.T.);
#3340=ORIENTED_EDGE('',*,*,#2301,.T.);
#3341=ORIENTED_EDGE('',*,*,#2400,.F.);
#3342=ORIENTED_EDGE('',*,*,#2221,.T.);
#3343=ORIENTED_EDGE('',*,*,#2402,.T.);
#3344=ORIENTED_EDGE('',*,*,#2302,.T.);
#3345=ORIENTED_EDGE('',*,*,#2401,.F.);
#3346=ORIENTED_EDGE('',*,*,#2223,.T.);
#3347=ORIENTED_EDGE('',*,*,#2403,.T.);
#3348=ORIENTED_EDGE('',*,*,#2303,.T.);
#3349=ORIENTED_EDGE('',*,*,#2402,.F.);
#3350=ORIENTED_EDGE('',*,*,#2225,.T.);
#3351=ORIENTED_EDGE('',*,*,#2404,.T.);
#3352=ORIENTED_EDGE('',*,*,#2304,.T.);
#3353=ORIENTED_EDGE('',*,*,#2403,.F.);
#3354=ORIENTED_EDGE('',*,*,#2227,.T.);
#3355=ORIENTED_EDGE('',*,*,#2305,.T.);
#3356=ORIENTED_EDGE('',*,*,#2404,.F.);
#3357=ORIENTED_EDGE('',*,*,#2229,.T.);
#3358=ORIENTED_EDGE('',*,*,#2373,.F.);
#3359=ORIENTED_EDGE('',*,*,#2211,.T.);
#3360=ORIENTED_EDGE('',*,*,#2405,.T.);
#3361=ORIENTED_EDGE('',*,*,#2296,.T.);
#3362=ORIENTED_EDGE('',*,*,#2406,.T.);
#3363=ORIENTED_EDGE('',*,*,#2407,.T.);
#3364=ORIENTED_EDGE('',*,*,#2297,.T.);
#3365=ORIENTED_EDGE('',*,*,#2405,.F.);
#3366=ORIENTED_EDGE('',*,*,#2213,.T.);
#3367=ORIENTED_EDGE('',*,*,#2298,.T.);
#3368=ORIENTED_EDGE('',*,*,#2407,.F.);
#3369=ORIENTED_EDGE('',*,*,#2215,.T.);
#3370=ORIENTED_EDGE('',*,*,#2399,.F.);
#3371=ORIENTED_EDGE('',*,*,#2408,.T.);
#3372=ORIENTED_EDGE('',*,*,#2293,.T.);
#3373=ORIENTED_EDGE('',*,*,#2368,.F.);
#3374=ORIENTED_EDGE('',*,*,#2205,.T.);
#3375=ORIENTED_EDGE('',*,*,#2409,.T.);
#3376=ORIENTED_EDGE('',*,*,#2294,.T.);
#3377=ORIENTED_EDGE('',*,*,#2408,.F.);
#3378=ORIENTED_EDGE('',*,*,#2207,.T.);
#3379=ORIENTED_EDGE('',*,*,#2295,.T.);
#3380=ORIENTED_EDGE('',*,*,#2409,.F.);
#3381=ORIENTED_EDGE('',*,*,#2209,.T.);
#3382=ORIENTED_EDGE('',*,*,#2406,.F.);
#3383=ORIENTED_EDGE('',*,*,#1981,.F.);
#3384=ORIENTED_EDGE('',*,*,#2410,.T.);
#3385=ORIENTED_EDGE('',*,*,#2016,.F.);
#3386=ORIENTED_EDGE('',*,*,#2411,.F.);
#3387=ORIENTED_EDGE('',*,*,#1982,.F.);
#3388=ORIENTED_EDGE('',*,*,#2411,.T.);
#3389=ORIENTED_EDGE('',*,*,#2015,.F.);
#3390=ORIENTED_EDGE('',*,*,#2412,.F.);
#3391=ORIENTED_EDGE('',*,*,#1983,.F.);
#3392=ORIENTED_EDGE('',*,*,#2412,.T.);
#3393=ORIENTED_EDGE('',*,*,#2014,.F.);
#3394=ORIENTED_EDGE('',*,*,#2413,.F.);
#3395=ORIENTED_EDGE('',*,*,#1984,.F.);
#3396=ORIENTED_EDGE('',*,*,#2413,.T.);
#3397=ORIENTED_EDGE('',*,*,#2013,.F.);
#3398=ORIENTED_EDGE('',*,*,#2414,.F.);
#3399=ORIENTED_EDGE('',*,*,#1936,.F.);
#3400=ORIENTED_EDGE('',*,*,#2414,.T.);
#3401=ORIENTED_EDGE('',*,*,#2102,.F.);
#3402=ORIENTED_EDGE('',*,*,#2415,.F.);
#3403=ORIENTED_EDGE('',*,*,#1937,.F.);
#3404=ORIENTED_EDGE('',*,*,#2415,.T.);
#3405=ORIENTED_EDGE('',*,*,#2101,.F.);
#3406=ORIENTED_EDGE('',*,*,#2416,.F.);
#3407=ORIENTED_EDGE('',*,*,#1938,.F.);
#3408=ORIENTED_EDGE('',*,*,#2416,.T.);
#3409=ORIENTED_EDGE('',*,*,#2100,.F.);
#3410=ORIENTED_EDGE('',*,*,#2417,.F.);
#3411=ORIENTED_EDGE('',*,*,#1939,.F.);
#3412=ORIENTED_EDGE('',*,*,#2417,.T.);
#3413=ORIENTED_EDGE('',*,*,#2099,.F.);
#3414=ORIENTED_EDGE('',*,*,#2418,.F.);
#3415=ORIENTED_EDGE('',*,*,#1940,.F.);
#3416=ORIENTED_EDGE('',*,*,#2418,.T.);
#3417=ORIENTED_EDGE('',*,*,#2098,.F.);
#3418=ORIENTED_EDGE('',*,*,#2419,.F.);
#3419=ORIENTED_EDGE('',*,*,#1941,.F.);
#3420=ORIENTED_EDGE('',*,*,#2419,.T.);
#3421=ORIENTED_EDGE('',*,*,#2097,.F.);
#3422=ORIENTED_EDGE('',*,*,#2420,.F.);
#3423=ORIENTED_EDGE('',*,*,#1942,.F.);
#3424=ORIENTED_EDGE('',*,*,#2420,.T.);
#3425=ORIENTED_EDGE('',*,*,#2096,.F.);
#3426=ORIENTED_EDGE('',*,*,#2421,.F.);
#3427=ORIENTED_EDGE('',*,*,#1943,.F.);
#3428=ORIENTED_EDGE('',*,*,#2421,.T.);
#3429=ORIENTED_EDGE('',*,*,#2095,.F.);
#3430=ORIENTED_EDGE('',*,*,#2422,.F.);
#3431=ORIENTED_EDGE('',*,*,#1944,.F.);
#3432=ORIENTED_EDGE('',*,*,#2422,.T.);
#3433=ORIENTED_EDGE('',*,*,#2094,.F.);
#3434=ORIENTED_EDGE('',*,*,#2423,.F.);
#3435=ORIENTED_EDGE('',*,*,#1945,.F.);
#3436=ORIENTED_EDGE('',*,*,#2423,.T.);
#3437=ORIENTED_EDGE('',*,*,#2093,.F.);
#3438=ORIENTED_EDGE('',*,*,#2424,.F.);
#3439=ORIENTED_EDGE('',*,*,#1946,.F.);
#3440=ORIENTED_EDGE('',*,*,#2424,.T.);
#3441=ORIENTED_EDGE('',*,*,#2092,.F.);
#3442=ORIENTED_EDGE('',*,*,#2425,.F.);
#3443=ORIENTED_EDGE('',*,*,#1947,.F.);
#3444=ORIENTED_EDGE('',*,*,#2425,.T.);
#3445=ORIENTED_EDGE('',*,*,#2091,.F.);
#3446=ORIENTED_EDGE('',*,*,#2426,.F.);
#3447=ORIENTED_EDGE('',*,*,#1948,.F.);
#3448=ORIENTED_EDGE('',*,*,#2426,.T.);
#3449=ORIENTED_EDGE('',*,*,#2090,.F.);
#3450=ORIENTED_EDGE('',*,*,#2427,.F.);
#3451=ORIENTED_EDGE('',*,*,#1949,.F.);
#3452=ORIENTED_EDGE('',*,*,#2427,.T.);
#3453=ORIENTED_EDGE('',*,*,#2089,.F.);
#3454=ORIENTED_EDGE('',*,*,#2428,.F.);
#3455=ORIENTED_EDGE('',*,*,#1950,.F.);
#3456=ORIENTED_EDGE('',*,*,#2428,.T.);
#3457=ORIENTED_EDGE('',*,*,#2088,.F.);
#3458=ORIENTED_EDGE('',*,*,#2429,.F.);
#3459=ORIENTED_EDGE('',*,*,#1951,.F.);
#3460=ORIENTED_EDGE('',*,*,#2429,.T.);
#3461=ORIENTED_EDGE('',*,*,#2087,.F.);
#3462=ORIENTED_EDGE('',*,*,#2430,.F.);
#3463=ORIENTED_EDGE('',*,*,#1952,.F.);
#3464=ORIENTED_EDGE('',*,*,#2430,.T.);
#3465=ORIENTED_EDGE('',*,*,#2086,.F.);
#3466=ORIENTED_EDGE('',*,*,#2431,.F.);
#3467=ORIENTED_EDGE('',*,*,#1953,.F.);
#3468=ORIENTED_EDGE('',*,*,#2431,.T.);
#3469=ORIENTED_EDGE('',*,*,#2085,.F.);
#3470=ORIENTED_EDGE('',*,*,#2432,.F.);
#3471=ORIENTED_EDGE('',*,*,#1954,.F.);
#3472=ORIENTED_EDGE('',*,*,#2432,.T.);
#3473=ORIENTED_EDGE('',*,*,#2084,.F.);
#3474=ORIENTED_EDGE('',*,*,#2433,.F.);
#3475=ORIENTED_EDGE('',*,*,#1955,.F.);
#3476=ORIENTED_EDGE('',*,*,#2433,.T.);
#3477=ORIENTED_EDGE('',*,*,#2083,.F.);
#3478=ORIENTED_EDGE('',*,*,#2286,.F.);
#3479=ORIENTED_EDGE('',*,*,#1961,.F.);
#3480=ORIENTED_EDGE('',*,*,#2012,.T.);
#3481=ORIENTED_EDGE('',*,*,#2036,.F.);
#3482=ORIENTED_EDGE('',*,*,#2434,.F.);
#3483=ORIENTED_EDGE('',*,*,#1962,.F.);
#3484=ORIENTED_EDGE('',*,*,#2434,.T.);
#3485=ORIENTED_EDGE('',*,*,#2035,.F.);
#3486=ORIENTED_EDGE('',*,*,#2435,.F.);
#3487=ORIENTED_EDGE('',*,*,#1963,.F.);
#3488=ORIENTED_EDGE('',*,*,#2435,.T.);
#3489=ORIENTED_EDGE('',*,*,#2034,.F.);
#3490=ORIENTED_EDGE('',*,*,#2436,.F.);
#3491=ORIENTED_EDGE('',*,*,#1964,.F.);
#3492=ORIENTED_EDGE('',*,*,#2436,.T.);
#3493=ORIENTED_EDGE('',*,*,#2033,.F.);
#3494=ORIENTED_EDGE('',*,*,#2437,.F.);
#3495=ORIENTED_EDGE('',*,*,#1965,.F.);
#3496=ORIENTED_EDGE('',*,*,#2437,.T.);
#3497=ORIENTED_EDGE('',*,*,#2032,.F.);
#3498=ORIENTED_EDGE('',*,*,#2438,.F.);
#3499=ORIENTED_EDGE('',*,*,#1966,.F.);
#3500=ORIENTED_EDGE('',*,*,#2438,.T.);
#3501=ORIENTED_EDGE('',*,*,#2031,.F.);
#3502=ORIENTED_EDGE('',*,*,#2439,.F.);
#3503=ORIENTED_EDGE('',*,*,#1967,.F.);
#3504=ORIENTED_EDGE('',*,*,#2439,.T.);
#3505=ORIENTED_EDGE('',*,*,#2030,.F.);
#3506=ORIENTED_EDGE('',*,*,#2440,.F.);
#3507=ORIENTED_EDGE('',*,*,#1968,.F.);
#3508=ORIENTED_EDGE('',*,*,#2440,.T.);
#3509=ORIENTED_EDGE('',*,*,#2029,.F.);
#3510=ORIENTED_EDGE('',*,*,#2441,.F.);
#3511=ORIENTED_EDGE('',*,*,#1969,.F.);
#3512=ORIENTED_EDGE('',*,*,#2441,.T.);
#3513=ORIENTED_EDGE('',*,*,#2028,.F.);
#3514=ORIENTED_EDGE('',*,*,#2442,.F.);
#3515=ORIENTED_EDGE('',*,*,#1970,.F.);
#3516=ORIENTED_EDGE('',*,*,#2442,.T.);
#3517=ORIENTED_EDGE('',*,*,#2027,.F.);
#3518=ORIENTED_EDGE('',*,*,#2443,.F.);
#3519=ORIENTED_EDGE('',*,*,#1971,.F.);
#3520=ORIENTED_EDGE('',*,*,#2443,.T.);
#3521=ORIENTED_EDGE('',*,*,#2026,.F.);
#3522=ORIENTED_EDGE('',*,*,#2444,.F.);
#3523=ORIENTED_EDGE('',*,*,#1972,.F.);
#3524=ORIENTED_EDGE('',*,*,#2444,.T.);
#3525=ORIENTED_EDGE('',*,*,#2025,.F.);
#3526=ORIENTED_EDGE('',*,*,#2445,.F.);
#3527=ORIENTED_EDGE('',*,*,#1973,.F.);
#3528=ORIENTED_EDGE('',*,*,#2445,.T.);
#3529=ORIENTED_EDGE('',*,*,#2024,.F.);
#3530=ORIENTED_EDGE('',*,*,#2446,.F.);
#3531=ORIENTED_EDGE('',*,*,#1974,.F.);
#3532=ORIENTED_EDGE('',*,*,#2446,.T.);
#3533=ORIENTED_EDGE('',*,*,#2023,.F.);
#3534=ORIENTED_EDGE('',*,*,#2447,.F.);
#3535=ORIENTED_EDGE('',*,*,#1975,.F.);
#3536=ORIENTED_EDGE('',*,*,#2447,.T.);
#3537=ORIENTED_EDGE('',*,*,#2022,.F.);
#3538=ORIENTED_EDGE('',*,*,#2448,.F.);
#3539=ORIENTED_EDGE('',*,*,#1976,.F.);
#3540=ORIENTED_EDGE('',*,*,#2448,.T.);
#3541=ORIENTED_EDGE('',*,*,#2021,.F.);
#3542=ORIENTED_EDGE('',*,*,#2449,.F.);
#3543=ORIENTED_EDGE('',*,*,#1977,.F.);
#3544=ORIENTED_EDGE('',*,*,#2449,.T.);
#3545=ORIENTED_EDGE('',*,*,#2020,.F.);
#3546=ORIENTED_EDGE('',*,*,#2450,.F.);
#3547=ORIENTED_EDGE('',*,*,#1978,.F.);
#3548=ORIENTED_EDGE('',*,*,#2450,.T.);
#3549=ORIENTED_EDGE('',*,*,#2019,.F.);
#3550=ORIENTED_EDGE('',*,*,#2451,.F.);
#3551=ORIENTED_EDGE('',*,*,#1979,.F.);
#3552=ORIENTED_EDGE('',*,*,#2451,.T.);
#3553=ORIENTED_EDGE('',*,*,#2018,.F.);
#3554=ORIENTED_EDGE('',*,*,#2452,.F.);
#3555=ORIENTED_EDGE('',*,*,#1980,.F.);
#3556=ORIENTED_EDGE('',*,*,#2452,.T.);
#3557=ORIENTED_EDGE('',*,*,#2017,.F.);
#3558=ORIENTED_EDGE('',*,*,#2410,.F.);
#3559=CYLINDRICAL_SURFACE('',#3889,4.65);
#3560=CYLINDRICAL_SURFACE('',#3892,4.65000000000003);
#3561=CYLINDRICAL_SURFACE('',#3895,4.65);
#3562=CYLINDRICAL_SURFACE('',#3898,4.65);
#3563=CYLINDRICAL_SURFACE('',#3901,4.65);
#3564=CYLINDRICAL_SURFACE('',#3904,4.65);
#3565=CYLINDRICAL_SURFACE('',#3907,4.65);
#3566=CYLINDRICAL_SURFACE('',#3910,4.65);
#3567=CYLINDRICAL_SURFACE('',#3913,4.65);
#3568=CYLINDRICAL_SURFACE('',#3916,4.65);
#3569=CYLINDRICAL_SURFACE('',#3919,4.65);
#3570=CYLINDRICAL_SURFACE('',#3922,4.65000000000001);
#3571=CYLINDRICAL_SURFACE('',#3972,263.25);
#3572=CYLINDRICAL_SURFACE('',#4021,259.25);
#3573=CYLINDRICAL_SURFACE('',#4024,3.);
#3574=CYLINDRICAL_SURFACE('',#4027,3.);
#3575=CYLINDRICAL_SURFACE('',#4030,3.);
#3576=CYLINDRICAL_SURFACE('',#4033,3.);
#3577=CYLINDRICAL_SURFACE('',#4035,3.);
#3578=CYLINDRICAL_SURFACE('',#4038,3.);
#3579=CYLINDRICAL_SURFACE('',#4040,3.);
#3580=CYLINDRICAL_SURFACE('',#4042,3.);
#3581=CYLINDRICAL_SURFACE('',#4045,3.);
#3582=CYLINDRICAL_SURFACE('',#4047,3.);
#3583=CYLINDRICAL_SURFACE('',#4053,3.);
#3584=CYLINDRICAL_SURFACE('',#4058,3.);
#3585=CYLINDRICAL_SURFACE('',#4063,3.);
#3586=CYLINDRICAL_SURFACE('',#4064,3.);
#3587=CYLINDRICAL_SURFACE('',#4070,3.);
#3588=CYLINDRICAL_SURFACE('',#4080,3.);
#3589=CYLINDRICAL_SURFACE('',#4084,3.);
#3590=CYLINDRICAL_SURFACE('',#4089,3.);
#3591=CYLINDRICAL_SURFACE('',#4099,3.);
#3592=CYLINDRICAL_SURFACE('',#4103,3.);
#3593=CYLINDRICAL_SURFACE('',#4108,3.);
#3594=CYLINDRICAL_SURFACE('',#4113,3.);
#3595=CYLINDRICAL_SURFACE('',#4117,3.);
#3596=CYLINDRICAL_SURFACE('',#4121,3.);
#3597=CYLINDRICAL_SURFACE('',#4125,6.25000004099256);
#3598=CYLINDRICAL_SURFACE('',#4128,6.24999994439995);
#3599=CYLINDRICAL_SURFACE('',#4132,6.24999991436778);
#3600=CYLINDRICAL_SURFACE('',#4136,6.24999998975882);
#3601=CYLINDRICAL_SURFACE('',#4139,6.24999989073205);
#3602=CYLINDRICAL_SURFACE('',#4142,6.25);
#3603=CYLINDRICAL_SURFACE('',#4147,6.25000004554143);
#3604=CYLINDRICAL_SURFACE('',#4149,104.792313);
#3605=CYLINDRICAL_SURFACE('',#4151,6.25);
#3606=CYLINDRICAL_SURFACE('',#4157,6.250000018528);
#3607=CYLINDRICAL_SURFACE('',#4159,104.792313);
#3608=CYLINDRICAL_SURFACE('',#4161,6.25000001900953);
#3609=CYLINDRICAL_SURFACE('',#4166,6.24999989073204);
#3610=CYLINDRICAL_SURFACE('',#4169,6.25000000367617);
#3611=CYLINDRICAL_SURFACE('',#4172,6.25);
#3612=CYLINDRICAL_SURFACE('',#4176,6.25000001218256);
#3613=CYLINDRICAL_SURFACE('',#4180,6.24999997028188);
#3614=CYLINDRICAL_SURFACE('',#4183,6.24999997028233);
#3615=CYLINDRICAL_SURFACE('',#4185,263.25);
#3616=CYLINDRICAL_SURFACE('',#4186,259.25);
#3617=CYLINDRICAL_SURFACE('',#4220,1.99999999999999);
#3618=CYLINDRICAL_SURFACE('',#4223,1.09999999999999);
#3619=CYLINDRICAL_SURFACE('',#4226,1.09999999999999);
#3620=CYLINDRICAL_SURFACE('',#4229,1.09999999999999);
#3621=CYLINDRICAL_SURFACE('',#4232,1.09999999999999);
#3622=CYLINDRICAL_SURFACE('',#4235,1.09999999999999);
#3623=CYLINDRICAL_SURFACE('',#4238,1.09999999999999);
#3624=CYLINDRICAL_SURFACE('',#4241,1.1);
#3625=CYLINDRICAL_SURFACE('',#4244,1.1);
#3626=CYLINDRICAL_SURFACE('',#4245,263.25);
#3627=CYLINDRICAL_SURFACE('',#4293,2.25000000270544);
#3628=CYLINDRICAL_SURFACE('',#4294,108.792313);
#3629=CYLINDRICAL_SURFACE('',#4295,2.2500000455414);
#3630=CYLINDRICAL_SURFACE('',#4299,2.25000000000001);
#3631=CYLINDRICAL_SURFACE('',#4301,2.24999989073204);
#3632=CYLINDRICAL_SURFACE('',#4303,2.24999998975884);
#3633=CYLINDRICAL_SURFACE('',#4306,2.24999991436779);
#3634=CYLINDRICAL_SURFACE('',#4309,2.24999994439998);
#3635=CYLINDRICAL_SURFACE('',#4311,2.25000004099256);
#3636=CYLINDRICAL_SURFACE('',#4314,2.24999997028186);
#3637=CYLINDRICAL_SURFACE('',#4316,2.24999997028188);
#3638=CYLINDRICAL_SURFACE('',#4319,2.25000001218255);
#3639=CYLINDRICAL_SURFACE('',#4322,2.25);
#3640=CYLINDRICAL_SURFACE('',#4324,2.25000000367617);
#3641=CYLINDRICAL_SURFACE('',#4326,2.24999989073203);
#3642=CYLINDRICAL_SURFACE('',#4330,2.25000000131645);
#3643=CYLINDRICAL_SURFACE('',#4331,108.792313);
#3644=CYLINDRICAL_SURFACE('',#4332,2.25000001852799);
#3645=ADVANCED_FACE('',(#205),#3559,.F.);
#3646=ADVANCED_FACE('',(#206),#3560,.F.);
#3647=ADVANCED_FACE('',(#207),#3561,.F.);
#3648=ADVANCED_FACE('',(#208),#3562,.F.);
#3649=ADVANCED_FACE('',(#209),#3563,.F.);
#3650=ADVANCED_FACE('',(#210),#3564,.F.);
#3651=ADVANCED_FACE('',(#211),#3565,.F.);
#3652=ADVANCED_FACE('',(#212),#3566,.F.);
#3653=ADVANCED_FACE('',(#213),#3567,.F.);
#3654=ADVANCED_FACE('',(#214),#3568,.F.);
#3655=ADVANCED_FACE('',(#215),#3569,.F.);
#3656=ADVANCED_FACE('',(#216),#3570,.F.);
#3657=ADVANCED_FACE('',(#217),#110,.F.);
#3658=ADVANCED_FACE('',(#218),#111,.F.);
#3659=ADVANCED_FACE('',(#219),#112,.F.);
#3660=ADVANCED_FACE('',(#220),#113,.F.);
#3661=ADVANCED_FACE('',(#221),#114,.F.);
#3662=ADVANCED_FACE('',(#222),#115,.F.);
#3663=ADVANCED_FACE('',(#223),#116,.F.);
#3664=ADVANCED_FACE('',(#224),#117,.F.);
#3665=ADVANCED_FACE('',(#225),#118,.F.);
#3666=ADVANCED_FACE('',(#226),#119,.F.);
#3667=ADVANCED_FACE('',(#227),#120,.F.);
#3668=ADVANCED_FACE('',(#228),#121,.F.);
#3669=ADVANCED_FACE('',(#229,#80,#81,#82,#83,#84,#85,#86,#87,#88),#122,
 .T.);
#3670=ADVANCED_FACE('',(#230),#123,.F.);
#3671=ADVANCED_FACE('',(#231),#124,.F.);
#3672=ADVANCED_FACE('',(#232),#125,.T.);
#3673=ADVANCED_FACE('',(#233),#126,.F.);
#3674=ADVANCED_FACE('',(#234),#3571,.T.);
#3675=ADVANCED_FACE('',(#235),#127,.T.);
#3676=ADVANCED_FACE('',(#236),#52,.T.);
#3677=ADVANCED_FACE('',(#237),#128,.F.);
#3678=ADVANCED_FACE('',(#238),#129,.F.);
#3679=ADVANCED_FACE('',(#239),#23,.F.);
#3680=ADVANCED_FACE('',(#240),#3572,.F.);
#3681=ADVANCED_FACE('',(#241),#53,.T.);
#3682=ADVANCED_FACE('',(#242),#3573,.T.);
#3683=ADVANCED_FACE('',(#243),#3574,.T.);
#3684=ADVANCED_FACE('',(#244),#3575,.T.);
#3685=ADVANCED_FACE('',(#245),#3576,.T.);
#3686=ADVANCED_FACE('',(#246),#3577,.T.);
#3687=ADVANCED_FACE('',(#247),#3578,.T.);
#3688=ADVANCED_FACE('',(#248),#3579,.T.);
#3689=ADVANCED_FACE('',(#249),#3580,.T.);
#3690=ADVANCED_FACE('',(#250),#3581,.T.);
#3691=ADVANCED_FACE('',(#251),#3582,.T.);
#3692=ADVANCED_FACE('',(#252),#54,.T.);
#3693=ADVANCED_FACE('',(#253),#3583,.T.);
#3694=ADVANCED_FACE('',(#254),#55,.T.);
#3695=ADVANCED_FACE('',(#255),#3584,.T.);
#3696=ADVANCED_FACE('',(#256),#56,.T.);
#3697=ADVANCED_FACE('',(#257),#3585,.T.);
#3698=ADVANCED_FACE('',(#258),#3586,.T.);
#3699=ADVANCED_FACE('',(#259),#57,.T.);
#3700=ADVANCED_FACE('',(#260),#3587,.T.);
#3701=ADVANCED_FACE('',(#261),#58,.T.);
#3702=ADVANCED_FACE('',(#262),#59,.T.);
#3703=ADVANCED_FACE('',(#263),#60,.T.);
#3704=ADVANCED_FACE('',(#264),#3588,.T.);
#3705=ADVANCED_FACE('',(#265),#61,.T.);
#3706=ADVANCED_FACE('',(#266),#3589,.T.);
#3707=ADVANCED_FACE('',(#267),#62,.T.);
#3708=ADVANCED_FACE('',(#268),#3590,.T.);
#3709=ADVANCED_FACE('',(#269),#63,.T.);
#3710=ADVANCED_FACE('',(#270),#64,.T.);
#3711=ADVANCED_FACE('',(#271),#65,.T.);
#3712=ADVANCED_FACE('',(#272),#3591,.T.);
#3713=ADVANCED_FACE('',(#273),#66,.T.);
#3714=ADVANCED_FACE('',(#274),#3592,.T.);
#3715=ADVANCED_FACE('',(#275),#67,.T.);
#3716=ADVANCED_FACE('',(#276),#3593,.T.);
#3717=ADVANCED_FACE('',(#277),#68,.T.);
#3718=ADVANCED_FACE('',(#278),#3594,.T.);
#3719=ADVANCED_FACE('',(#279),#69,.T.);
#3720=ADVANCED_FACE('',(#280),#3595,.T.);
#3721=ADVANCED_FACE('',(#281),#70,.T.);
#3722=ADVANCED_FACE('',(#282),#3596,.T.);
#3723=ADVANCED_FACE('',(#283),#71,.T.);
#3724=ADVANCED_FACE('',(#284),#3597,.T.);
#3725=ADVANCED_FACE('',(#285),#130,.T.);
#3726=ADVANCED_FACE('',(#286),#3598,.T.);
#3727=ADVANCED_FACE('',(#287),#131,.T.);
#3728=ADVANCED_FACE('',(#288),#132,.T.);
#3729=ADVANCED_FACE('',(#289),#3599,.T.);
#3730=ADVANCED_FACE('',(#290),#133,.T.);
#3731=ADVANCED_FACE('',(#291),#134,.T.);
#3732=ADVANCED_FACE('',(#292),#3600,.T.);
#3733=ADVANCED_FACE('',(#293),#135,.T.);
#3734=ADVANCED_FACE('',(#294),#3601,.T.);
#3735=ADVANCED_FACE('',(#295),#136,.T.);
#3736=ADVANCED_FACE('',(#296),#3602,.T.);
#3737=ADVANCED_FACE('',(#297),#137,.T.);
#3738=ADVANCED_FACE('',(#298),#138,.T.);
#3739=ADVANCED_FACE('',(#299),#139,.T.);
#3740=ADVANCED_FACE('',(#300),#3603,.T.);
#3741=ADVANCED_FACE('',(#301),#3604,.F.);
#3742=ADVANCED_FACE('',(#302),#3605,.T.);
#3743=ADVANCED_FACE('',(#303),#140,.T.);
#3744=ADVANCED_FACE('',(#304),#141,.T.);
#3745=ADVANCED_FACE('',(#305),#142,.T.);
#3746=ADVANCED_FACE('',(#306),#143,.T.);
#3747=ADVANCED_FACE('',(#307),#3606,.T.);
#3748=ADVANCED_FACE('',(#308),#3607,.F.);
#3749=ADVANCED_FACE('',(#309),#3608,.T.);
#3750=ADVANCED_FACE('',(#310),#144,.T.);
#3751=ADVANCED_FACE('',(#311),#145,.T.);
#3752=ADVANCED_FACE('',(#312),#146,.T.);
#3753=ADVANCED_FACE('',(#313),#3609,.T.);
#3754=ADVANCED_FACE('',(#314),#147,.T.);
#3755=ADVANCED_FACE('',(#315),#3610,.T.);
#3756=ADVANCED_FACE('',(#316),#148,.T.);
#3757=ADVANCED_FACE('',(#317),#3611,.T.);
#3758=ADVANCED_FACE('',(#318),#149,.T.);
#3759=ADVANCED_FACE('',(#319),#150,.T.);
#3760=ADVANCED_FACE('',(#320),#3612,.T.);
#3761=ADVANCED_FACE('',(#321),#151,.T.);
#3762=ADVANCED_FACE('',(#322),#152,.T.);
#3763=ADVANCED_FACE('',(#323),#3613,.T.);
#3764=ADVANCED_FACE('',(#324),#153,.T.);
#3765=ADVANCED_FACE('',(#325),#3614,.T.);
#3766=ADVANCED_FACE('',(#326),#3615,.T.);
#3767=ADVANCED_FACE('',(#327),#3616,.F.);
#3768=ADVANCED_FACE('',(#328),#24,.F.);
#3769=ADVANCED_FACE('',(#329,#89,#90,#91,#92,#93,#94,#95,#96,#97,#98,#99,
#100,#101,#102,#103,#104,#105,#106,#107,#108,#109),#154,.F.);
#3770=ADVANCED_FACE('',(#330),#3617,.F.);
#3771=ADVANCED_FACE('',(#331),#25,.F.);
#3772=ADVANCED_FACE('',(#332),#3618,.F.);
#3773=ADVANCED_FACE('',(#333),#26,.F.);
#3774=ADVANCED_FACE('',(#334),#3619,.F.);
#3775=ADVANCED_FACE('',(#335),#27,.F.);
#3776=ADVANCED_FACE('',(#336),#3620,.F.);
#3777=ADVANCED_FACE('',(#337),#28,.F.);
#3778=ADVANCED_FACE('',(#338),#3621,.F.);
#3779=ADVANCED_FACE('',(#339),#29,.F.);
#3780=ADVANCED_FACE('',(#340),#3622,.F.);
#3781=ADVANCED_FACE('',(#341),#30,.F.);
#3782=ADVANCED_FACE('',(#342),#3623,.F.);
#3783=ADVANCED_FACE('',(#343),#31,.F.);
#3784=ADVANCED_FACE('',(#344),#3624,.F.);
#3785=ADVANCED_FACE('',(#345),#32,.F.);
#3786=ADVANCED_FACE('',(#346),#3625,.F.);
#3787=ADVANCED_FACE('',(#347),#3626,.F.);
#3788=ADVANCED_FACE('',(#348),#33,.T.);
#3789=ADVANCED_FACE('',(#349),#34,.F.);
#3790=ADVANCED_FACE('',(#350),#155,.T.);
#3791=ADVANCED_FACE('',(#351),#156,.T.);
#3792=ADVANCED_FACE('',(#352),#157,.T.);
#3793=ADVANCED_FACE('',(#353),#158,.T.);
#3794=ADVANCED_FACE('',(#354),#159,.T.);
#3795=ADVANCED_FACE('',(#355),#160,.T.);
#3796=ADVANCED_FACE('',(#356),#35,.T.);
#3797=ADVANCED_FACE('',(#357),#36,.F.);
#3798=ADVANCED_FACE('',(#358),#37,.T.);
#3799=ADVANCED_FACE('',(#359),#161,.T.);
#3800=ADVANCED_FACE('',(#360),#162,.T.);
#3801=ADVANCED_FACE('',(#361),#163,.T.);
#3802=ADVANCED_FACE('',(#362),#38,.T.);
#3803=ADVANCED_FACE('',(#363),#164,.T.);
#3804=ADVANCED_FACE('',(#364),#39,.T.);
#3805=ADVANCED_FACE('',(#365),#165,.T.);
#3806=ADVANCED_FACE('',(#366),#40,.T.);
#3807=ADVANCED_FACE('',(#367),#166,.T.);
#3808=ADVANCED_FACE('',(#368),#167,.T.);
#3809=ADVANCED_FACE('',(#369),#41,.T.);
#3810=ADVANCED_FACE('',(#370),#42,.F.);
#3811=ADVANCED_FACE('',(#371),#43,.T.);
#3812=ADVANCED_FACE('',(#372),#168,.T.);
#3813=ADVANCED_FACE('',(#373),#44,.T.);
#3814=ADVANCED_FACE('',(#374),#169,.T.);
#3815=ADVANCED_FACE('',(#375),#45,.T.);
#3816=ADVANCED_FACE('',(#376),#170,.T.);
#3817=ADVANCED_FACE('',(#377),#46,.T.);
#3818=ADVANCED_FACE('',(#378),#171,.T.);
#3819=ADVANCED_FACE('',(#379),#47,.T.);
#3820=ADVANCED_FACE('',(#380),#172,.T.);
#3821=ADVANCED_FACE('',(#381),#48,.T.);
#3822=ADVANCED_FACE('',(#382),#173,.T.);
#3823=ADVANCED_FACE('',(#383),#49,.T.);
#3824=ADVANCED_FACE('',(#384),#174,.T.);
#3825=ADVANCED_FACE('',(#385),#175,.T.);
#3826=ADVANCED_FACE('',(#386),#50,.T.);
#3827=ADVANCED_FACE('',(#387),#176,.T.);
#3828=ADVANCED_FACE('',(#388),#177,.T.);
#3829=ADVANCED_FACE('',(#389),#51,.T.);
#3830=ADVANCED_FACE('',(#390),#178,.T.);
#3831=ADVANCED_FACE('',(#391),#179,.T.);
#3832=ADVANCED_FACE('',(#392),#180,.T.);
#3833=ADVANCED_FACE('',(#393),#181,.T.);
#3834=ADVANCED_FACE('',(#394),#182,.T.);
#3835=ADVANCED_FACE('',(#395),#3627,.F.);
#3836=ADVANCED_FACE('',(#396),#3628,.T.);
#3837=ADVANCED_FACE('',(#397),#3629,.F.);
#3838=ADVANCED_FACE('',(#398),#183,.T.);
#3839=ADVANCED_FACE('',(#399),#184,.T.);
#3840=ADVANCED_FACE('',(#400),#185,.T.);
#3841=ADVANCED_FACE('',(#401),#3630,.F.);
#3842=ADVANCED_FACE('',(#402),#186,.T.);
#3843=ADVANCED_FACE('',(#403),#3631,.F.);
#3844=ADVANCED_FACE('',(#404),#187,.T.);
#3845=ADVANCED_FACE('',(#405),#3632,.F.);
#3846=ADVANCED_FACE('',(#406),#188,.T.);
#3847=ADVANCED_FACE('',(#407),#189,.T.);
#3848=ADVANCED_FACE('',(#408),#3633,.F.);
#3849=ADVANCED_FACE('',(#409),#190,.T.);
#3850=ADVANCED_FACE('',(#410),#191,.T.);
#3851=ADVANCED_FACE('',(#411),#3634,.F.);
#3852=ADVANCED_FACE('',(#412),#192,.T.);
#3853=ADVANCED_FACE('',(#413),#3635,.F.);
#3854=ADVANCED_FACE('',(#414),#193,.T.);
#3855=ADVANCED_FACE('',(#415),#194,.T.);
#3856=ADVANCED_FACE('',(#416),#3636,.F.);
#3857=ADVANCED_FACE('',(#417),#195,.T.);
#3858=ADVANCED_FACE('',(#418),#3637,.F.);
#3859=ADVANCED_FACE('',(#419),#196,.T.);
#3860=ADVANCED_FACE('',(#420),#197,.T.);
#3861=ADVANCED_FACE('',(#421),#3638,.F.);
#3862=ADVANCED_FACE('',(#422),#198,.T.);
#3863=ADVANCED_FACE('',(#423),#199,.T.);
#3864=ADVANCED_FACE('',(#424),#3639,.F.);
#3865=ADVANCED_FACE('',(#425),#200,.T.);
#3866=ADVANCED_FACE('',(#426),#3640,.F.);
#3867=ADVANCED_FACE('',(#427),#201,.T.);
#3868=ADVANCED_FACE('',(#428),#3641,.F.);
#3869=ADVANCED_FACE('',(#429),#202,.T.);
#3870=ADVANCED_FACE('',(#430),#203,.T.);
#3871=ADVANCED_FACE('',(#431),#204,.T.);
#3872=ADVANCED_FACE('',(#432),#3642,.F.);
#3873=ADVANCED_FACE('',(#433),#3643,.T.);
#3874=ADVANCED_FACE('',(#434),#3644,.F.);
#3875=CLOSED_SHELL('',(#3645,#3646,#3647,#3648,#3649,#3650,#3651,#3652,
#3653,#3654,#3655,#3656,#3657,#3658,#3659,#3660,#3661,#3662,#3663,#3664,
#3665,#3666,#3667,#3668,#3669,#3670,#3671,#3672,#3673,#3674,#3675,#3676,
#3677,#3678,#3679,#3680,#3681,#3682,#3683,#3684,#3685,#3686,#3687,#3688,
#3689,#3690,#3691,#3692,#3693,#3694,#3695,#3696,#3697,#3698,#3699,#3700,
#3701,#3702,#3703,#3704,#3705,#3706,#3707,#3708,#3709,#3710,#3711,#3712,
#3713,#3714,#3715,#3716,#3717,#3718,#3719,#3720,#3721,#3722,#3723,#3724,
#3725,#3726,#3727,#3728,#3729,#3730,#3731,#3732,#3733,#3734,#3735,#3736,
#3737,#3738,#3739,#3740,#3741,#3742,#3743,#3744,#3745,#3746,#3747,#3748,
#3749,#3750,#3751,#3752,#3753,#3754,#3755,#3756,#3757,#3758,#3759,#3760,
#3761,#3762,#3763,#3764,#3765,#3766,#3767,#3768,#3769,#3770,#3771,#3772,
#3773,#3774,#3775,#3776,#3777,#3778,#3779,#3780,#3781,#3782,#3783,#3784,
#3785,#3786,#3787,#3788,#3789,#3790,#3791,#3792,#3793,#3794,#3795,#3796,
#3797,#3798,#3799,#3800,#3801,#3802,#3803,#3804,#3805,#3806,#3807,#3808,
#3809,#3810,#3811,#3812,#3813,#3814,#3815,#3816,#3817,#3818,#3819,#3820,
#3821,#3822,#3823,#3824,#3825,#3826,#3827,#3828,#3829,#3830,#3831,#3832,
#3833,#3834,#3835,#3836,#3837,#3838,#3839,#3840,#3841,#3842,#3843,#3844,
#3845,#3846,#3847,#3848,#3849,#3850,#3851,#3852,#3853,#3854,#3855,#3856,
#3857,#3858,#3859,#3860,#3861,#3862,#3863,#3864,#3865,#3866,#3867,#3868,
#3869,#3870,#3871,#3872,#3873,#3874));
#3876=DERIVED_UNIT_ELEMENT(#3878,1.);
#3877=DERIVED_UNIT_ELEMENT(#6734,-3.);
#3878=(
MASS_UNIT()
NAMED_UNIT(*)
SI_UNIT(.KILO.,.GRAM.)
);
#3879=DERIVED_UNIT((#3876,#3877));
#3880=MEASURE_REPRESENTATION_ITEM('density measure',
POSITIVE_RATIO_MEASURE(7850.),#3879);
#3881=PROPERTY_DEFINITION_REPRESENTATION(#3886,#3883);
#3882=PROPERTY_DEFINITION_REPRESENTATION(#3887,#3884);
#3883=REPRESENTATION('material name',(#3885),#6731);
#3884=REPRESENTATION('density',(#3880),#6731);
#3885=DESCRIPTIVE_REPRESENTATION_ITEM('Steel','Steel');
#3886=PROPERTY_DEFINITION('material property','material name',#6741);
#3887=PROPERTY_DEFINITION('material property','density of part',#6741);
#3888=AXIS2_PLACEMENT_3D('',#5554,#4333,#4334);
#3889=AXIS2_PLACEMENT_3D('',#5555,#4335,#4336);
#3890=AXIS2_PLACEMENT_3D('',#5557,#4337,#4338);
#3891=AXIS2_PLACEMENT_3D('',#5560,#4340,#4341);
#3892=AXIS2_PLACEMENT_3D('',#5561,#4342,#4343);
#3893=AXIS2_PLACEMENT_3D('',#5563,#4344,#4345);
#3894=AXIS2_PLACEMENT_3D('',#5566,#4347,#4348);
#3895=AXIS2_PLACEMENT_3D('',#5567,#4349,#4350);
#3896=AXIS2_PLACEMENT_3D('',#5569,#4351,#4352);
#3897=AXIS2_PLACEMENT_3D('',#5572,#4354,#4355);
#3898=AXIS2_PLACEMENT_3D('',#5573,#4356,#4357);
#3899=AXIS2_PLACEMENT_3D('',#5575,#4358,#4359);
#3900=AXIS2_PLACEMENT_3D('',#5578,#4361,#4362);
#3901=AXIS2_PLACEMENT_3D('',#5579,#4363,#4364);
#3902=AXIS2_PLACEMENT_3D('',#5581,#4365,#4366);
#3903=AXIS2_PLACEMENT_3D('',#5584,#4368,#4369);
#3904=AXIS2_PLACEMENT_3D('',#5585,#4370,#4371);
#3905=AXIS2_PLACEMENT_3D('',#5587,#4372,#4373);
#3906=AXIS2_PLACEMENT_3D('',#5590,#4375,#4376);
#3907=AXIS2_PLACEMENT_3D('',#5591,#4377,#4378);
#3908=AXIS2_PLACEMENT_3D('',#5593,#4379,#4380);
#3909=AXIS2_PLACEMENT_3D('',#5596,#4382,#4383);
#3910=AXIS2_PLACEMENT_3D('',#5597,#4384,#4385);
#3911=AXIS2_PLACEMENT_3D('',#5599,#4386,#4387);
#3912=AXIS2_PLACEMENT_3D('',#5602,#4389,#4390);
#3913=AXIS2_PLACEMENT_3D('',#5603,#4391,#4392);
#3914=AXIS2_PLACEMENT_3D('',#5605,#4393,#4394);
#3915=AXIS2_PLACEMENT_3D('',#5608,#4396,#4397);
#3916=AXIS2_PLACEMENT_3D('',#5609,#4398,#4399);
#3917=AXIS2_PLACEMENT_3D('',#5611,#4400,#4401);
#3918=AXIS2_PLACEMENT_3D('',#5614,#4403,#4404);
#3919=AXIS2_PLACEMENT_3D('',#5615,#4405,#4406);
#3920=AXIS2_PLACEMENT_3D('',#5617,#4407,#4408);
#3921=AXIS2_PLACEMENT_3D('',#5620,#4410,#4411);
#3922=AXIS2_PLACEMENT_3D('',#5621,#4412,#4413);
#3923=AXIS2_PLACEMENT_3D('',#5623,#4414,#4415);
#3924=AXIS2_PLACEMENT_3D('',#5626,#4417,#4418);
#3925=AXIS2_PLACEMENT_3D('',#5627,#4419,#4420);
#3926=AXIS2_PLACEMENT_3D('',#5628,#4421,#4422);
#3927=AXIS2_PLACEMENT_3D('',#5629,#4423,#4424);
#3928=AXIS2_PLACEMENT_3D('',#5630,#4425,#4426);
#3929=AXIS2_PLACEMENT_3D('',#5631,#4427,#4428);
#3930=AXIS2_PLACEMENT_3D('',#5632,#4429,#4430);
#3931=AXIS2_PLACEMENT_3D('',#5633,#4431,#4432);
#3932=AXIS2_PLACEMENT_3D('',#5634,#4433,#4434);
#3933=AXIS2_PLACEMENT_3D('',#5635,#4435,#4436);
#3934=AXIS2_PLACEMENT_3D('',#5636,#4437,#4438);
#3935=AXIS2_PLACEMENT_3D('',#5637,#4439,#4440);
#3936=AXIS2_PLACEMENT_3D('',#5638,#4441,#4442);
#3937=AXIS2_PLACEMENT_3D('',#5639,#4443,#4444);
#3938=AXIS2_PLACEMENT_3D('',#5642,#4445,#4446);
#3939=AXIS2_PLACEMENT_3D('',#5644,#4447,#4448);
#3940=AXIS2_PLACEMENT_3D('',#5646,#4449,#4450);
#3941=AXIS2_PLACEMENT_3D('',#5654,#4454,#4455);
#3942=AXIS2_PLACEMENT_3D('',#5658,#4457,#4458);
#3943=AXIS2_PLACEMENT_3D('',#5662,#4460,#4461);
#3944=AXIS2_PLACEMENT_3D('',#5668,#4464,#4465);
#3945=AXIS2_PLACEMENT_3D('',#5674,#4468,#4469);
#3946=AXIS2_PLACEMENT_3D('',#5678,#4471,#4472);
#3947=AXIS2_PLACEMENT_3D('',#5682,#4474,#4475);
#3948=AXIS2_PLACEMENT_3D('',#5690,#4479,#4480);
#3949=AXIS2_PLACEMENT_3D('',#5694,#4482,#4483);
#3950=AXIS2_PLACEMENT_3D('',#5698,#4485,#4486);
#3951=AXIS2_PLACEMENT_3D('',#5704,#4489,#4490);
#3952=AXIS2_PLACEMENT_3D('',#5710,#4493,#4494);
#3953=AXIS2_PLACEMENT_3D('',#5714,#4496,#4497);
#3954=AXIS2_PLACEMENT_3D('',#5718,#4499,#4500);
#3955=AXIS2_PLACEMENT_3D('',#5726,#4504,#4505);
#3956=AXIS2_PLACEMENT_3D('',#5728,#4506,#4507);
#3957=AXIS2_PLACEMENT_3D('',#5730,#4508,#4509);
#3958=AXIS2_PLACEMENT_3D('',#5739,#4514,#4515);
#3959=AXIS2_PLACEMENT_3D('',#5741,#4516,#4517);
#3960=AXIS2_PLACEMENT_3D('',#5743,#4518,#4519);
#3961=AXIS2_PLACEMENT_3D('',#5745,#4520,#4521);
#3962=AXIS2_PLACEMENT_3D('',#5747,#4522,#4523);
#3963=AXIS2_PLACEMENT_3D('',#5749,#4524,#4525);
#3964=AXIS2_PLACEMENT_3D('',#5751,#4526,#4527);
#3965=AXIS2_PLACEMENT_3D('',#5753,#4528,#4529);
#3966=AXIS2_PLACEMENT_3D('',#5755,#4530,#4531);
#3967=AXIS2_PLACEMENT_3D('',#5756,#4532,#4533);
#3968=AXIS2_PLACEMENT_3D('',#5765,#4538,#4539);
#3969=AXIS2_PLACEMENT_3D('',#5771,#4543,#4544);
#3970=AXIS2_PLACEMENT_3D('',#5776,#4547,#4548);
#3971=AXIS2_PLACEMENT_3D('',#5778,#4550,#4551);
#3972=AXIS2_PLACEMENT_3D('',#5801,#4556,#4557);
#3973=AXIS2_PLACEMENT_3D('',#5803,#4558,#4559);
#3974=AXIS2_PLACEMENT_3D('',#5805,#4561,#4562);
#3975=AXIS2_PLACEMENT_3D('',#5816,#4567,#4568);
#3976=AXIS2_PLACEMENT_3D('',#5818,#4569,#4570);
#3977=AXIS2_PLACEMENT_3D('',#5820,#4571,#4572);
#3978=AXIS2_PLACEMENT_3D('',#5828,#4576,#4577);
#3979=AXIS2_PLACEMENT_3D('',#5832,#4579,#4580);
#3980=AXIS2_PLACEMENT_3D('',#5836,#4582,#4583);
#3981=AXIS2_PLACEMENT_3D('',#5842,#4586,#4587);
#3982=AXIS2_PLACEMENT_3D('',#5848,#4590,#4591);
#3983=AXIS2_PLACEMENT_3D('',#5852,#4593,#4594);
#3984=AXIS2_PLACEMENT_3D('',#5855,#4596,#4597);
#3985=AXIS2_PLACEMENT_3D('',#5857,#4598,#4599);
#3986=AXIS2_PLACEMENT_3D('',#5861,#4601,#4602);
#3987=AXIS2_PLACEMENT_3D('',#5867,#4605,#4606);
#3988=AXIS2_PLACEMENT_3D('',#5873,#4609,#4610);
#3989=AXIS2_PLACEMENT_3D('',#5877,#4612,#4613);
#3990=AXIS2_PLACEMENT_3D('',#5881,#4615,#4616);
#3991=AXIS2_PLACEMENT_3D('',#5889,#4620,#4621);
#3992=AXIS2_PLACEMENT_3D('',#5891,#4622,#4623);
#3993=AXIS2_PLACEMENT_3D('',#5893,#4624,#4625);
#3994=AXIS2_PLACEMENT_3D('',#5903,#4630,#4631);
#3995=AXIS2_PLACEMENT_3D('',#5905,#4632,#4633);
#3996=AXIS2_PLACEMENT_3D('',#5907,#4634,#4635);
#3997=AXIS2_PLACEMENT_3D('',#5915,#4639,#4640);
#3998=AXIS2_PLACEMENT_3D('',#5919,#4642,#4643);
#3999=AXIS2_PLACEMENT_3D('',#5923,#4645,#4646);
#4000=AXIS2_PLACEMENT_3D('',#5929,#4649,#4650);
#4001=AXIS2_PLACEMENT_3D('',#5935,#4653,#4654);
#4002=AXIS2_PLACEMENT_3D('',#5939,#4656,#4657);
#4003=AXIS2_PLACEMENT_3D('',#5941,#4658,#4659);
#4004=AXIS2_PLACEMENT_3D('',#5945,#4661,#4662);
#4005=AXIS2_PLACEMENT_3D('',#5949,#4664,#4665);
#4006=AXIS2_PLACEMENT_3D('',#5953,#4667,#4668);
#4007=AXIS2_PLACEMENT_3D('',#5959,#4671,#4672);
#4008=AXIS2_PLACEMENT_3D('',#5965,#4675,#4676);
#4009=AXIS2_PLACEMENT_3D('',#5969,#4678,#4679);
#4010=AXIS2_PLACEMENT_3D('',#5973,#4681,#4682);
#4011=AXIS2_PLACEMENT_3D('',#5981,#4686,#4687);
#4012=AXIS2_PLACEMENT_3D('',#5983,#4688,#4689);
#4013=AXIS2_PLACEMENT_3D('',#5984,#4690,#4691);
#4014=AXIS2_PLACEMENT_3D('',#5985,#4692,#4693);
#4015=AXIS2_PLACEMENT_3D('',#5987,#4694,#4695);
#4016=AXIS2_PLACEMENT_3D('',#6002,#4696,#4697);
#4017=AXIS2_PLACEMENT_3D('',#6008,#4701,#4702);
#4018=AXIS2_PLACEMENT_3D('',#6028,#4706,#4707);
#4019=AXIS2_PLACEMENT_3D('',#6030,#4708,#4709);
#4020=AXIS2_PLACEMENT_3D('',#6036,#4710,#4711);
#4021=AXIS2_PLACEMENT_3D('',#6037,#4712,#4713);
#4022=AXIS2_PLACEMENT_3D('',#6039,#4714,#4715);
#4023=AXIS2_PLACEMENT_3D('',#6041,#4717,#4718);
#4024=AXIS2_PLACEMENT_3D('',#6056,#4719,#4720);
#4025=AXIS2_PLACEMENT_3D('',#6060,#4722,#4723);
#4026=AXIS2_PLACEMENT_3D('',#6061,#4724,#4725);
#4027=AXIS2_PLACEMENT_3D('',#6062,#4726,#4727);
#4028=AXIS2_PLACEMENT_3D('',#6066,#4729,#4730);
#4029=AXIS2_PLACEMENT_3D('',#6067,#4731,#4732);
#4030=AXIS2_PLACEMENT_3D('',#6068,#4733,#4734);
#4031=AXIS2_PLACEMENT_3D('',#6072,#4736,#4737);
#4032=AXIS2_PLACEMENT_3D('',#6073,#4738,#4739);
#4033=AXIS2_PLACEMENT_3D('',#6074,#4740,#4741);
#4034=AXIS2_PLACEMENT_3D('',#6076,#4742,#4743);
#4035=AXIS2_PLACEMENT_3D('',#6078,#4745,#4746);
#4036=AXIS2_PLACEMENT_3D('',#6082,#4748,#4749);
#4037=AXIS2_PLACEMENT_3D('',#6083,#4750,#4751);
#4038=AXIS2_PLACEMENT_3D('',#6084,#4752,#4753);
#4039=AXIS2_PLACEMENT_3D('',#6086,#4754,#4755);
#4040=AXIS2_PLACEMENT_3D('',#6088,#4757,#4758);
#4041=AXIS2_PLACEMENT_3D('',#6090,#4759,#4760);
#4042=AXIS2_PLACEMENT_3D('',#6092,#4762,#4763);
#4043=AXIS2_PLACEMENT_3D('',#6096,#4765,#4766);
#4044=AXIS2_PLACEMENT_3D('',#6097,#4767,#4768);
#4045=AXIS2_PLACEMENT_3D('',#6098,#4769,#4770);
#4046=AXIS2_PLACEMENT_3D('',#6100,#4771,#4772);
#4047=AXIS2_PLACEMENT_3D('',#6102,#4774,#4775);
#4048=AXIS2_PLACEMENT_3D('',#6106,#4777,#4778);
#4049=AXIS2_PLACEMENT_3D('',#6107,#4779,#4780);
#4050=AXIS2_PLACEMENT_3D('',#6108,#4781,#4782);
#4051=AXIS2_PLACEMENT_3D('',#6110,#4783,#4784);
#4052=AXIS2_PLACEMENT_3D('',#6111,#4785,#4786);
#4053=AXIS2_PLACEMENT_3D('',#6112,#4787,#4788);
#4054=AXIS2_PLACEMENT_3D('',#6114,#4789,#4790);
#4055=AXIS2_PLACEMENT_3D('',#6116,#4792,#4793);
#4056=AXIS2_PLACEMENT_3D('',#6118,#4794,#4795);
#4057=AXIS2_PLACEMENT_3D('',#6119,#4796,#4797);
#4058=AXIS2_PLACEMENT_3D('',#6120,#4798,#4799);
#4059=AXIS2_PLACEMENT_3D('',#6122,#4800,#4801);
#4060=AXIS2_PLACEMENT_3D('',#6124,#4803,#4804);
#4061=AXIS2_PLACEMENT_3D('',#6126,#4805,#4806);
#4062=AXIS2_PLACEMENT_3D('',#6127,#4807,#4808);
#4063=AXIS2_PLACEMENT_3D('',#6128,#4809,#4810);
#4064=AXIS2_PLACEMENT_3D('',#6130,#4812,#4813);
#4065=AXIS2_PLACEMENT_3D('',#6134,#4815,#4816);
#4066=AXIS2_PLACEMENT_3D('',#6135,#4817,#4818);
#4067=AXIS2_PLACEMENT_3D('',#6136,#4819,#4820);
#4068=AXIS2_PLACEMENT_3D('',#6138,#4821,#4822);
#4069=AXIS2_PLACEMENT_3D('',#6139,#4823,#4824);
#4070=AXIS2_PLACEMENT_3D('',#6140,#4825,#4826);
#4071=AXIS2_PLACEMENT_3D('',#6142,#4828,#4829);
#4072=AXIS2_PLACEMENT_3D('',#6144,#4830,#4831);
#4073=AXIS2_PLACEMENT_3D('',#6145,#4832,#4833);
#4074=AXIS2_PLACEMENT_3D('',#6146,#4834,#4835);
#4075=AXIS2_PLACEMENT_3D('',#6148,#4836,#4837);
#4076=AXIS2_PLACEMENT_3D('',#6149,#4838,#4839);
#4077=AXIS2_PLACEMENT_3D('',#6150,#4840,#4841);
#4078=AXIS2_PLACEMENT_3D('',#6152,#4842,#4843);
#4079=AXIS2_PLACEMENT_3D('',#6153,#4844,#4845);
#4080=AXIS2_PLACEMENT_3D('',#6154,#4846,#4847);
#4081=AXIS2_PLACEMENT_3D('',#6156,#4849,#4850);
#4082=AXIS2_PLACEMENT_3D('',#6158,#4851,#4852);
#4083=AXIS2_PLACEMENT_3D('',#6159,#4853,#4854);
#4084=AXIS2_PLACEMENT_3D('',#6160,#4855,#4856);
#4085=AXIS2_PLACEMENT_3D('',#6162,#4857,#4858);
#4086=AXIS2_PLACEMENT_3D('',#6164,#4860,#4861);
#4087=AXIS2_PLACEMENT_3D('',#6166,#4862,#4863);
#4088=AXIS2_PLACEMENT_3D('',#6167,#4864,#4865);
#4089=AXIS2_PLACEMENT_3D('',#6168,#4866,#4867);
#4090=AXIS2_PLACEMENT_3D('',#6170,#4869,#4870);
#4091=AXIS2_PLACEMENT_3D('',#6172,#4871,#4872);
#4092=AXIS2_PLACEMENT_3D('',#6173,#4873,#4874);
#4093=AXIS2_PLACEMENT_3D('',#6174,#4875,#4876);
#4094=AXIS2_PLACEMENT_3D('',#6176,#4877,#4878);
#4095=AXIS2_PLACEMENT_3D('',#6177,#4879,#4880);
#4096=AXIS2_PLACEMENT_3D('',#6178,#4881,#4882);
#4097=AXIS2_PLACEMENT_3D('',#6180,#4883,#4884);
#4098=AXIS2_PLACEMENT_3D('',#6181,#4885,#4886);
#4099=AXIS2_PLACEMENT_3D('',#6182,#4887,#4888);
#4100=AXIS2_PLACEMENT_3D('',#6184,#4890,#4891);
#4101=AXIS2_PLACEMENT_3D('',#6186,#4892,#4893);
#4102=AXIS2_PLACEMENT_3D('',#6187,#4894,#4895);
#4103=AXIS2_PLACEMENT_3D('',#6188,#4896,#4897);
#4104=AXIS2_PLACEMENT_3D('',#6190,#4898,#4899);
#4105=AXIS2_PLACEMENT_3D('',#6192,#4901,#4902);
#4106=AXIS2_PLACEMENT_3D('',#6194,#4903,#4904);
#4107=AXIS2_PLACEMENT_3D('',#6195,#4905,#4906);
#4108=AXIS2_PLACEMENT_3D('',#6196,#4907,#4908);
#4109=AXIS2_PLACEMENT_3D('',#6198,#4909,#4910);
#4110=AXIS2_PLACEMENT_3D('',#6200,#4912,#4913);
#4111=AXIS2_PLACEMENT_3D('',#6202,#4914,#4915);
#4112=AXIS2_PLACEMENT_3D('',#6203,#4916,#4917);
#4113=AXIS2_PLACEMENT_3D('',#6204,#4918,#4919);
#4114=AXIS2_PLACEMENT_3D('',#6206,#4921,#4922);
#4115=AXIS2_PLACEMENT_3D('',#6208,#4923,#4924);
#4116=AXIS2_PLACEMENT_3D('',#6209,#4925,#4926);
#4117=AXIS2_PLACEMENT_3D('',#6210,#4927,#4928);
#4118=AXIS2_PLACEMENT_3D('',#6212,#4930,#4931);
#4119=AXIS2_PLACEMENT_3D('',#6214,#4932,#4933);
#4120=AXIS2_PLACEMENT_3D('',#6215,#4934,#4935);
#4121=AXIS2_PLACEMENT_3D('',#6216,#4936,#4937);
#4122=AXIS2_PLACEMENT_3D('',#6218,#4938,#4939);
#4123=AXIS2_PLACEMENT_3D('',#6220,#4941,#4942);
#4124=AXIS2_PLACEMENT_3D('',#6221,#4943,#4944);
#4125=AXIS2_PLACEMENT_3D('',#6222,#4945,#4946);
#4126=AXIS2_PLACEMENT_3D('',#6225,#4948,#4949);
#4127=AXIS2_PLACEMENT_3D('',#6226,#4950,#4951);
#4128=AXIS2_PLACEMENT_3D('',#6230,#4954,#4955);
#4129=AXIS2_PLACEMENT_3D('',#6233,#4957,#4958);
#4130=AXIS2_PLACEMENT_3D('',#6234,#4959,#4960);
#4131=AXIS2_PLACEMENT_3D('',#6238,#4963,#4964);
#4132=AXIS2_PLACEMENT_3D('',#6242,#4967,#4968);
#4133=AXIS2_PLACEMENT_3D('',#6245,#4970,#4971);
#4134=AXIS2_PLACEMENT_3D('',#6246,#4972,#4973);
#4135=AXIS2_PLACEMENT_3D('',#6250,#4976,#4977);
#4136=AXIS2_PLACEMENT_3D('',#6254,#4980,#4981);
#4137=AXIS2_PLACEMENT_3D('',#6257,#4983,#4984);
#4138=AXIS2_PLACEMENT_3D('',#6258,#4985,#4986);
#4139=AXIS2_PLACEMENT_3D('',#6262,#4989,#4990);
#4140=AXIS2_PLACEMENT_3D('',#6265,#4992,#4993);
#4141=AXIS2_PLACEMENT_3D('',#6266,#4994,#4995);
#4142=AXIS2_PLACEMENT_3D('',#6270,#4998,#4999);
#4143=AXIS2_PLACEMENT_3D('',#6273,#5001,#5002);
#4144=AXIS2_PLACEMENT_3D('',#6274,#5003,#5004);
#4145=AXIS2_PLACEMENT_3D('',#6278,#5007,#5008);
#4146=AXIS2_PLACEMENT_3D('',#6282,#5011,#5012);
#4147=AXIS2_PLACEMENT_3D('',#6286,#5015,#5016);
#4148=AXIS2_PLACEMENT_3D('',#6289,#5018,#5019);
#4149=AXIS2_PLACEMENT_3D('',#6290,#5020,#5021);
#4150=AXIS2_PLACEMENT_3D('',#6293,#5023,#5024);
#4151=AXIS2_PLACEMENT_3D('',#6294,#5025,#5026);
#4152=AXIS2_PLACEMENT_3D('',#6297,#5028,#5029);
#4153=AXIS2_PLACEMENT_3D('',#6298,#5030,#5031);
#4154=AXIS2_PLACEMENT_3D('',#6302,#5034,#5035);
#4155=AXIS2_PLACEMENT_3D('',#6306,#5038,#5039);
#4156=AXIS2_PLACEMENT_3D('',#6310,#5042,#5043);
#4157=AXIS2_PLACEMENT_3D('',#6314,#5046,#5047);
#4158=AXIS2_PLACEMENT_3D('',#6317,#5049,#5050);
#4159=AXIS2_PLACEMENT_3D('',#6318,#5051,#5052);
#4160=AXIS2_PLACEMENT_3D('',#6321,#5054,#5055);
#4161=AXIS2_PLACEMENT_3D('',#6322,#5056,#5057);
#4162=AXIS2_PLACEMENT_3D('',#6325,#5059,#5060);
#4163=AXIS2_PLACEMENT_3D('',#6326,#5061,#5062);
#4164=AXIS2_PLACEMENT_3D('',#6330,#5065,#5066);
#4165=AXIS2_PLACEMENT_3D('',#6334,#5069,#5070);
#4166=AXIS2_PLACEMENT_3D('',#6338,#5073,#5074);
#4167=AXIS2_PLACEMENT_3D('',#6341,#5076,#5077);
#4168=AXIS2_PLACEMENT_3D('',#6342,#5078,#5079);
#4169=AXIS2_PLACEMENT_3D('',#6346,#5082,#5083);
#4170=AXIS2_PLACEMENT_3D('',#6349,#5085,#5086);
#4171=AXIS2_PLACEMENT_3D('',#6350,#5087,#5088);
#4172=AXIS2_PLACEMENT_3D('',#6354,#5091,#5092);
#4173=AXIS2_PLACEMENT_3D('',#6357,#5094,#5095);
#4174=AXIS2_PLACEMENT_3D('',#6358,#5096,#5097);
#4175=AXIS2_PLACEMENT_3D('',#6362,#5100,#5101);
#4176=AXIS2_PLACEMENT_3D('',#6366,#5104,#5105);
#4177=AXIS2_PLACEMENT_3D('',#6369,#5107,#5108);
#4178=AXIS2_PLACEMENT_3D('',#6370,#5109,#5110);
#4179=AXIS2_PLACEMENT_3D('',#6374,#5113,#5114);
#4180=AXIS2_PLACEMENT_3D('',#6378,#5117,#5118);
#4181=AXIS2_PLACEMENT_3D('',#6381,#5120,#5121);
#4182=AXIS2_PLACEMENT_3D('',#6382,#5122,#5123);
#4183=AXIS2_PLACEMENT_3D('',#6386,#5126,#5127);
#4184=AXIS2_PLACEMENT_3D('',#6389,#5129,#5130);
#4185=AXIS2_PLACEMENT_3D('',#6390,#5131,#5132);
#4186=AXIS2_PLACEMENT_3D('',#6392,#5134,#5135);
#4187=AXIS2_PLACEMENT_3D('',#6393,#5136,#5137);
#4188=AXIS2_PLACEMENT_3D('',#6394,#5138,#5139);
#4189=AXIS2_PLACEMENT_3D('',#6396,#5140,#5141);
#4190=AXIS2_PLACEMENT_3D('',#6399,#5143,#5144);
#4191=AXIS2_PLACEMENT_3D('',#6400,#5145,#5146);
#4192=AXIS2_PLACEMENT_3D('',#6401,#5147,#5148);
#4193=AXIS2_PLACEMENT_3D('',#6403,#5149,#5150);
#4194=AXIS2_PLACEMENT_3D('',#6407,#5152,#5153);
#4195=AXIS2_PLACEMENT_3D('',#6413,#5156,#5157);
#4196=AXIS2_PLACEMENT_3D('',#6419,#5160,#5161);
#4197=AXIS2_PLACEMENT_3D('',#6423,#5163,#5164);
#4198=AXIS2_PLACEMENT_3D('',#6427,#5166,#5167);
#4199=AXIS2_PLACEMENT_3D('',#6435,#5171,#5172);
#4200=AXIS2_PLACEMENT_3D('',#6437,#5173,#5174);
#4201=AXIS2_PLACEMENT_3D('',#6439,#5175,#5176);
#4202=AXIS2_PLACEMENT_3D('',#6449,#5181,#5182);
#4203=AXIS2_PLACEMENT_3D('',#6451,#5183,#5184);
#4204=AXIS2_PLACEMENT_3D('',#6453,#5185,#5186);
#4205=AXIS2_PLACEMENT_3D('',#6461,#5190,#5191);
#4206=AXIS2_PLACEMENT_3D('',#6465,#5193,#5194);
#4207=AXIS2_PLACEMENT_3D('',#6469,#5196,#5197);
#4208=AXIS2_PLACEMENT_3D('',#6475,#5200,#5201);
#4209=AXIS2_PLACEMENT_3D('',#6481,#5204,#5205);
#4210=AXIS2_PLACEMENT_3D('',#6485,#5207,#5208);
#4211=AXIS2_PLACEMENT_3D('',#6486,#5209,#5210);
#4212=AXIS2_PLACEMENT_3D('',#6488,#5211,#5212);
#4213=AXIS2_PLACEMENT_3D('',#6490,#5213,#5214);
#4214=AXIS2_PLACEMENT_3D('',#6492,#5215,#5216);
#4215=AXIS2_PLACEMENT_3D('',#6494,#5217,#5218);
#4216=AXIS2_PLACEMENT_3D('',#6496,#5219,#5220);
#4217=AXIS2_PLACEMENT_3D('',#6498,#5221,#5222);
#4218=AXIS2_PLACEMENT_3D('',#6500,#5223,#5224);
#4219=AXIS2_PLACEMENT_3D('',#6502,#5225,#5226);
#4220=AXIS2_PLACEMENT_3D('',#6503,#5227,#5228);
#4221=AXIS2_PLACEMENT_3D('',#6505,#5230,#5231);
#4222=AXIS2_PLACEMENT_3D('',#6507,#5232,#5233);
#4223=AXIS2_PLACEMENT_3D('',#6509,#5235,#5236);
#4224=AXIS2_PLACEMENT_3D('',#6511,#5238,#5239);
#4225=AXIS2_PLACEMENT_3D('',#6513,#5240,#5241);
#4226=AXIS2_PLACEMENT_3D('',#6515,#5243,#5244);
#4227=AXIS2_PLACEMENT_3D('',#6517,#5246,#5247);
#4228=AXIS2_PLACEMENT_3D('',#6519,#5248,#5249);
#4229=AXIS2_PLACEMENT_3D('',#6521,#5251,#5252);
#4230=AXIS2_PLACEMENT_3D('',#6523,#5254,#5255);
#4231=AXIS2_PLACEMENT_3D('',#6525,#5256,#5257);
#4232=AXIS2_PLACEMENT_3D('',#6527,#5259,#5260);
#4233=AXIS2_PLACEMENT_3D('',#6529,#5262,#5263);
#4234=AXIS2_PLACEMENT_3D('',#6531,#5264,#5265);
#4235=AXIS2_PLACEMENT_3D('',#6533,#5267,#5268);
#4236=AXIS2_PLACEMENT_3D('',#6535,#5270,#5271);
#4237=AXIS2_PLACEMENT_3D('',#6537,#5272,#5273);
#4238=AXIS2_PLACEMENT_3D('',#6539,#5275,#5276);
#4239=AXIS2_PLACEMENT_3D('',#6541,#5278,#5279);
#4240=AXIS2_PLACEMENT_3D('',#6543,#5280,#5281);
#4241=AXIS2_PLACEMENT_3D('',#6545,#5283,#5284);
#4242=AXIS2_PLACEMENT_3D('',#6547,#5286,#5287);
#4243=AXIS2_PLACEMENT_3D('',#6549,#5288,#5289);
#4244=AXIS2_PLACEMENT_3D('',#6551,#5291,#5292);
#4245=AXIS2_PLACEMENT_3D('',#6553,#5294,#5295);
#4246=AXIS2_PLACEMENT_3D('',#6554,#5296,#5297);
#4247=AXIS2_PLACEMENT_3D('',#6556,#5299,#5300);
#4248=AXIS2_PLACEMENT_3D('',#6561,#5301,#5302);
#4249=AXIS2_PLACEMENT_3D('',#6564,#5305,#5306);
#4250=AXIS2_PLACEMENT_3D('',#6567,#5309,#5310);
#4251=AXIS2_PLACEMENT_3D('',#6570,#5313,#5314);
#4252=AXIS2_PLACEMENT_3D('',#6573,#5317,#5318);
#4253=AXIS2_PLACEMENT_3D('',#6576,#5321,#5322);
#4254=AXIS2_PLACEMENT_3D('',#6578,#5324,#5325);
#4255=AXIS2_PLACEMENT_3D('',#6580,#5327,#5328);
#4256=AXIS2_PLACEMENT_3D('',#6582,#5330,#5331);
#4257=AXIS2_PLACEMENT_3D('',#6584,#5333,#5334);
#4258=AXIS2_PLACEMENT_3D('',#6586,#5336,#5337);
#4259=AXIS2_PLACEMENT_3D('',#6587,#5338,#5339);
#4260=AXIS2_PLACEMENT_3D('',#6589,#5341,#5342);
#4261=AXIS2_PLACEMENT_3D('',#6591,#5344,#5345);
#4262=AXIS2_PLACEMENT_3D('',#6593,#5347,#5348);
#4263=AXIS2_PLACEMENT_3D('',#6595,#5350,#5351);
#4264=AXIS2_PLACEMENT_3D('',#6597,#5353,#5354);
#4265=AXIS2_PLACEMENT_3D('',#6599,#5356,#5357);
#4266=AXIS2_PLACEMENT_3D('',#6600,#5358,#5359);
#4267=AXIS2_PLACEMENT_3D('',#6602,#5361,#5362);
#4268=AXIS2_PLACEMENT_3D('',#6604,#5364,#5365);
#4269=AXIS2_PLACEMENT_3D('',#6606,#5367,#5368);
#4270=AXIS2_PLACEMENT_3D('',#6608,#5370,#5371);
#4271=AXIS2_PLACEMENT_3D('',#6609,#5372,#5373);
#4272=AXIS2_PLACEMENT_3D('',#6611,#5375,#5376);
#4273=AXIS2_PLACEMENT_3D('',#6612,#5377,#5378);
#4274=AXIS2_PLACEMENT_3D('',#6614,#5380,#5381);
#4275=AXIS2_PLACEMENT_3D('',#6616,#5383,#5384);
#4276=AXIS2_PLACEMENT_3D('',#6617,#5385,#5386);
#4277=AXIS2_PLACEMENT_3D('',#6620,#5389,#5390);
#4278=AXIS2_PLACEMENT_3D('',#6622,#5392,#5393);
#4279=AXIS2_PLACEMENT_3D('',#6624,#5395,#5396);
#4280=AXIS2_PLACEMENT_3D('',#6626,#5398,#5399);
#4281=AXIS2_PLACEMENT_3D('',#6628,#5401,#5402);
#4282=AXIS2_PLACEMENT_3D('',#6630,#5404,#5405);
#4283=AXIS2_PLACEMENT_3D('',#6631,#5406,#5407);
#4284=AXIS2_PLACEMENT_3D('',#6634,#5410,#5411);
#4285=AXIS2_PLACEMENT_3D('',#6636,#5413,#5414);
#4286=AXIS2_PLACEMENT_3D('',#6637,#5415,#5416);
#4287=AXIS2_PLACEMENT_3D('',#6639,#5418,#5419);
#4288=AXIS2_PLACEMENT_3D('',#6641,#5421,#5422);
#4289=AXIS2_PLACEMENT_3D('',#6642,#5423,#5424);
#4290=AXIS2_PLACEMENT_3D('',#6645,#5427,#5428);
#4291=AXIS2_PLACEMENT_3D('',#6647,#5430,#5431);
#4292=AXIS2_PLACEMENT_3D('',#6649,#5433,#5434);
#4293=AXIS2_PLACEMENT_3D('',#6651,#5436,#5437);
#4294=AXIS2_PLACEMENT_3D('',#6653,#5439,#5440);
#4295=AXIS2_PLACEMENT_3D('',#6655,#5442,#5443);
#4296=AXIS2_PLACEMENT_3D('',#6657,#5445,#5446);
#4297=AXIS2_PLACEMENT_3D('',#6659,#5448,#5449);
#4298=AXIS2_PLACEMENT_3D('',#6661,#5451,#5452);
#4299=AXIS2_PLACEMENT_3D('',#6663,#5454,#5455);
#4300=AXIS2_PLACEMENT_3D('',#6665,#5457,#5458);
#4301=AXIS2_PLACEMENT_3D('',#6667,#5460,#5461);
#4302=AXIS2_PLACEMENT_3D('',#6669,#5463,#5464);
#4303=AXIS2_PLACEMENT_3D('',#6671,#5466,#5467);
#4304=AXIS2_PLACEMENT_3D('',#6673,#5469,#5470);
#4305=AXIS2_PLACEMENT_3D('',#6675,#5472,#5473);
#4306=AXIS2_PLACEMENT_3D('',#6677,#5475,#5476);
#4307=AXIS2_PLACEMENT_3D('',#6679,#5478,#5479);
#4308=AXIS2_PLACEMENT_3D('',#6681,#5481,#5482);
#4309=AXIS2_PLACEMENT_3D('',#6683,#5484,#5485);
#4310=AXIS2_PLACEMENT_3D('',#6685,#5487,#5488);
#4311=AXIS2_PLACEMENT_3D('',#6687,#5490,#5491);
#4312=AXIS2_PLACEMENT_3D('',#6689,#5493,#5494);
#4313=AXIS2_PLACEMENT_3D('',#6690,#5495,#5496);
#4314=AXIS2_PLACEMENT_3D('',#6692,#5498,#5499);
#4315=AXIS2_PLACEMENT_3D('',#6694,#5501,#5502);
#4316=AXIS2_PLACEMENT_3D('',#6696,#5504,#5505);
#4317=AXIS2_PLACEMENT_3D('',#6698,#5507,#5508);
#4318=AXIS2_PLACEMENT_3D('',#6700,#5510,#5511);
#4319=AXIS2_PLACEMENT_3D('',#6702,#5513,#5514);
#4320=AXIS2_PLACEMENT_3D('',#6704,#5516,#5517);
#4321=AXIS2_PLACEMENT_3D('',#6706,#5519,#5520);
#4322=AXIS2_PLACEMENT_3D('',#6708,#5522,#5523);
#4323=AXIS2_PLACEMENT_3D('',#6710,#5525,#5526);
#4324=AXIS2_PLACEMENT_3D('',#6712,#5528,#5529);
#4325=AXIS2_PLACEMENT_3D('',#6714,#5531,#5532);
#4326=AXIS2_PLACEMENT_3D('',#6716,#5534,#5535);
#4327=AXIS2_PLACEMENT_3D('',#6718,#5537,#5538);
#4328=AXIS2_PLACEMENT_3D('',#6720,#5540,#5541);
#4329=AXIS2_PLACEMENT_3D('',#6722,#5543,#5544);
#4330=AXIS2_PLACEMENT_3D('',#6724,#5546,#5547);
#4331=AXIS2_PLACEMENT_3D('',#6726,#5549,#5550);
#4332=AXIS2_PLACEMENT_3D('',#6728,#5552,#5553);
#4333=DIRECTION('axis',(0.,0.,1.));
#4334=DIRECTION('refdir',(1.,0.,0.));
#4335=DIRECTION('center_axis',(0.,0.,1.));
#4336=DIRECTION('ref_axis',(-1.,0.,0.));
#4337=DIRECTION('center_axis',(0.,0.,1.));
#4338=DIRECTION('ref_axis',(-1.,0.,0.));
#4339=DIRECTION('',(0.,0.,1.));
#4340=DIRECTION('center_axis',(0.,0.,1.));
#4341=DIRECTION('ref_axis',(-1.,0.,0.));
#4342=DIRECTION('center_axis',(0.,0.,1.));
#4343=DIRECTION('ref_axis',(-1.,0.,0.));
#4344=DIRECTION('center_axis',(0.,0.,1.));
#4345=DIRECTION('ref_axis',(-1.,0.,0.));
#4346=DIRECTION('',(0.,0.,1.));
#4347=DIRECTION('center_axis',(0.,0.,1.));
#4348=DIRECTION('ref_axis',(-1.,0.,0.));
#4349=DIRECTION('center_axis',(0.,0.,1.));
#4350=DIRECTION('ref_axis',(-1.,0.,0.));
#4351=DIRECTION('center_axis',(0.,0.,1.));
#4352=DIRECTION('ref_axis',(-1.,0.,0.));
#4353=DIRECTION('',(0.,0.,1.));
#4354=DIRECTION('center_axis',(0.,0.,1.));
#4355=DIRECTION('ref_axis',(-1.,0.,0.));
#4356=DIRECTION('center_axis',(0.,0.,1.));
#4357=DIRECTION('ref_axis',(-1.,0.,0.));
#4358=DIRECTION('center_axis',(0.,0.,1.));
#4359=DIRECTION('ref_axis',(-1.,0.,0.));
#4360=DIRECTION('',(0.,0.,1.));
#4361=DIRECTION('center_axis',(0.,0.,1.));
#4362=DIRECTION('ref_axis',(-1.,0.,0.));
#4363=DIRECTION('center_axis',(0.,0.,1.));
#4364=DIRECTION('ref_axis',(-1.,0.,0.));
#4365=DIRECTION('center_axis',(0.,0.,1.));
#4366=DIRECTION('ref_axis',(-1.,0.,0.));
#4367=DIRECTION('',(0.,0.,1.));
#4368=DIRECTION('center_axis',(0.,0.,1.));
#4369=DIRECTION('ref_axis',(-1.,0.,0.));
#4370=DIRECTION('center_axis',(0.,0.,1.));
#4371=DIRECTION('ref_axis',(-1.,0.,0.));
#4372=DIRECTION('center_axis',(0.,0.,1.));
#4373=DIRECTION('ref_axis',(-1.,0.,0.));
#4374=DIRECTION('',(0.,0.,1.));
#4375=DIRECTION('center_axis',(0.,0.,1.));
#4376=DIRECTION('ref_axis',(-1.,0.,0.));
#4377=DIRECTION('center_axis',(0.,0.,1.));
#4378=DIRECTION('ref_axis',(-1.,0.,0.));
#4379=DIRECTION('center_axis',(0.,0.,1.));
#4380=DIRECTION('ref_axis',(-1.,0.,0.));
#4381=DIRECTION('',(0.,0.,1.));
#4382=DIRECTION('center_axis',(0.,0.,1.));
#4383=DIRECTION('ref_axis',(-1.,0.,0.));
#4384=DIRECTION('center_axis',(0.,0.,1.));
#4385=DIRECTION('ref_axis',(-1.,0.,0.));
#4386=DIRECTION('center_axis',(0.,0.,1.));
#4387=DIRECTION('ref_axis',(-1.,0.,0.));
#4388=DIRECTION('',(0.,0.,1.));
#4389=DIRECTION('center_axis',(0.,0.,1.));
#4390=DIRECTION('ref_axis',(-1.,0.,0.));
#4391=DIRECTION('center_axis',(0.,0.,1.));
#4392=DIRECTION('ref_axis',(-1.,0.,0.));
#4393=DIRECTION('center_axis',(0.,0.,1.));
#4394=DIRECTION('ref_axis',(-1.,0.,0.));
#4395=DIRECTION('',(0.,0.,1.));
#4396=DIRECTION('center_axis',(0.,0.,1.));
#4397=DIRECTION('ref_axis',(-1.,0.,0.));
#4398=DIRECTION('center_axis',(0.,0.,1.));
#4399=DIRECTION('ref_axis',(-1.,0.,0.));
#4400=DIRECTION('center_axis',(0.,0.,1.));
#4401=DIRECTION('ref_axis',(-1.,0.,0.));
#4402=DIRECTION('',(0.,0.,1.));
#4403=DIRECTION('center_axis',(0.,0.,1.));
#4404=DIRECTION('ref_axis',(-1.,0.,0.));
#4405=DIRECTION('center_axis',(0.,0.,1.));
#4406=DIRECTION('ref_axis',(-1.,0.,0.));
#4407=DIRECTION('center_axis',(0.,0.,1.));
#4408=DIRECTION('ref_axis',(-1.,0.,0.));
#4409=DIRECTION('',(0.,0.,1.));
#4410=DIRECTION('center_axis',(0.,0.,1.));
#4411=DIRECTION('ref_axis',(-1.,0.,0.));
#4412=DIRECTION('center_axis',(0.,0.,1.));
#4413=DIRECTION('ref_axis',(-1.,0.,0.));
#4414=DIRECTION('center_axis',(0.,0.,1.));
#4415=DIRECTION('ref_axis',(-1.,0.,0.));
#4416=DIRECTION('',(0.,0.,1.));
#4417=DIRECTION('center_axis',(0.,0.,1.));
#4418=DIRECTION('ref_axis',(-1.,0.,0.));
#4419=DIRECTION('center_axis',(0.,0.,1.));
#4420=DIRECTION('ref_axis',(1.,0.,0.));
#4421=DIRECTION('center_axis',(0.,0.,1.));
#4422=DIRECTION('ref_axis',(1.,0.,0.));
#4423=DIRECTION('center_axis',(0.,0.,1.));
#4424=DIRECTION('ref_axis',(1.,0.,0.));
#4425=DIRECTION('center_axis',(0.,0.,1.));
#4426=DIRECTION('ref_axis',(1.,0.,0.));
#4427=DIRECTION('center_axis',(0.,0.,1.));
#4428=DIRECTION('ref_axis',(1.,0.,0.));
#4429=DIRECTION('center_axis',(0.,0.,1.));
#4430=DIRECTION('ref_axis',(1.,0.,0.));
#4431=DIRECTION('center_axis',(0.,0.,1.));
#4432=DIRECTION('ref_axis',(1.,0.,0.));
#4433=DIRECTION('center_axis',(0.,0.,1.));
#4434=DIRECTION('ref_axis',(1.,0.,0.));
#4435=DIRECTION('center_axis',(0.,0.,1.));
#4436=DIRECTION('ref_axis',(1.,0.,0.));
#4437=DIRECTION('center_axis',(0.,0.,1.));
#4438=DIRECTION('ref_axis',(1.,0.,0.));
#4439=DIRECTION('center_axis',(0.,0.,1.));
#4440=DIRECTION('ref_axis',(1.,0.,0.));
#4441=DIRECTION('center_axis',(0.,0.,1.));
#4442=DIRECTION('ref_axis',(1.,0.,0.));
#4443=DIRECTION('center_axis',(0.,0.,1.));
#4444=DIRECTION('ref_axis',(1.,0.,0.));
#4445=DIRECTION('center_axis',(0.,0.,1.));
#4446=DIRECTION('ref_axis',(-0.819180173974192,-0.5735362609004,0.));
#4447=DIRECTION('center_axis',(0.,0.,-1.));
#4448=DIRECTION('ref_axis',(-0.195928606517321,0.980618162766824,0.));
#4449=DIRECTION('center_axis',(0.,0.,1.));
#4450=DIRECTION('ref_axis',(0.195928624529272,-0.980618159168016,0.));
#4451=DIRECTION('',(-0.258531414776453,0.966002850706811,0.));
#4452=DIRECTION('',(-0.258819042291934,0.965925827042163,0.));
#4453=DIRECTION('',(1.,0.,0.));
#4454=DIRECTION('center_axis',(0.,0.,1.));
#4455=DIRECTION('ref_axis',(0.,-1.,0.));
#4456=DIRECTION('',(0.990268068493464,0.139173102725436,0.));
#4457=DIRECTION('center_axis',(0.,0.,1.));
#4458=DIRECTION('ref_axis',(0.139173085444978,-0.990268070922073,0.));
#4459=DIRECTION('',(-0.139173097864401,0.990268069176638,0.));
#4460=DIRECTION('center_axis',(0.,0.,1.));
#4461=DIRECTION('ref_axis',(0.990268071909396,0.139173078419811,0.));
#4462=DIRECTION('',(-1.,5.3247020995319E-10,0.));
#4463=DIRECTION('',(-0.207911694909412,0.978147599864098,0.));
#4464=DIRECTION('center_axis',(0.,0.,1.));
#4465=DIRECTION('ref_axis',(0.978147592737328,0.207911728438225,0.));
#4466=DIRECTION('',(-0.97814760156188,-0.207911686921974,0.));
#4467=DIRECTION('',(-0.258819046472194,0.965925825922065,0.));
#4468=DIRECTION('center_axis',(0.,0.,1.));
#4469=DIRECTION('ref_axis',(0.9659258325098,0.258819021886433,0.));
#4470=DIRECTION('',(-0.965925827479762,-0.258819040658791,0.));
#4471=DIRECTION('center_axis',(0.,0.,1.));
#4472=DIRECTION('ref_axis',(-0.258819009890579,0.965925835724079,0.));
#4473=DIRECTION('',(0.258819069442285,-0.965925819767248,0.));
#4474=DIRECTION('center_axis',(0.,0.,-1.));
#4475=DIRECTION('ref_axis',(-0.164552654947462,-0.986368300255914,0.));
#4476=DIRECTION('',(0.,-1.,0.));
#4477=DIRECTION('',(-1.,0.,0.));
#4478=DIRECTION('',(0.,1.,0.));
#4479=DIRECTION('center_axis',(0.,0.,-1.));
#4480=DIRECTION('ref_axis',(-0.164552654947462,-0.986368300255914,0.));
#4481=DIRECTION('',(0.258819048531924,0.965925825370162,0.));
#4482=DIRECTION('center_axis',(0.,0.,1.));
#4483=DIRECTION('ref_axis',(0.965925821214718,-0.258819064040253,0.));
#4484=DIRECTION('',(-0.965925826009173,0.258819046147103,0.));
#4485=DIRECTION('center_axis',(0.,0.,1.));
#4486=DIRECTION('ref_axis',(0.258819062682459,0.965925821578538,0.));
#4487=DIRECTION('',(-0.2588190433622,-0.965925826755386,0.));
#4488=DIRECTION('',(-0.978147600441537,0.207911692192773,0.));
#4489=DIRECTION('center_axis',(0.,0.,1.));
#4490=DIRECTION('ref_axis',(0.20791171849408,0.978147594851022,0.));
#4491=DIRECTION('',(-0.207911694798994,-0.978147599887568,0.));
#4492=DIRECTION('',(-1.,0.,0.));
#4493=DIRECTION('center_axis',(0.,0.,1.));
#4494=DIRECTION('ref_axis',(0.,1.,0.));
#4495=DIRECTION('',(-0.139173099895814,-0.990268068891141,0.));
#4496=DIRECTION('center_axis',(0.,0.,1.));
#4497=DIRECTION('ref_axis',(-0.990268065790207,0.139173121960107,0.));
#4498=DIRECTION('',(0.990268070264198,-0.139173090126004,0.));
#4499=DIRECTION('center_axis',(0.,0.,1.));
#4500=DIRECTION('ref_axis',(-0.13917308337983,-0.990268071212311,0.));
#4501=DIRECTION('',(1.,-3.3252982649145E-9,0.));
#4502=DIRECTION('',(-0.258819039929086,-0.965925827675286,0.));
#4503=DIRECTION('',(-0.258518480992369,-0.966006312083621,0.));
#4504=DIRECTION('center_axis',(0.,0.,1.));
#4505=DIRECTION('ref_axis',(-0.966050514768842,0.258353252185559,0.));
#4506=DIRECTION('center_axis',(0.,0.,-1.));
#4507=DIRECTION('ref_axis',(0.625256613756583,0.780419225130731,0.));
#4508=DIRECTION('center_axis',(0.,0.,1.));
#4509=DIRECTION('ref_axis',(-0.625256604128411,-0.780419232844635,0.));
#4510=DIRECTION('',(0.573512119867241,0.819197075413104,0.));
#4511=DIRECTION('',(0.573576441821993,0.819152040458194,0.));
#4512=DIRECTION('',(1.,0.,0.));
#4513=DIRECTION('',(0.573576440572064,-0.819152041333403,0.));
#4514=DIRECTION('center_axis',(0.,0.,-1.));
#4515=DIRECTION('ref_axis',(1.,0.,0.));
#4516=DIRECTION('center_axis',(0.,0.,-1.));
#4517=DIRECTION('ref_axis',(1.,0.,0.));
#4518=DIRECTION('center_axis',(0.,0.,-1.));
#4519=DIRECTION('ref_axis',(1.,0.,0.));
#4520=DIRECTION('center_axis',(0.,0.,-1.));
#4521=DIRECTION('ref_axis',(1.,0.,0.));
#4522=DIRECTION('center_axis',(0.,0.,-1.));
#4523=DIRECTION('ref_axis',(1.,0.,0.));
#4524=DIRECTION('center_axis',(0.,0.,-1.));
#4525=DIRECTION('ref_axis',(1.,0.,0.));
#4526=DIRECTION('center_axis',(0.,0.,-1.));
#4527=DIRECTION('ref_axis',(1.,0.,0.));
#4528=DIRECTION('center_axis',(0.,0.,-1.));
#4529=DIRECTION('ref_axis',(1.,0.,0.));
#4530=DIRECTION('center_axis',(0.,0.,-1.));
#4531=DIRECTION('ref_axis',(1.,0.,0.));
#4532=DIRECTION('center_axis',(0.,-1.,0.));
#4533=DIRECTION('ref_axis',(0.,0.,1.));
#4534=DIRECTION('',(1.,0.,0.));
#4535=DIRECTION('',(0.,0.,-1.));
#4536=DIRECTION('',(-1.,0.,0.));
#4537=DIRECTION('',(0.,0.,1.));
#4538=DIRECTION('center_axis',(0.,-1.,0.));
#4539=DIRECTION('ref_axis',(-1.,0.,0.));
#4540=DIRECTION('',(0.,0.,-1.));
#4541=DIRECTION('',(-1.,0.,0.));
#4542=DIRECTION('',(0.,0.,1.));
#4543=DIRECTION('center_axis',(0.,0.,1.));
#4544=DIRECTION('ref_axis',(1.,0.,0.));
#4545=DIRECTION('',(0.,1.,0.));
#4546=DIRECTION('',(1.,0.,0.));
#4547=DIRECTION('center_axis',(0.,0.,1.));
#4548=DIRECTION('ref_axis',(-0.164552654947462,-0.986368300255914,0.));
#4549=DIRECTION('',(0.,-1.,0.));
#4550=DIRECTION('center_axis',(-1.,0.,0.));
#4551=DIRECTION('ref_axis',(0.,-1.,0.));
#4552=DIRECTION('',(0.,1.,0.));
#4553=DIRECTION('',(0.,0.,1.));
#4554=DIRECTION('',(0.,-1.,0.));
#4555=DIRECTION('',(0.,0.,-1.));
#4556=DIRECTION('center_axis',(0.,0.,1.));
#4557=DIRECTION('ref_axis',(-0.164552654947462,-0.986368300255914,0.));
#4558=DIRECTION('center_axis',(0.,0.,1.));
#4559=DIRECTION('ref_axis',(-0.164552654947462,-0.986368300255914,0.));
#4560=DIRECTION('',(0.,0.,1.));
#4561=DIRECTION('center_axis',(0.,0.,1.));
#4562=DIRECTION('ref_axis',(1.,0.,0.));
#4563=DIRECTION('',(-0.573576440572064,0.819152041333403,0.));
#4564=DIRECTION('',(-1.,0.,0.));
#4565=DIRECTION('',(-0.573576441821993,-0.819152040458194,0.));
#4566=DIRECTION('',(-0.573512119867241,-0.819197075413104,0.));
#4567=DIRECTION('center_axis',(0.,0.,-1.));
#4568=DIRECTION('ref_axis',(-0.625256604128411,-0.780419232844635,0.));
#4569=DIRECTION('center_axis',(0.,0.,1.));
#4570=DIRECTION('ref_axis',(0.625256613756583,0.780419225130731,0.));
#4571=DIRECTION('center_axis',(0.,0.,-1.));
#4572=DIRECTION('ref_axis',(-0.966050514768842,0.258353252185559,0.));
#4573=DIRECTION('',(0.258518480992369,0.966006312083621,0.));
#4574=DIRECTION('',(0.258819039929086,0.965925827675286,0.));
#4575=DIRECTION('',(-1.,3.3252982649145E-9,0.));
#4576=DIRECTION('center_axis',(0.,0.,-1.));
#4577=DIRECTION('ref_axis',(-0.13917308337983,-0.990268071212311,0.));
#4578=DIRECTION('',(-0.990268070264198,0.139173090126004,0.));
#4579=DIRECTION('center_axis',(0.,0.,-1.));
#4580=DIRECTION('ref_axis',(-0.990268065790207,0.139173121960107,0.));
#4581=DIRECTION('',(0.139173099895814,0.990268068891141,0.));
#4582=DIRECTION('center_axis',(0.,0.,-1.));
#4583=DIRECTION('ref_axis',(0.,1.,0.));
#4584=DIRECTION('',(1.,0.,0.));
#4585=DIRECTION('',(0.207911694798994,0.978147599887568,0.));
#4586=DIRECTION('center_axis',(0.,0.,-1.));
#4587=DIRECTION('ref_axis',(0.20791171849408,0.978147594851022,0.));
#4588=DIRECTION('',(0.978147600441537,-0.207911692192773,0.));
#4589=DIRECTION('',(0.2588190433622,0.965925826755386,0.));
#4590=DIRECTION('center_axis',(0.,0.,-1.));
#4591=DIRECTION('ref_axis',(0.258819062682459,0.965925821578538,0.));
#4592=DIRECTION('',(0.965925826009173,-0.258819046147103,0.));
#4593=DIRECTION('center_axis',(0.,0.,-1.));
#4594=DIRECTION('ref_axis',(0.965925821214718,-0.258819064040253,0.));
#4595=DIRECTION('',(-0.258819048531924,-0.965925825370162,0.));
#4596=DIRECTION('center_axis',(0.,0.,1.));
#4597=DIRECTION('ref_axis',(-0.0908963638056429,-0.99586035720221,0.));
#4598=DIRECTION('center_axis',(0.,0.,-1.));
#4599=DIRECTION('ref_axis',(0.742583285727296,0.669753733665183,0.));
#4600=DIRECTION('',(0.965925826009173,-0.258819046147103,0.));
#4601=DIRECTION('center_axis',(0.,0.,-1.));
#4602=DIRECTION('ref_axis',(-0.500000013218389,0.866025396152798,0.));
#4603=DIRECTION('',(0.258819050342891,0.965925824884915,0.));
#4604=DIRECTION('',(0.978147600441538,-0.207911692192772,0.));
#4605=DIRECTION('center_axis',(0.,0.,-1.));
#4606=DIRECTION('ref_axis',(-0.544639026707,0.83867057334072,0.));
#4607=DIRECTION('',(0.207911693713172,0.978147600118367,0.));
#4608=DIRECTION('',(1.,0.,0.));
#4609=DIRECTION('center_axis',(0.,0.,-1.));
#4610=DIRECTION('ref_axis',(-0.656059030966335,0.754709578505212,0.));
#4611=DIRECTION('',(0.139173099895814,0.990268068891141,0.));
#4612=DIRECTION('center_axis',(0.,0.,-1.));
#4613=DIRECTION('ref_axis',(-0.798635504797606,-0.601815030118618,0.));
#4614=DIRECTION('',(-0.990268070264198,0.139173090126005,0.));
#4615=DIRECTION('center_axis',(0.,0.,-1.));
#4616=DIRECTION('ref_axis',(-0.0697564691282827,-0.997564050582595,0.));
#4617=DIRECTION('',(-1.,3.95229692750879E-9,0.));
#4618=DIRECTION('',(0.258819039929086,0.965925827675286,0.));
#4619=DIRECTION('',(0.25851848099679,0.966006312082438,0.));
#4620=DIRECTION('center_axis',(0.,0.,-1.));
#4621=DIRECTION('ref_axis',(-0.849312099750728,-0.527891046729351,0.));
#4622=DIRECTION('center_axis',(0.,0.,1.));
#4623=DIRECTION('ref_axis',(0.422618261919414,0.906307786953314,0.));
#4624=DIRECTION('center_axis',(0.,0.,-1.));
#4625=DIRECTION('ref_axis',(0.141763727012632,-0.989900523135273,0.));
#4626=DIRECTION('',(-0.573515394647464,-0.819194782760708,0.));
#4627=DIRECTION('',(-0.573576441821993,-0.819152040458193,0.));
#4628=DIRECTION('',(-1.,0.,0.));
#4629=DIRECTION('',(-0.573576440572064,0.819152041333403,0.));
#4630=DIRECTION('center_axis',(0.,0.,-1.));
#4631=DIRECTION('ref_axis',(-0.141857852855588,-0.989887038799479,0.));
#4632=DIRECTION('center_axis',(0.,0.,1.));
#4633=DIRECTION('ref_axis',(-0.422618261620663,0.906307787092624,0.));
#4634=DIRECTION('center_axis',(0.,0.,-1.));
#4635=DIRECTION('ref_axis',(0.849308737954604,-0.527896455409541,0.));
#4636=DIRECTION('',(0.258501758670261,-0.966010787084897,0.));
#4637=DIRECTION('',(0.258819042291929,-0.965925827042164,0.));
#4638=DIRECTION('',(-1.,0.,0.));
#4639=DIRECTION('center_axis',(0.,0.,-1.));
#4640=DIRECTION('ref_axis',(0.0697564711325072,-0.997564050442446,0.));
#4641=DIRECTION('',(-0.990268068493464,-0.139173102725436,0.));
#4642=DIRECTION('center_axis',(0.,0.,-1.));
#4643=DIRECTION('ref_axis',(0.798635507117847,-0.601815027039555,0.));
#4644=DIRECTION('',(0.139173097864401,-0.990268069176638,0.));
#4645=DIRECTION('center_axis',(0.,0.,-1.));
#4646=DIRECTION('ref_axis',(0.656059032310525,0.754709577336725,0.));
#4647=DIRECTION('',(1.,-6.40305790278059E-10,0.));
#4648=DIRECTION('',(0.207911694909415,-0.978147599864097,0.));
#4649=DIRECTION('center_axis',(0.,0.,-1.));
#4650=DIRECTION('ref_axis',(0.544639024426915,0.838670574821424,0.));
#4651=DIRECTION('',(0.978147601824001,0.207911685688794,0.));
#4652=DIRECTION('',(0.2588190464722,-0.965925825922064,0.));
#4653=DIRECTION('center_axis',(0.,0.,-1.));
#4654=DIRECTION('ref_axis',(0.500000019224474,0.866025392685183,0.));
#4655=DIRECTION('',(0.965925827479762,0.258819040658792,0.));
#4656=DIRECTION('center_axis',(0.,0.,-1.));
#4657=DIRECTION('ref_axis',(-0.742583294531535,0.669753723903564,0.));
#4658=DIRECTION('center_axis',(0.,0.,1.));
#4659=DIRECTION('ref_axis',(0.0908963636630732,-0.995860357215222,0.));
#4660=DIRECTION('',(0.,-1.,0.));
#4661=DIRECTION('center_axis',(0.,0.,1.));
#4662=DIRECTION('ref_axis',(-0.164552654947462,-0.986368300255914,0.));
#4663=DIRECTION('',(-0.258819069442285,0.965925819767248,0.));
#4664=DIRECTION('center_axis',(0.,0.,-1.));
#4665=DIRECTION('ref_axis',(-0.258819009890579,0.965925835724079,0.));
#4666=DIRECTION('',(0.965925827479762,0.258819040658791,0.));
#4667=DIRECTION('center_axis',(0.,0.,-1.));
#4668=DIRECTION('ref_axis',(0.9659258325098,0.258819021886433,0.));
#4669=DIRECTION('',(0.258819046472194,-0.965925825922065,0.));
#4670=DIRECTION('',(0.97814760156188,0.207911686921974,0.));
#4671=DIRECTION('center_axis',(0.,0.,-1.));
#4672=DIRECTION('ref_axis',(0.978147592737328,0.207911728438225,0.));
#4673=DIRECTION('',(0.207911694909412,-0.978147599864098,0.));
#4674=DIRECTION('',(1.,-5.3247020995319E-10,0.));
#4675=DIRECTION('center_axis',(0.,0.,-1.));
#4676=DIRECTION('ref_axis',(0.990268071909396,0.139173078419811,0.));
#4677=DIRECTION('',(0.139173097864401,-0.990268069176638,0.));
#4678=DIRECTION('center_axis',(0.,0.,-1.));
#4679=DIRECTION('ref_axis',(0.139173085444978,-0.990268070922073,0.));
#4680=DIRECTION('',(-0.990268068493464,-0.139173102725436,0.));
#4681=DIRECTION('center_axis',(0.,0.,-1.));
#4682=DIRECTION('ref_axis',(0.,-1.,0.));
#4683=DIRECTION('',(-1.,0.,0.));
#4684=DIRECTION('',(0.258819042291934,-0.965925827042163,0.));
#4685=DIRECTION('',(0.258531414776453,-0.966002850706811,0.));
#4686=DIRECTION('center_axis',(0.,0.,-1.));
#4687=DIRECTION('ref_axis',(0.195928624529272,-0.980618159168016,0.));
#4688=DIRECTION('center_axis',(0.,0.,1.));
#4689=DIRECTION('ref_axis',(-0.195928606517321,0.980618162766824,0.));
#4690=DIRECTION('center_axis',(0.,0.,-1.));
#4691=DIRECTION('ref_axis',(-0.819180173974192,-0.5735362609004,0.));
#4692=DIRECTION('center_axis',(0.,0.,-1.));
#4693=DIRECTION('ref_axis',(-1.,0.,0.));
#4694=DIRECTION('center_axis',(0.,0.,-1.));
#4695=DIRECTION('ref_axis',(-0.0908963638056429,-0.995860357202209,0.));
#4696=DIRECTION('center_axis',(0.,-1.,0.));
#4697=DIRECTION('ref_axis',(0.,0.,-1.));
#4698=DIRECTION('',(0.,0.,-1.));
#4699=DIRECTION('',(1.,0.,0.));
#4700=DIRECTION('',(0.,0.,-1.));
#4701=DIRECTION('center_axis',(1.,0.,0.));
#4702=DIRECTION('ref_axis',(0.,1.,0.));
#4703=DIRECTION('',(0.,0.,1.));
#4704=DIRECTION('',(0.,1.,0.));
#4705=DIRECTION('',(0.,0.,-1.));
#4706=DIRECTION('center_axis',(0.,0.,-1.));
#4707=DIRECTION('ref_axis',(-0.149842545804665,-0.988709872240981,0.));
#4708=DIRECTION('center_axis',(0.,0.,1.));
#4709=DIRECTION('ref_axis',(-0.149842545804665,-0.988709872240981,0.));
#4710=DIRECTION('center_axis',(0.,0.,-1.));
#4711=DIRECTION('ref_axis',(-0.149842545804665,-0.988709872240981,0.));
#4712=DIRECTION('center_axis',(0.,0.,-1.));
#4713=DIRECTION('ref_axis',(-0.149842545804665,-0.988709872240981,0.));
#4714=DIRECTION('center_axis',(0.,0.,-1.));
#4715=DIRECTION('ref_axis',(0.0908963636630731,-0.995860357215222,0.));
#4716=DIRECTION('',(0.,0.,1.));
#4717=DIRECTION('center_axis',(0.,0.,-1.));
#4718=DIRECTION('ref_axis',(-1.,0.,0.));
#4719=DIRECTION('center_axis',(-0.2588190464722,0.965925825922064,0.));
#4720=DIRECTION('ref_axis',(0.683012701632707,0.183012702860729,0.707106781186548));
#4721=DIRECTION('',(-0.2588190464722,0.965925825922064,0.));
#4722=DIRECTION('center_axis',(0.258819046472201,-0.965925825922064,0.));
#4723=DIRECTION('ref_axis',(0.965925825922064,0.258819046472201,0.));
#4724=DIRECTION('center_axis',(-0.852640163354671,0.522498566346857,0.));
#4725=DIRECTION('ref_axis',(-0.522498566346857,-0.852640163354671,0.));
#4726=DIRECTION('center_axis',(-0.207911694909415,0.978147599864097,0.));
#4727=DIRECTION('ref_axis',(0.691654800865244,0.147015769358435,0.707106781186553));
#4728=DIRECTION('',(-0.207911694909415,0.978147599864097,0.));
#4729=DIRECTION('center_axis',(0.207911694909414,-0.978147599864098,0.));
#4730=DIRECTION('ref_axis',(0.978147599864098,0.207911694909414,0.));
#4731=DIRECTION('center_axis',(-0.777145962571737,0.629320389673216,0.));
#4732=DIRECTION('ref_axis',(-0.629320389673216,-0.777145962571737,0.));
#4733=DIRECTION('center_axis',(1.,0.,0.));
#4734=DIRECTION('ref_axis',(0.,-0.707106781186546,0.707106781186549));
#4735=DIRECTION('',(1.,0.,0.));
#4736=DIRECTION('center_axis',(-1.,0.,0.));
#4737=DIRECTION('ref_axis',(0.,-1.,0.));
#4738=DIRECTION('center_axis',(0.608761430162945,0.793353339405568,0.));
#4739=DIRECTION('ref_axis',(-0.793353339405568,0.608761430162945,0.));
#4740=DIRECTION('center_axis',(-0.258819042291929,0.965925827042164,0.));
#4741=DIRECTION('ref_axis',(0.683012702424737,0.18301269990483,0.707106781186549));
#4742=DIRECTION('center_axis',(-0.258660404093075,0.965968320057344,-8.54031338488425E-11));
#4743=DIRECTION('ref_axis',(0.965968320057344,0.258660404093076,6.74224153439493E-9));
#4744=DIRECTION('',(-0.258819042291929,0.965925827042164,0.));
#4745=DIRECTION('center_axis',(0.573576440572064,-0.819152041333403,0.));
#4746=DIRECTION('ref_axis',(-0.579227963249654,-0.40557979065735,0.707106781186546));
#4747=DIRECTION('',(0.573576440572064,-0.819152041333403,0.));
#4748=DIRECTION('center_axis',(-0.573576440572062,0.819152041333405,0.));
#4749=DIRECTION('ref_axis',(-0.819152041333405,-0.573576440572062,0.));
#4750=DIRECTION('center_axis',(0.887010834367898,-0.461748610949688,0.));
#4751=DIRECTION('ref_axis',(0.461748610949688,0.887010834367898,0.));
#4752=DIRECTION('center_axis',(1.,0.,0.));
#4753=DIRECTION('ref_axis',(0.,-0.707106781186548,0.707106781186547));
#4754=DIRECTION('center_axis',(0.887010834720184,0.461748610272951,0.));
#4755=DIRECTION('ref_axis',(-0.461748610272951,0.887010834720184,0.));
#4756=DIRECTION('',(1.,0.,0.));
#4757=DIRECTION('center_axis',(0.573576441821993,0.819152040458194,0.));
#4758=DIRECTION('ref_axis',(0.579227962630786,-0.405579791541183,0.707106781186547));
#4759=DIRECTION('center_axis',(0.573545918703788,0.819173412128487,-5.40390694092652E-12));
#4760=DIRECTION('ref_axis',(0.819173412128487,-0.573545918703788,3.47060343306643E-10));
#4761=DIRECTION('',(0.573576441821993,0.819152040458193,0.));
#4762=DIRECTION('center_axis',(-0.258518480996791,-0.966006312082438,0.));
#4763=DIRECTION('ref_axis',(-0.6830696139425,0.182800170974876,0.707106781186548));
#4764=DIRECTION('',(-0.25851848099679,-0.966006312082438,0.));
#4765=DIRECTION('center_axis',(0.258518480996794,0.966006312082437,0.));
#4766=DIRECTION('ref_axis',(-0.966006312082437,0.258518480996794,0.));
#4767=DIRECTION('center_axis',(-0.258668763657277,-0.96596608155153,2.61714192876976E-11));
#4768=DIRECTION('ref_axis',(-0.965966081551529,0.258668763657277,6.05021251657187E-9));
#4769=DIRECTION('center_axis',(-0.258819039929086,-0.965925827675286,0.));
#4770=DIRECTION('ref_axis',(-0.683012702872425,0.183012698234049,0.707106781186546));
#4771=DIRECTION('center_axis',(0.60876142956551,-0.793353339863996,0.));
#4772=DIRECTION('ref_axis',(0.793353339863996,0.60876142956551,0.));
#4773=DIRECTION('',(-0.258819039929086,-0.965925827675286,0.));
#4774=DIRECTION('center_axis',(-1.,0.,0.));
#4775=DIRECTION('ref_axis',(0.,0.707106781186548,0.707106781186547));
#4776=DIRECTION('',(-1.,0.,0.));
#4777=DIRECTION('center_axis',(1.,0.,0.));
#4778=DIRECTION('ref_axis',(0.,1.,0.));
#4779=DIRECTION('center_axis',(-0.777145962388396,-0.629320389899623,2.30081424250153E-15));
#4780=DIRECTION('ref_axis',(0.629320389899623,-0.777145962388396,2.84126897437882E-15));
#4781=DIRECTION('center_axis',(0.,0.,1.));
#4782=DIRECTION('ref_axis',(1.,0.,0.));
#4783=DIRECTION('center_axis',(0.139173095775031,0.990268069470279,0.));
#4784=DIRECTION('ref_axis',(-0.990268069470279,0.139173095775031,0.));
#4785=DIRECTION('center_axis',(0.,0.,1.));
#4786=DIRECTION('ref_axis',(-0.656059030966335,0.754709578505212,0.));
#4787=DIRECTION('center_axis',(-0.139173099895814,-0.990268068891141,0.));
#4788=DIRECTION('ref_axis',(-0.700225266705434,0.0984102426950829,0.707106781186547));
#4789=DIRECTION('center_axis',(0.139173099895814,0.990268068891141,0.));
#4790=DIRECTION('ref_axis',(-0.990268068891141,0.139173099895814,0.));
#4791=DIRECTION('',(-0.139173099895814,-0.990268068891141,0.));
#4792=DIRECTION('center_axis',(0.,0.,1.));
#4793=DIRECTION('ref_axis',(-0.798635507025583,-0.601815027161993,0.));
#4794=DIRECTION('center_axis',(-0.990268072136375,0.139173076804776,0.));
#4795=DIRECTION('ref_axis',(-0.139173076804776,-0.990268072136375,0.));
#4796=DIRECTION('center_axis',(0.,0.,1.));
#4797=DIRECTION('ref_axis',(-0.798635504797606,-0.601815030118618,0.));
#4798=DIRECTION('center_axis',(0.990268070264198,-0.139173090126005,0.));
#4799=DIRECTION('ref_axis',(-0.0984102357867847,-0.700225267676331,0.707106781186547));
#4800=DIRECTION('center_axis',(-0.990268070264199,0.139173090126,0.));
#4801=DIRECTION('ref_axis',(-0.139173090126,-0.990268070264199,0.));
#4802=DIRECTION('',(0.990268070264198,-0.139173090126005,0.));
#4803=DIRECTION('center_axis',(0.,0.,1.));
#4804=DIRECTION('ref_axis',(1.,0.,0.));
#4805=DIRECTION('center_axis',(-1.,0.,0.));
#4806=DIRECTION('ref_axis',(0.,-1.,0.));
#4807=DIRECTION('center_axis',(0.,0.,1.));
#4808=DIRECTION('ref_axis',(-0.0697564691282828,-0.997564050582595,0.));
#4809=DIRECTION('center_axis',(1.,-3.95229692750879E-9,0.));
#4810=DIRECTION('ref_axis',(-2.79469595870422E-9,-0.707106781186546,0.707106781186549));
#4811=DIRECTION('',(1.,-3.95229692750879E-9,0.));
#4812=DIRECTION('center_axis',(-0.978147600441538,0.207911692192772,0.));
#4813=DIRECTION('ref_axis',(0.147015767437479,0.691654801273561,0.707106781186547));
#4814=DIRECTION('',(-0.978147600441538,0.207911692192772,0.));
#4815=DIRECTION('center_axis',(0.978147600441538,-0.207911692192771,0.));
#4816=DIRECTION('ref_axis',(0.207911692192771,0.978147600441538,0.));
#4817=DIRECTION('center_axis',(-0.852640166138677,-0.522498561803771,2.52432198444634E-15));
#4818=DIRECTION('ref_axis',(0.522498561803771,-0.852640166138677,2.66008034772623E-15));
#4819=DIRECTION('center_axis',(0.,0.,1.));
#4820=DIRECTION('ref_axis',(1.,0.,0.));
#4821=DIRECTION('center_axis',(0.207911699353703,0.978147598919435,0.));
#4822=DIRECTION('ref_axis',(-0.978147598919435,0.207911699353703,0.));
#4823=DIRECTION('center_axis',(0.,0.,1.));
#4824=DIRECTION('ref_axis',(-0.544639026707,0.83867057334072,0.));
#4825=DIRECTION('center_axis',(-0.207911693713172,-0.978147600118367,0.));
#4826=DIRECTION('ref_axis',(-0.691654801045044,0.147015768512564,0.707106781186548));
#4827=DIRECTION('',(-0.207911693713172,-0.978147600118367,0.));
#4828=DIRECTION('center_axis',(0.,0.,1.));
#4829=DIRECTION('ref_axis',(-0.849312314321736,-0.527890701510697,0.));
#4830=DIRECTION('center_axis',(-0.980618162766824,0.195928606517318,0.));
#4831=DIRECTION('ref_axis',(-0.195928606517318,-0.980618162766824,0.));
#4832=DIRECTION('center_axis',(0.,0.,1.));
#4833=DIRECTION('ref_axis',(-0.849312099750728,-0.527891046729351,0.));
#4834=DIRECTION('center_axis',(0.,0.,-1.));
#4835=DIRECTION('ref_axis',(-1.,0.,0.));
#4836=DIRECTION('center_axis',(-0.780419225130732,0.625256613756583,0.));
#4837=DIRECTION('ref_axis',(-0.625256613756583,-0.780419225130732,0.));
#4838=DIRECTION('center_axis',(0.,0.,-1.));
#4839=DIRECTION('ref_axis',(0.422618261919414,0.906307786953314,0.));
#4840=DIRECTION('center_axis',(0.,0.,1.));
#4841=DIRECTION('ref_axis',(1.,0.,0.));
#4842=DIRECTION('center_axis',(-0.573564123118557,-0.819160665969284,0.));
#4843=DIRECTION('ref_axis',(0.819160665969284,-0.573564123118557,0.));
#4844=DIRECTION('center_axis',(0.,0.,1.));
#4845=DIRECTION('ref_axis',(0.141763727012632,-0.989900523135273,0.));
#4846=DIRECTION('center_axis',(0.573515394647464,0.819194782760708,0.));
#4847=DIRECTION('ref_axis',(0.579258186002739,-0.405536624670102,0.707106781186545));
#4848=DIRECTION('',(0.573515394647464,0.819194782760708,0.));
#4849=DIRECTION('center_axis',(0.,0.,1.));
#4850=DIRECTION('ref_axis',(1.,0.,0.));
#4851=DIRECTION('center_axis',(0.,0.,1.));
#4852=DIRECTION('ref_axis',(0.742583285727296,0.669753733665183,0.));
#4853=DIRECTION('center_axis',(0.96592583577528,-0.258819009699493,0.));
#4854=DIRECTION('ref_axis',(0.258819009699493,0.96592583577528,0.));
#4855=DIRECTION('center_axis',(-0.965925826009173,0.258819046147103,0.));
#4856=DIRECTION('ref_axis',(0.183012702630851,0.683012701694304,0.707106781186547));
#4857=DIRECTION('center_axis',(0.965925826009173,-0.258819046147103,0.));
#4858=DIRECTION('ref_axis',(0.258819046147103,0.965925826009173,0.));
#4859=DIRECTION('',(-0.965925826009173,0.258819046147103,0.));
#4860=DIRECTION('center_axis',(0.,0.,1.));
#4861=DIRECTION('ref_axis',(1.,0.,0.));
#4862=DIRECTION('center_axis',(0.258819009699494,0.96592583577528,0.));
#4863=DIRECTION('ref_axis',(-0.96592583577528,0.258819009699494,0.));
#4864=DIRECTION('center_axis',(0.,0.,1.));
#4865=DIRECTION('ref_axis',(-0.500000013218389,0.866025396152798,0.));
#4866=DIRECTION('center_axis',(-0.258819050342891,-0.965925824884915,0.));
#4867=DIRECTION('ref_axis',(-0.683012700899334,0.183012705597721,0.707106781186547));
#4868=DIRECTION('',(-0.258819050342891,-0.965925824884915,0.));
#4869=DIRECTION('center_axis',(0.,0.,1.));
#4870=DIRECTION('ref_axis',(1.,0.,0.));
#4871=DIRECTION('center_axis',(-0.780419225130734,-0.625256613756579,0.));
#4872=DIRECTION('ref_axis',(0.625256613756579,-0.780419225130734,0.));
#4873=DIRECTION('center_axis',(0.,0.,1.));
#4874=DIRECTION('ref_axis',(-0.141857852855588,-0.989887038799479,0.));
#4875=DIRECTION('center_axis',(0.,0.,-1.));
#4876=DIRECTION('ref_axis',(-1.,0.,0.));
#4877=DIRECTION('center_axis',(-0.980618162766825,-0.195928606517317,0.));
#4878=DIRECTION('ref_axis',(0.195928606517317,-0.980618162766824,0.));
#4879=DIRECTION('center_axis',(0.,0.,-1.));
#4880=DIRECTION('ref_axis',(-0.422618261620663,0.906307787092624,0.));
#4881=DIRECTION('center_axis',(0.,0.,1.));
#4882=DIRECTION('ref_axis',(1.,0.,0.));
#4883=DIRECTION('center_axis',(0.258383240979731,-0.966042494293502,0.));
#4884=DIRECTION('ref_axis',(0.966042494293502,0.258383240979731,0.));
#4885=DIRECTION('center_axis',(0.,0.,1.));
#4886=DIRECTION('ref_axis',(0.849308737954604,-0.527896455409541,0.));
#4887=DIRECTION('center_axis',(-0.258501758670261,0.966010787084897,0.));
#4888=DIRECTION('ref_axis',(0.68307277824708,0.182788346504389,0.707106781186552));
#4889=DIRECTION('',(-0.258501758670261,0.966010787084897,0.));
#4890=DIRECTION('center_axis',(0.,0.,1.));
#4891=DIRECTION('ref_axis',(1.,0.,0.));
#4892=DIRECTION('center_axis',(-0.990268069470278,-0.139173095775042,0.));
#4893=DIRECTION('ref_axis',(0.139173095775042,-0.990268069470278,0.));
#4894=DIRECTION('center_axis',(0.,0.,1.));
#4895=DIRECTION('ref_axis',(0.0697564711325072,-0.997564050442446,0.));
#4896=DIRECTION('center_axis',(0.990268068493464,0.139173102725436,0.));
#4897=DIRECTION('ref_axis',(0.098410244695928,-0.700225266424234,0.707106781186546));
#4898=DIRECTION('center_axis',(-0.990268068493463,-0.139173102725441,0.));
#4899=DIRECTION('ref_axis',(0.139173102725441,-0.990268068493463,0.));
#4900=DIRECTION('',(0.990268068493464,0.139173102725436,0.));
#4901=DIRECTION('center_axis',(0.,0.,1.));
#4902=DIRECTION('ref_axis',(1.,0.,0.));
#4903=DIRECTION('center_axis',(0.139173095775029,-0.99026806947028,0.));
#4904=DIRECTION('ref_axis',(0.99026806947028,0.139173095775029,0.));
#4905=DIRECTION('center_axis',(0.,0.,1.));
#4906=DIRECTION('ref_axis',(0.798635507117847,-0.601815027039555,0.));
#4907=DIRECTION('center_axis',(-0.139173097864401,0.990268069176638,0.));
#4908=DIRECTION('ref_axis',(0.700225266907309,0.0984102412586569,0.707106781186548));
#4909=DIRECTION('center_axis',(0.1391730978644,-0.990268069176638,0.));
#4910=DIRECTION('ref_axis',(0.990268069176638,0.1391730978644,0.));
#4911=DIRECTION('',(-0.139173097864401,0.990268069176638,0.));
#4912=DIRECTION('center_axis',(0.,0.,1.));
#4913=DIRECTION('ref_axis',(1.,0.,0.));
#4914=DIRECTION('center_axis',(1.,0.,0.));
#4915=DIRECTION('ref_axis',(0.,1.,0.));
#4916=DIRECTION('center_axis',(0.,0.,1.));
#4917=DIRECTION('ref_axis',(0.656059032310525,0.754709577336725,0.));
#4918=DIRECTION('center_axis',(-1.,6.40305790278059E-10,0.));
#4919=DIRECTION('ref_axis',(4.52764566338627E-10,0.707106781186548,0.707106781186547));
#4920=DIRECTION('',(-1.,6.40305790278059E-10,0.));
#4921=DIRECTION('center_axis',(0.,0.,1.));
#4922=DIRECTION('ref_axis',(1.,0.,0.));
#4923=DIRECTION('center_axis',(0.97814759891943,0.207911699353725,0.));
#4924=DIRECTION('ref_axis',(-0.207911699353725,0.97814759891943,0.));
#4925=DIRECTION('center_axis',(0.,0.,1.));
#4926=DIRECTION('ref_axis',(0.544639024426915,0.838670574821424,0.));
#4927=DIRECTION('center_axis',(-0.978147601824001,-0.207911685688794,0.));
#4928=DIRECTION('ref_axis',(-0.147015762838472,0.691654802251108,0.707106781186549));
#4929=DIRECTION('',(-0.978147601824001,-0.207911685688794,0.));
#4930=DIRECTION('center_axis',(0.,0.,1.));
#4931=DIRECTION('ref_axis',(1.,0.,0.));
#4932=DIRECTION('center_axis',(0.965925835775281,0.25881900969949,0.));
#4933=DIRECTION('ref_axis',(-0.25881900969949,0.965925835775281,0.));
#4934=DIRECTION('center_axis',(0.,0.,1.));
#4935=DIRECTION('ref_axis',(0.500000019224474,0.866025392685183,0.));
#4936=DIRECTION('center_axis',(-0.965925827479762,-0.258819040658792,0.));
#4937=DIRECTION('ref_axis',(-0.183012698750028,0.683012702734166,0.707106781186548));
#4938=DIRECTION('center_axis',(0.96592582747976,0.2588190406588,0.));
#4939=DIRECTION('ref_axis',(-0.2588190406588,0.96592582747976,0.));
#4940=DIRECTION('',(-0.965925827479762,-0.258819040658792,0.));
#4941=DIRECTION('center_axis',(0.,0.,1.));
#4942=DIRECTION('ref_axis',(-0.917310946259089,0.398171606061074,0.));
#4943=DIRECTION('center_axis',(0.,0.,1.));
#4944=DIRECTION('ref_axis',(-0.742583294531535,0.669753723903564,0.));
#4945=DIRECTION('center_axis',(0.,0.,-1.));
#4946=DIRECTION('ref_axis',(-0.258819031604087,0.965925829905963,0.));
#4947=DIRECTION('',(0.,0.,1.));
#4948=DIRECTION('center_axis',(0.,0.,-1.));
#4949=DIRECTION('ref_axis',(-0.258819031604087,0.965925829905963,0.));
#4950=DIRECTION('center_axis',(-0.258819040658792,0.965925827479762,0.));
#4951=DIRECTION('ref_axis',(0.965925827479762,0.258819040658792,0.));
#4952=DIRECTION('',(0.,0.,1.));
#4953=DIRECTION('',(0.965925827479762,0.258819040658792,0.));
#4954=DIRECTION('center_axis',(0.,0.,-1.));
#4955=DIRECTION('ref_axis',(0.96592582829365,0.258819037621321,0.));
#4956=DIRECTION('',(0.,0.,1.));
#4957=DIRECTION('center_axis',(0.,0.,-1.));
#4958=DIRECTION('ref_axis',(0.96592582829365,0.258819037621321,0.));
#4959=DIRECTION('center_axis',(0.965925825922064,0.2588190464722,0.));
#4960=DIRECTION('ref_axis',(0.2588190464722,-0.965925825922064,0.));
#4961=DIRECTION('',(0.,0.,1.));
#4962=DIRECTION('',(0.2588190464722,-0.965925825922064,0.));
#4963=DIRECTION('center_axis',(-0.207911685688794,0.978147601824001,0.));
#4964=DIRECTION('ref_axis',(0.978147601824001,0.207911685688794,0.));
#4965=DIRECTION('',(0.,0.,1.));
#4966=DIRECTION('',(0.978147601824001,0.207911685688794,0.));
#4967=DIRECTION('center_axis',(0.,0.,-1.));
#4968=DIRECTION('ref_axis',(0.978147597298461,0.207911706979785,0.));
#4969=DIRECTION('',(0.,0.,1.));
#4970=DIRECTION('center_axis',(0.,0.,-1.));
#4971=DIRECTION('ref_axis',(0.978147597298461,0.207911706979785,0.));
#4972=DIRECTION('center_axis',(0.978147599864097,0.207911694909415,0.));
#4973=DIRECTION('ref_axis',(0.207911694909415,-0.978147599864097,0.));
#4974=DIRECTION('',(0.,0.,1.));
#4975=DIRECTION('',(0.207911694909415,-0.978147599864097,0.));
#4976=DIRECTION('center_axis',(6.40305790278059E-10,1.,0.));
#4977=DIRECTION('ref_axis',(1.,-6.40305790278059E-10,0.));
#4978=DIRECTION('',(0.,0.,1.));
#4979=DIRECTION('',(1.,-6.40305790278059E-10,0.));
#4980=DIRECTION('center_axis',(0.,0.,-1.));
#4981=DIRECTION('ref_axis',(0.990268069966033,0.13917309224756,0.));
#4982=DIRECTION('',(0.,0.,1.));
#4983=DIRECTION('center_axis',(0.,0.,-1.));
#4984=DIRECTION('ref_axis',(0.990268069966033,0.13917309224756,0.));
#4985=DIRECTION('center_axis',(0.990268069176638,0.139173097864401,0.));
#4986=DIRECTION('ref_axis',(0.139173097864401,-0.990268069176638,0.));
#4987=DIRECTION('',(0.,0.,1.));
#4988=DIRECTION('',(0.139173097864401,-0.990268069176638,0.));
#4989=DIRECTION('center_axis',(0.,0.,-1.));
#4990=DIRECTION('ref_axis',(0.139173096504473,-0.990268069367763,0.));
#4991=DIRECTION('',(0.,0.,1.));
#4992=DIRECTION('center_axis',(0.,0.,-1.));
#4993=DIRECTION('ref_axis',(0.139173096504473,-0.990268069367763,0.));
#4994=DIRECTION('center_axis',(0.139173102725436,-0.990268068493464,0.));
#4995=DIRECTION('ref_axis',(-0.990268068493464,-0.139173102725436,0.));
#4996=DIRECTION('',(0.,0.,1.));
#4997=DIRECTION('',(-0.990268068493464,-0.139173102725436,0.));
#4998=DIRECTION('center_axis',(0.,0.,-1.));
#4999=DIRECTION('ref_axis',(0.,-1.,0.));
#5000=DIRECTION('',(0.,0.,1.));
#5001=DIRECTION('center_axis',(0.,0.,-1.));
#5002=DIRECTION('ref_axis',(0.,-1.,0.));
#5003=DIRECTION('center_axis',(0.,-1.,0.));
#5004=DIRECTION('ref_axis',(-1.,0.,0.));
#5005=DIRECTION('',(0.,0.,1.));
#5006=DIRECTION('',(-1.,0.,0.));
#5007=DIRECTION('center_axis',(0.965925827042164,0.258819042291929,0.));
#5008=DIRECTION('ref_axis',(0.258819042291929,-0.965925827042164,0.));
#5009=DIRECTION('',(0.,0.,1.));
#5010=DIRECTION('',(0.258819042291929,-0.965925827042164,0.));
#5011=DIRECTION('center_axis',(0.966010787084897,0.258501758670261,0.));
#5012=DIRECTION('ref_axis',(0.258501758670261,-0.966010787084897,0.));
#5013=DIRECTION('',(0.,0.,1.));
#5014=DIRECTION('',(0.258501758670261,-0.966010787084897,0.));
#5015=DIRECTION('center_axis',(0.,0.,-1.));
#5016=DIRECTION('ref_axis',(0.195928613001624,-0.980618161471253,0.));
#5017=DIRECTION('',(0.,0.,1.));
#5018=DIRECTION('center_axis',(0.,0.,-1.));
#5019=DIRECTION('ref_axis',(0.195928613001624,-0.980618161471253,0.));
#5020=DIRECTION('center_axis',(0.,0.,-1.));
#5021=DIRECTION('ref_axis',(-0.195928606517321,0.980618162766824,0.));
#5022=DIRECTION('',(0.,0.,1.));
#5023=DIRECTION('center_axis',(0.,0.,1.));
#5024=DIRECTION('ref_axis',(-0.195928606517321,0.980618162766824,0.));
#5025=DIRECTION('center_axis',(0.,0.,-1.));
#5026=DIRECTION('ref_axis',(-0.819269730469238,-0.573408326358156,0.));
#5027=DIRECTION('',(0.,0.,1.));
#5028=DIRECTION('center_axis',(0.,0.,-1.));
#5029=DIRECTION('ref_axis',(-0.819269730469238,-0.573408326358156,0.));
#5030=DIRECTION('center_axis',(-0.819152041333403,-0.573576440572064,0.));
#5031=DIRECTION('ref_axis',(-0.573576440572064,0.819152041333403,0.));
#5032=DIRECTION('',(0.,0.,1.));
#5033=DIRECTION('',(-0.573576440572064,0.819152041333403,0.));
#5034=DIRECTION('center_axis',(0.,-1.,0.));
#5035=DIRECTION('ref_axis',(-1.,0.,0.));
#5036=DIRECTION('',(0.,0.,1.));
#5037=DIRECTION('',(-1.,0.,0.));
#5038=DIRECTION('center_axis',(0.819152040458194,-0.573576441821993,0.));
#5039=DIRECTION('ref_axis',(-0.573576441821993,-0.819152040458194,0.));
#5040=DIRECTION('',(0.,0.,1.));
#5041=DIRECTION('',(-0.573576441821993,-0.819152040458193,0.));
#5042=DIRECTION('center_axis',(0.819194782760708,-0.573515394647464,0.));
#5043=DIRECTION('ref_axis',(-0.573515394647464,-0.819194782760708,0.));
#5044=DIRECTION('',(0.,0.,1.));
#5045=DIRECTION('',(-0.573515394647464,-0.819194782760708,0.));
#5046=DIRECTION('center_axis',(0.,0.,-1.));
#5047=DIRECTION('ref_axis',(-0.625256610290439,-0.780419227907738,0.));
#5048=DIRECTION('',(0.,0.,-1.));
#5049=DIRECTION('center_axis',(0.,0.,-1.));
#5050=DIRECTION('ref_axis',(-0.625256610290439,-0.780419227907738,0.));
#5051=DIRECTION('center_axis',(0.,0.,-1.));
#5052=DIRECTION('ref_axis',(0.625256613756584,0.780419225130731,0.));
#5053=DIRECTION('',(0.,0.,1.));
#5054=DIRECTION('center_axis',(0.,0.,1.));
#5055=DIRECTION('ref_axis',(0.625256613756584,0.780419225130731,0.));
#5056=DIRECTION('center_axis',(0.,0.,-1.));
#5057=DIRECTION('ref_axis',(-0.966039201572395,0.258395551481386,0.));
#5058=DIRECTION('',(0.,0.,1.));
#5059=DIRECTION('center_axis',(0.,0.,-1.));
#5060=DIRECTION('ref_axis',(-0.966039201572395,0.258395551481386,0.));
#5061=DIRECTION('center_axis',(-0.966006312082438,0.258518480996791,0.));
#5062=DIRECTION('ref_axis',(0.258518480996791,0.966006312082438,0.));
#5063=DIRECTION('',(0.,0.,1.));
#5064=DIRECTION('',(0.25851848099679,0.966006312082438,0.));
#5065=DIRECTION('center_axis',(-0.965925827675286,0.258819039929086,0.));
#5066=DIRECTION('ref_axis',(0.258819039929086,0.965925827675286,0.));
#5067=DIRECTION('',(0.,0.,1.));
#5068=DIRECTION('',(0.258819039929086,0.965925827675286,0.));
#5069=DIRECTION('center_axis',(-3.95229692750879E-9,-1.,0.));
#5070=DIRECTION('ref_axis',(-1.,3.95229692750879E-9,0.));
#5071=DIRECTION('',(0.,0.,1.));
#5072=DIRECTION('',(-1.,3.95229692750879E-9,0.));
#5073=DIRECTION('center_axis',(0.,0.,-1.));
#5074=DIRECTION('ref_axis',(-0.139173091795901,-0.99026807002951,0.));
#5075=DIRECTION('',(0.,0.,1.));
#5076=DIRECTION('center_axis',(0.,0.,-1.));
#5077=DIRECTION('ref_axis',(-0.139173091795901,-0.99026807002951,0.));
#5078=DIRECTION('center_axis',(-0.139173090126005,-0.990268070264198,0.));
#5079=DIRECTION('ref_axis',(-0.990268070264198,0.139173090126005,0.));
#5080=DIRECTION('',(0.,0.,1.));
#5081=DIRECTION('',(-0.990268070264198,0.139173090126005,0.));
#5082=DIRECTION('center_axis',(0.,0.,-1.));
#5083=DIRECTION('ref_axis',(-0.990268067774805,0.13917310783896,0.));
#5084=DIRECTION('',(0.,0.,1.));
#5085=DIRECTION('center_axis',(0.,0.,-1.));
#5086=DIRECTION('ref_axis',(-0.990268067774805,0.13917310783896,0.));
#5087=DIRECTION('center_axis',(-0.990268068891141,0.139173099895814,0.));
#5088=DIRECTION('ref_axis',(0.139173099895814,0.990268068891141,0.));
#5089=DIRECTION('',(0.,0.,1.));
#5090=DIRECTION('',(0.139173099895814,0.990268068891141,0.));
#5091=DIRECTION('center_axis',(0.,0.,-1.));
#5092=DIRECTION('ref_axis',(0.,1.,0.));
#5093=DIRECTION('',(0.,0.,1.));
#5094=DIRECTION('center_axis',(0.,0.,-1.));
#5095=DIRECTION('ref_axis',(0.,1.,0.));
#5096=DIRECTION('center_axis',(0.,1.,0.));
#5097=DIRECTION('ref_axis',(1.,0.,0.));
#5098=DIRECTION('',(0.,0.,1.));
#5099=DIRECTION('',(1.,0.,0.));
#5100=DIRECTION('center_axis',(-0.978147600118367,0.207911693713172,0.));
#5101=DIRECTION('ref_axis',(0.207911693713172,0.978147600118367,0.));
#5102=DIRECTION('',(0.,0.,1.));
#5103=DIRECTION('',(0.207911693713172,0.978147600118367,0.));
#5104=DIRECTION('center_axis',(0.,0.,-1.));
#5105=DIRECTION('ref_axis',(0.207911701661243,0.978147598428952,0.));
#5106=DIRECTION('',(0.,0.,1.));
#5107=DIRECTION('center_axis',(0.,0.,-1.));
#5108=DIRECTION('ref_axis',(0.207911701661243,0.978147598428952,0.));
#5109=DIRECTION('center_axis',(0.207911692192772,0.978147600441538,0.));
#5110=DIRECTION('ref_axis',(0.978147600441538,-0.207911692192772,0.));
#5111=DIRECTION('',(0.,0.,1.));
#5112=DIRECTION('',(0.978147600441538,-0.207911692192772,0.));
#5113=DIRECTION('center_axis',(-0.965925824884915,0.258819050342891,0.));
#5114=DIRECTION('ref_axis',(0.258819050342891,0.965925824884915,0.));
#5115=DIRECTION('',(0.,0.,1.));
#5116=DIRECTION('',(0.258819050342891,0.965925824884915,0.));
#5117=DIRECTION('center_axis',(0.,0.,-1.));
#5118=DIRECTION('ref_axis',(0.258819051019152,0.965925824703712,0.));
#5119=DIRECTION('',(0.,0.,1.));
#5120=DIRECTION('center_axis',(0.,0.,-1.));
#5121=DIRECTION('ref_axis',(0.258819051019152,0.965925824703712,0.));
#5122=DIRECTION('center_axis',(0.258819046147103,0.965925826009173,0.));
#5123=DIRECTION('ref_axis',(0.965925826009173,-0.258819046147103,0.));
#5124=DIRECTION('',(0.,0.,1.));
#5125=DIRECTION('',(0.965925826009173,-0.258819046147103,0.));
#5126=DIRECTION('center_axis',(0.,0.,-1.));
#5127=DIRECTION('ref_axis',(0.987424516717526,0.158091188195799,0.));
#5128=DIRECTION('',(0.,0.,1.));
#5129=DIRECTION('center_axis',(0.,0.,-1.));
#5130=DIRECTION('ref_axis',(0.987424516717526,0.158091188195799,0.));
#5131=DIRECTION('center_axis',(0.,0.,1.));
#5132=DIRECTION('ref_axis',(-0.164552654947462,-0.986368300255914,0.));
#5133=DIRECTION('',(0.,0.,1.));
#5134=DIRECTION('center_axis',(0.,0.,-1.));
#5135=DIRECTION('ref_axis',(-0.149842545804665,-0.988709872240981,0.));
#5136=DIRECTION('center_axis',(0.,0.,1.));
#5137=DIRECTION('ref_axis',(-0.149842545804665,-0.988709872240981,0.));
#5138=DIRECTION('center_axis',(0.,0.,-1.));
#5139=DIRECTION('ref_axis',(1.,0.,0.));
#5140=DIRECTION('center_axis',(0.,0.,1.));
#5141=DIRECTION('ref_axis',(1.,0.,0.));
#5142=DIRECTION('',(-0.707106781186547,8.65956056235492E-17,-0.707106781186548));
#5143=DIRECTION('center_axis',(0.,0.,-1.));
#5144=DIRECTION('ref_axis',(1.,0.,0.));
#5145=DIRECTION('center_axis',(0.,0.,1.));
#5146=DIRECTION('ref_axis',(1.,0.,0.));
#5147=DIRECTION('center_axis',(0.,0.,1.));
#5148=DIRECTION('ref_axis',(-0.164552654947462,-0.986368300255914,0.));
#5149=DIRECTION('center_axis',(0.,0.,1.));
#5150=DIRECTION('ref_axis',(-0.258819031604087,0.965925829905963,0.));
#5151=DIRECTION('',(-0.965925827479762,-0.258819040658792,0.));
#5152=DIRECTION('center_axis',(0.,0.,1.));
#5153=DIRECTION('ref_axis',(0.96592582829365,0.258819037621321,0.));
#5154=DIRECTION('',(-0.2588190464722,0.965925825922064,0.));
#5155=DIRECTION('',(-0.978147601824001,-0.207911685688794,0.));
#5156=DIRECTION('center_axis',(0.,0.,1.));
#5157=DIRECTION('ref_axis',(0.978147597298461,0.207911706979785,0.));
#5158=DIRECTION('',(-0.207911694909415,0.978147599864097,0.));
#5159=DIRECTION('',(-1.,6.40305790278059E-10,0.));
#5160=DIRECTION('center_axis',(0.,0.,1.));
#5161=DIRECTION('ref_axis',(0.990268069966033,0.13917309224756,0.));
#5162=DIRECTION('',(-0.139173097864401,0.990268069176638,0.));
#5163=DIRECTION('center_axis',(0.,0.,1.));
#5164=DIRECTION('ref_axis',(0.139173096504473,-0.990268069367763,0.));
#5165=DIRECTION('',(0.990268068493464,0.139173102725436,0.));
#5166=DIRECTION('center_axis',(0.,0.,1.));
#5167=DIRECTION('ref_axis',(0.,-1.,0.));
#5168=DIRECTION('',(1.,0.,0.));
#5169=DIRECTION('',(-0.258819042291929,0.965925827042164,0.));
#5170=DIRECTION('',(-0.258501758670261,0.966010787084897,0.));
#5171=DIRECTION('center_axis',(0.,0.,1.));
#5172=DIRECTION('ref_axis',(0.195928613001624,-0.980618161471253,0.));
#5173=DIRECTION('center_axis',(0.,0.,-1.));
#5174=DIRECTION('ref_axis',(-0.195928606517321,0.980618162766824,0.));
#5175=DIRECTION('center_axis',(0.,0.,1.));
#5176=DIRECTION('ref_axis',(-0.819269730469238,-0.573408326358156,0.));
#5177=DIRECTION('',(0.573576440572064,-0.819152041333403,0.));
#5178=DIRECTION('',(1.,0.,0.));
#5179=DIRECTION('',(0.573576441821993,0.819152040458193,0.));
#5180=DIRECTION('',(0.573515394647464,0.819194782760708,0.));
#5181=DIRECTION('center_axis',(0.,0.,1.));
#5182=DIRECTION('ref_axis',(-0.625256610290439,-0.780419227907739,0.));
#5183=DIRECTION('center_axis',(0.,0.,-1.));
#5184=DIRECTION('ref_axis',(0.625256613756584,0.780419225130731,0.));
#5185=DIRECTION('center_axis',(0.,0.,1.));
#5186=DIRECTION('ref_axis',(-0.966039201572395,0.258395551481386,0.));
#5187=DIRECTION('',(-0.25851848099679,-0.966006312082438,0.));
#5188=DIRECTION('',(-0.258819039929086,-0.965925827675286,0.));
#5189=DIRECTION('',(1.,-3.95229692750879E-9,0.));
#5190=DIRECTION('center_axis',(0.,0.,1.));
#5191=DIRECTION('ref_axis',(-0.139173091795901,-0.99026807002951,0.));
#5192=DIRECTION('',(0.990268070264198,-0.139173090126005,0.));
#5193=DIRECTION('center_axis',(0.,0.,1.));
#5194=DIRECTION('ref_axis',(-0.990268067774805,0.13917310783896,0.));
#5195=DIRECTION('',(-0.139173099895814,-0.990268068891141,0.));
#5196=DIRECTION('center_axis',(0.,0.,1.));
#5197=DIRECTION('ref_axis',(0.,1.,0.));
#5198=DIRECTION('',(-1.,0.,0.));
#5199=DIRECTION('',(-0.207911693713172,-0.978147600118367,0.));
#5200=DIRECTION('center_axis',(0.,0.,1.));
#5201=DIRECTION('ref_axis',(0.207911701661243,0.978147598428952,0.));
#5202=DIRECTION('',(-0.978147600441538,0.207911692192772,0.));
#5203=DIRECTION('',(-0.258819050342891,-0.965925824884915,0.));
#5204=DIRECTION('center_axis',(0.,0.,1.));
#5205=DIRECTION('ref_axis',(0.258819051019152,0.965925824703712,0.));
#5206=DIRECTION('',(-0.965925826009173,0.258819046147103,0.));
#5207=DIRECTION('center_axis',(0.,0.,1.));
#5208=DIRECTION('ref_axis',(0.987424516717526,0.158091188195799,0.));
#5209=DIRECTION('center_axis',(0.,0.,-1.));
#5210=DIRECTION('ref_axis',(-0.149842545804665,-0.988709872240981,0.));
#5211=DIRECTION('center_axis',(0.,0.,-1.));
#5212=DIRECTION('ref_axis',(1.,0.,0.));
#5213=DIRECTION('center_axis',(0.,0.,-1.));
#5214=DIRECTION('ref_axis',(1.,0.,0.));
#5215=DIRECTION('center_axis',(0.,0.,-1.));
#5216=DIRECTION('ref_axis',(1.,0.,0.));
#5217=DIRECTION('center_axis',(0.,0.,-1.));
#5218=DIRECTION('ref_axis',(1.,0.,0.));
#5219=DIRECTION('center_axis',(0.,0.,-1.));
#5220=DIRECTION('ref_axis',(1.,0.,0.));
#5221=DIRECTION('center_axis',(0.,0.,-1.));
#5222=DIRECTION('ref_axis',(1.,0.,0.));
#5223=DIRECTION('center_axis',(0.,0.,-1.));
#5224=DIRECTION('ref_axis',(1.,0.,0.));
#5225=DIRECTION('center_axis',(0.,0.,-1.));
#5226=DIRECTION('ref_axis',(1.,0.,0.));
#5227=DIRECTION('center_axis',(0.,0.,-1.));
#5228=DIRECTION('ref_axis',(1.,0.,0.));
#5229=DIRECTION('',(0.,0.,-1.));
#5230=DIRECTION('center_axis',(0.,0.,-1.));
#5231=DIRECTION('ref_axis',(1.,0.,0.));
#5232=DIRECTION('center_axis',(0.,0.,1.));
#5233=DIRECTION('ref_axis',(1.,0.,0.));
#5234=DIRECTION('',(-0.707106781186547,8.65956056235492E-17,-0.707106781186548));
#5235=DIRECTION('center_axis',(0.,0.,-1.));
#5236=DIRECTION('ref_axis',(1.,0.,0.));
#5237=DIRECTION('',(0.,0.,-1.));
#5238=DIRECTION('center_axis',(0.,0.,-1.));
#5239=DIRECTION('ref_axis',(1.,0.,0.));
#5240=DIRECTION('center_axis',(0.,0.,1.));
#5241=DIRECTION('ref_axis',(1.,0.,0.));
#5242=DIRECTION('',(-0.707106781186552,8.65956056235499E-17,-0.707106781186543));
#5243=DIRECTION('center_axis',(0.,0.,-1.));
#5244=DIRECTION('ref_axis',(1.,0.,0.));
#5245=DIRECTION('',(0.,0.,-1.));
#5246=DIRECTION('center_axis',(0.,0.,-1.));
#5247=DIRECTION('ref_axis',(1.,0.,0.));
#5248=DIRECTION('center_axis',(0.,0.,1.));
#5249=DIRECTION('ref_axis',(1.,0.,0.));
#5250=DIRECTION('',(-0.707106781186552,8.65956056235499E-17,-0.707106781186543));
#5251=DIRECTION('center_axis',(0.,0.,-1.));
#5252=DIRECTION('ref_axis',(1.,0.,0.));
#5253=DIRECTION('',(0.,0.,-1.));
#5254=DIRECTION('center_axis',(0.,0.,-1.));
#5255=DIRECTION('ref_axis',(1.,0.,0.));
#5256=DIRECTION('center_axis',(0.,0.,1.));
#5257=DIRECTION('ref_axis',(1.,0.,0.));
#5258=DIRECTION('',(-0.707106781186552,8.65956056235499E-17,-0.707106781186543));
#5259=DIRECTION('center_axis',(0.,0.,-1.));
#5260=DIRECTION('ref_axis',(1.,0.,0.));
#5261=DIRECTION('',(0.,0.,-1.));
#5262=DIRECTION('center_axis',(0.,0.,-1.));
#5263=DIRECTION('ref_axis',(1.,0.,0.));
#5264=DIRECTION('center_axis',(0.,0.,1.));
#5265=DIRECTION('ref_axis',(1.,0.,0.));
#5266=DIRECTION('',(-0.707106781186547,8.65956056235492E-17,-0.707106781186548));
#5267=DIRECTION('center_axis',(0.,0.,-1.));
#5268=DIRECTION('ref_axis',(1.,0.,0.));
#5269=DIRECTION('',(0.,0.,-1.));
#5270=DIRECTION('center_axis',(0.,0.,-1.));
#5271=DIRECTION('ref_axis',(1.,0.,0.));
#5272=DIRECTION('center_axis',(0.,0.,1.));
#5273=DIRECTION('ref_axis',(1.,0.,0.));
#5274=DIRECTION('',(-0.707106781186547,8.65956056235492E-17,-0.707106781186548));
#5275=DIRECTION('center_axis',(0.,0.,-1.));
#5276=DIRECTION('ref_axis',(1.,0.,0.));
#5277=DIRECTION('',(0.,0.,-1.));
#5278=DIRECTION('center_axis',(0.,0.,-1.));
#5279=DIRECTION('ref_axis',(1.,0.,0.));
#5280=DIRECTION('center_axis',(0.,0.,1.));
#5281=DIRECTION('ref_axis',(1.,0.,0.));
#5282=DIRECTION('',(-0.707106781186547,8.65956056235492E-17,-0.707106781186548));
#5283=DIRECTION('center_axis',(0.,0.,-1.));
#5284=DIRECTION('ref_axis',(1.,0.,0.));
#5285=DIRECTION('',(0.,0.,-1.));
#5286=DIRECTION('center_axis',(0.,0.,-1.));
#5287=DIRECTION('ref_axis',(1.,0.,0.));
#5288=DIRECTION('center_axis',(0.,0.,1.));
#5289=DIRECTION('ref_axis',(1.,0.,0.));
#5290=DIRECTION('',(-0.707106781186547,8.65956056235492E-17,-0.707106781186548));
#5291=DIRECTION('center_axis',(0.,0.,-1.));
#5292=DIRECTION('ref_axis',(1.,0.,0.));
#5293=DIRECTION('',(0.,0.,-1.));
#5294=DIRECTION('center_axis',(0.,0.,-1.));
#5295=DIRECTION('ref_axis',(-0.164552654947462,-0.986368300255914,0.));
#5296=DIRECTION('center_axis',(0.,0.,1.));
#5297=DIRECTION('ref_axis',(-0.258819031604087,0.965925829905963,0.));
#5298=DIRECTION('',(0.183012692347386,-0.683012704449747,-0.70710678118655));
#5299=DIRECTION('center_axis',(0.,0.,-1.));
#5300=DIRECTION('ref_axis',(-0.149842545804665,-0.988709872240981,0.));
#5301=DIRECTION('center_axis',(-0.68301270089933,0.18301270559772,-0.707106781186551));
#5302=DIRECTION('ref_axis',(-0.719254597181076,5.48951306813587E-17,0.694746590084391));
#5303=DIRECTION('',(0.683012700899336,-0.183012705597722,-0.707106781186545));
#5304=DIRECTION('',(-0.422945034508978,0.690183573417554,0.587166188373254));
#5305=DIRECTION('center_axis',(0.683012702424737,0.18301269990483,-0.707106781186549));
#5306=DIRECTION('ref_axis',(-0.719254596405734,-5.18927162860128E-17,-0.694746590887084));
#5307=DIRECTION('',(-0.683042754152261,-0.182900526907506,-0.707106776418562));
#5308=DIRECTION('',(0.677661478290414,-0.51998794257235,0.51998794257235));
#5309=DIRECTION('center_axis',(-0.691654801045045,0.147015768512565,-0.707106781186547));
#5310=DIRECTION('ref_axis',(-0.714874501330287,-3.91046219158238E-17,0.699252777862036));
#5311=DIRECTION('',(0.691654801045045,-0.147015768512563,-0.707106781186548));
#5312=DIRECTION('',(-0.496907553551952,0.613629726799074,0.613629726799076));
#5313=DIRECTION('center_axis',(-2.79469595870422E-9,-0.707106781186546,
-0.707106781186549));
#5314=DIRECTION('ref_axis',(-1.,4.49728788384843E-24,3.95229692750877E-9));
#5315=DIRECTION('',(2.79469549238893E-9,0.707106781186549,-0.707106781186546));
#5316=DIRECTION('',(-0.677661477918034,-0.519987941475839,0.519987944154156));
#5317=DIRECTION('center_axis',(0.579227962630785,-0.405579791541182,-0.707106781186549));
#5318=DIRECTION('ref_axis',(-0.773589323047687,1.62044754029194E-16,-0.633687272451184));
#5319=DIRECTION('',(-0.579243074919914,0.405558208527984,-0.707106780941107));
#5320=DIRECTION('',(0.345437161709537,-0.663578619046025,0.663578619046025));
#5321=DIRECTION('center_axis',(0.579258186002738,-0.405536624670102,-0.707106781186546));
#5322=DIRECTION('ref_axis',(-0.773573114223447,-6.73314135358102E-17,-0.633707059255803));
#5323=DIRECTION('',(-0.579258186002735,0.405536624670101,-0.707106781186549));
#5324=DIRECTION('center_axis',(0.,0.,1.));
#5325=DIRECTION('ref_axis',(-0.625256610290439,-0.780419227907738,0.));
#5326=DIRECTION('',(0.442123189118084,0.55183972822193,-0.707106781186548));
#5327=DIRECTION('center_axis',(0.,0.,-1.));
#5328=DIRECTION('ref_axis',(0.625256613756584,0.780419225130731,0.));
#5329=DIRECTION('',(0.138542446570295,0.693401752592485,-0.707106781186539));
#5330=DIRECTION('center_axis',(0.,0.,1.));
#5331=DIRECTION('ref_axis',(-0.966039201572395,0.258395551481386,0.));
#5332=DIRECTION('',(0.683092870323878,-0.182713246680925,-0.707106781186548));
#5333=DIRECTION('center_axis',(-0.6830696139425,0.182800170974876,-0.707106781186548));
#5334=DIRECTION('ref_axis',(-0.719225669713483,-7.90444693606115E-17,0.694776536754943));
#5335=DIRECTION('',(0.683041170807065,-0.182906437922108,-0.707106776907957));
#5336=DIRECTION('center_axis',(-0.683012702872423,0.183012698234049,-0.707106781186548));
#5337=DIRECTION('ref_axis',(-0.719254596178182,-3.89750716693515E-17,0.694746591122663));
#5338=DIRECTION('center_axis',(0.,-0.707106781186547,-0.707106781186548));
#5339=DIRECTION('ref_axis',(-1.,0.,0.));
#5340=DIRECTION('',(-0.345437162276219,-0.663578618898527,0.663578618898528));
#5341=DIRECTION('center_axis',(0.,0.,1.));
#5342=DIRECTION('ref_axis',(-0.139173091795901,-0.990268070029509,0.));
#5343=DIRECTION('',(0.0984102369675797,0.70022526751038,-0.707106781186549));
#5344=DIRECTION('center_axis',(-0.0984102357867846,-0.700225267676333,-0.707106781186546));
#5345=DIRECTION('ref_axis',(-0.990453878979646,-1.5148634390777E-16,0.137844526964886));
#5346=DIRECTION('',(0.0984102357867808,0.700225267676329,-0.70710678118655));
#5347=DIRECTION('center_axis',(0.,0.,1.));
#5348=DIRECTION('ref_axis',(-0.990268067774805,0.13917310783896,0.));
#5349=DIRECTION('',(0.700225265916063,-0.0984102483117363,-0.707106781186548));
#5350=DIRECTION('center_axis',(-0.700225266705434,0.0984102426950831,-0.707106781186546));
#5351=DIRECTION('ref_axis',(-0.710555868347437,2.23601627008041E-17,0.703640787587687));
#5352=DIRECTION('',(0.700225266705432,-0.0984102426950854,-0.707106781186548));
#5353=DIRECTION('center_axis',(0.,0.,1.));
#5354=DIRECTION('ref_axis',(0.,1.,0.));
#5355=DIRECTION('',(0.,-0.707106781186546,-0.707106781186549));
#5356=DIRECTION('center_axis',(0.,0.707106781186549,-0.707106781186546));
#5357=DIRECTION('ref_axis',(-1.,0.,0.));
#5358=DIRECTION('center_axis',(0.683072778247083,0.182788346504389,-0.707106781186549));
#5359=DIRECTION('ref_axis',(-0.71922406140879,5.14417839884035E-17,-0.694778201651898));
#5360=DIRECTION('',(-0.683072778247086,-0.182788346504392,-0.707106781186546));
#5361=DIRECTION('center_axis',(0.,0.,1.));
#5362=DIRECTION('ref_axis',(0.195928613001624,-0.980618161471253,0.));
#5363=DIRECTION('',(-0.138542450881927,0.693401751731009,-0.707106781186545));
#5364=DIRECTION('center_axis',(0.,0.,-1.));
#5365=DIRECTION('ref_axis',(-0.195928606517321,0.980618162766824,0.));
#5366=DIRECTION('',(-0.442123191422841,0.551839726375406,-0.707106781186547));
#5367=DIRECTION('center_axis',(0.,0.,1.));
#5368=DIRECTION('ref_axis',(-0.819269730469238,-0.573408326358156,0.));
#5369=DIRECTION('',(0.579311182035675,0.405460915956681,-0.707106781186547));
#5370=DIRECTION('center_axis',(-0.579227963249653,-0.40557979065735,-0.707106781186546));
#5371=DIRECTION('ref_axis',(-0.773589322715785,4.89324201618427E-18,0.633687272856362));
#5372=DIRECTION('center_axis',(0.,0.,1.));
#5373=DIRECTION('ref_axis',(0.207911701661243,0.978147598428952,0.));
#5374=DIRECTION('',(-0.147015774132699,-0.69165479985045,-0.707106781186546));
#5375=DIRECTION('center_axis',(0.14701576743748,0.691654801273562,-0.707106781186546));
#5376=DIRECTION('ref_axis',(-0.979062765043942,3.8817728403147E-16,-0.203558596243221));
#5377=DIRECTION('center_axis',(0.,0.,1.));
#5378=DIRECTION('ref_axis',(0.258819051019152,0.965925824703712,0.));
#5379=DIRECTION('',(-0.18301270607591,-0.683012700771201,-0.707106781186549));
#5380=DIRECTION('center_axis',(0.18301270263085,0.683012701694305,-0.707106781186547));
#5381=DIRECTION('ref_axis',(-0.968100345641074,-6.29555727948071E-16,-0.250562808033503));
#5382=DIRECTION('',(-0.183012702630851,-0.683012701694303,-0.707106781186548));
#5383=DIRECTION('center_axis',(0.,0.,1.));
#5384=DIRECTION('ref_axis',(0.987424516717526,0.158091188195799,0.));
#5385=DIRECTION('center_axis',(4.52764566338626E-10,0.707106781186546,-0.707106781186549));
#5386=DIRECTION('ref_axis',(-1.,1.85847265562097E-25,-6.40305790278056E-10));
#5387=DIRECTION('',(-4.52764422125722E-10,-0.707106781186549,-0.707106781186546));
#5388=DIRECTION('',(0.496907553232015,0.61362972676953,0.613629727087699));
#5389=DIRECTION('center_axis',(0.,0.,1.));
#5390=DIRECTION('ref_axis',(0.990268069966033,0.13917309224756,0.));
#5391=DIRECTION('',(-0.700225267465496,-0.0984102372869521,-0.707106781186548));
#5392=DIRECTION('center_axis',(0.700225266907316,0.0984102412586582,-0.707106781186541));
#5393=DIRECTION('ref_axis',(-0.710555868246006,-2.76588564238141E-17,-0.703640787690115));
#5394=DIRECTION('',(-0.700225266907303,-0.0984102412586588,-0.707106781186554));
#5395=DIRECTION('center_axis',(0.,0.,1.));
#5396=DIRECTION('ref_axis',(0.139173096504473,-0.990268069367763,0.));
#5397=DIRECTION('',(-0.0984102402970389,0.700225267042458,-0.707106781186546));
#5398=DIRECTION('center_axis',(0.0984102446959274,-0.700225266424232,-0.707106781186548));
#5399=DIRECTION('ref_axis',(-0.990453877275884,-1.91086954638136E-16,-0.137844539206922));
#5400=DIRECTION('',(-0.098410244695923,0.700225266424234,-0.707106781186547));
#5401=DIRECTION('center_axis',(0.,0.,1.));
#5402=DIRECTION('ref_axis',(0.,-1.,0.));
#5403=DIRECTION('',(0.,0.707106781186548,-0.707106781186547));
#5404=DIRECTION('center_axis',(0.,-0.707106781186547,-0.707106781186548));
#5405=DIRECTION('ref_axis',(-1.,0.,0.));
#5406=DIRECTION('center_axis',(-0.147015762838473,0.691654802251113,-0.707106781186545));
#5407=DIRECTION('ref_axis',(-0.979062766313024,-1.6717714670077E-16,0.203558590139276));
#5408=DIRECTION('',(0.147015762838469,-0.691654802251108,-0.70710678118655));
#5409=DIRECTION('',(0.422945038003655,0.690183570865695,0.587166188855561));
#5410=DIRECTION('center_axis',(0.,0.,1.));
#5411=DIRECTION('ref_axis',(0.978147597298461,0.207911706979785,0.));
#5412=DIRECTION('',(-0.691654799051072,-0.147015777893475,-0.707106781186546));
#5413=DIRECTION('center_axis',(0.69165480086525,0.147015769358436,-0.707106781186546));
#5414=DIRECTION('ref_axis',(-0.71487450142115,-2.74324309159623E-17,-0.699252777769143));
#5415=DIRECTION('center_axis',(-0.183012698750028,0.683012702734166,-0.707106781186548));
#5416=DIRECTION('ref_axis',(-0.968100346929905,9.33553881378074E-17,0.250562803053841));
#5417=DIRECTION('',(0.183012698750034,-0.683012702734167,-0.707106781186546));
#5418=DIRECTION('center_axis',(0.,0.,1.));
#5419=DIRECTION('ref_axis',(0.96592582829365,0.258819037621321,0.));
#5420=DIRECTION('',(-0.683012703309671,-0.183012696602211,-0.707106781186549));
#5421=DIRECTION('center_axis',(0.683012701632713,0.18301270286073,-0.707106781186542));
#5422=DIRECTION('ref_axis',(-0.719254596808304,-6.76012592891797E-17,-0.694746590470313));
#5423=DIRECTION('center_axis',(-0.819197075413104,0.573512119867241,0.));
#5424=DIRECTION('ref_axis',(-0.573512119867241,-0.819197075413104,0.));
#5425=DIRECTION('',(0.,0.,1.));
#5426=DIRECTION('',(0.,0.,1.));
#5427=DIRECTION('center_axis',(-0.819152040458194,0.573576441821993,0.));
#5428=DIRECTION('ref_axis',(-0.573576441821993,-0.819152040458194,0.));
#5429=DIRECTION('',(0.,0.,1.));
#5430=DIRECTION('center_axis',(0.,1.,0.));
#5431=DIRECTION('ref_axis',(-1.,0.,0.));
#5432=DIRECTION('',(0.,0.,1.));
#5433=DIRECTION('center_axis',(0.819152041333403,0.573576440572064,0.));
#5434=DIRECTION('ref_axis',(-0.573576440572064,0.819152041333403,0.));
#5435=DIRECTION('',(0.,0.,1.));
#5436=DIRECTION('center_axis',(0.,0.,1.));
#5437=DIRECTION('ref_axis',(-0.819180173974192,-0.5735362609004,0.));
#5438=DIRECTION('',(0.,0.,1.));
#5439=DIRECTION('center_axis',(0.,0.,1.));
#5440=DIRECTION('ref_axis',(-0.195928606517321,0.980618162766824,0.));
#5441=DIRECTION('',(0.,0.,1.));
#5442=DIRECTION('center_axis',(0.,0.,1.));
#5443=DIRECTION('ref_axis',(0.195928624529272,-0.980618159168016,0.));
#5444=DIRECTION('',(0.,0.,1.));
#5445=DIRECTION('center_axis',(-0.966002850706811,-0.258531414776453,0.));
#5446=DIRECTION('ref_axis',(0.258531414776453,-0.966002850706811,0.));
#5447=DIRECTION('',(0.,0.,1.));
#5448=DIRECTION('center_axis',(-0.965925827042163,-0.258819042291934,0.));
#5449=DIRECTION('ref_axis',(0.258819042291934,-0.965925827042163,0.));
#5450=DIRECTION('',(0.,0.,1.));
#5451=DIRECTION('center_axis',(0.,1.,0.));
#5452=DIRECTION('ref_axis',(-1.,0.,0.));
#5453=DIRECTION('',(0.,0.,1.));
#5454=DIRECTION('center_axis',(0.,0.,1.));
#5455=DIRECTION('ref_axis',(0.,-1.,0.));
#5456=DIRECTION('',(0.,0.,1.));
#5457=DIRECTION('center_axis',(-0.139173102725436,0.990268068493464,0.));
#5458=DIRECTION('ref_axis',(-0.990268068493464,-0.139173102725436,0.));
#5459=DIRECTION('',(0.,0.,1.));
#5460=DIRECTION('center_axis',(0.,0.,1.));
#5461=DIRECTION('ref_axis',(0.139173085444978,-0.990268070922073,0.));
#5462=DIRECTION('',(0.,0.,1.));
#5463=DIRECTION('center_axis',(-0.990268069176638,-0.139173097864401,0.));
#5464=DIRECTION('ref_axis',(0.139173097864401,-0.990268069176638,0.));
#5465=DIRECTION('',(0.,0.,1.));
#5466=DIRECTION('center_axis',(0.,0.,1.));
#5467=DIRECTION('ref_axis',(0.990268071909396,0.139173078419811,0.));
#5468=DIRECTION('',(0.,0.,1.));
#5469=DIRECTION('center_axis',(-5.3247020995319E-10,-1.,0.));
#5470=DIRECTION('ref_axis',(1.,-5.3247020995319E-10,0.));
#5471=DIRECTION('',(0.,0.,1.));
#5472=DIRECTION('center_axis',(-0.978147599864098,-0.207911694909412,0.));
#5473=DIRECTION('ref_axis',(0.207911694909412,-0.978147599864098,0.));
#5474=DIRECTION('',(0.,0.,1.));
#5475=DIRECTION('center_axis',(0.,0.,1.));
#5476=DIRECTION('ref_axis',(0.978147592737328,0.207911728438225,0.));
#5477=DIRECTION('',(0.,0.,1.));
#5478=DIRECTION('center_axis',(0.207911686921974,-0.97814760156188,0.));
#5479=DIRECTION('ref_axis',(0.97814760156188,0.207911686921974,0.));
#5480=DIRECTION('',(0.,0.,1.));
#5481=DIRECTION('center_axis',(-0.965925825922065,-0.258819046472194,0.));
#5482=DIRECTION('ref_axis',(0.258819046472194,-0.965925825922065,0.));
#5483=DIRECTION('',(0.,0.,1.));
#5484=DIRECTION('center_axis',(0.,0.,1.));
#5485=DIRECTION('ref_axis',(0.9659258325098,0.258819021886433,0.));
#5486=DIRECTION('',(0.,0.,1.));
#5487=DIRECTION('center_axis',(0.258819040658791,-0.965925827479762,0.));
#5488=DIRECTION('ref_axis',(0.965925827479762,0.258819040658791,0.));
#5489=DIRECTION('',(0.,0.,1.));
#5490=DIRECTION('center_axis',(0.,0.,1.));
#5491=DIRECTION('ref_axis',(-0.258819009890579,0.965925835724079,0.));
#5492=DIRECTION('',(0.,0.,1.));
#5493=DIRECTION('center_axis',(0.965925819767248,0.258819069442285,0.));
#5494=DIRECTION('ref_axis',(-0.258819069442285,0.965925819767248,0.));
#5495=DIRECTION('center_axis',(-0.965925825370162,0.258819048531924,0.));
#5496=DIRECTION('ref_axis',(-0.258819048531924,-0.965925825370162,0.));
#5497=DIRECTION('',(0.,0.,1.));
#5498=DIRECTION('center_axis',(0.,0.,1.));
#5499=DIRECTION('ref_axis',(0.965925821214718,-0.258819064040253,0.));
#5500=DIRECTION('',(0.,0.,1.));
#5501=DIRECTION('center_axis',(-0.258819046147103,-0.965925826009173,0.));
#5502=DIRECTION('ref_axis',(0.965925826009173,-0.258819046147103,0.));
#5503=DIRECTION('',(0.,0.,1.));
#5504=DIRECTION('center_axis',(0.,0.,1.));
#5505=DIRECTION('ref_axis',(0.258819062682459,0.965925821578538,0.));
#5506=DIRECTION('',(0.,0.,1.));
#5507=DIRECTION('center_axis',(0.965925826755386,-0.2588190433622,0.));
#5508=DIRECTION('ref_axis',(0.2588190433622,0.965925826755386,0.));
#5509=DIRECTION('',(0.,0.,1.));
#5510=DIRECTION('center_axis',(-0.207911692192773,-0.978147600441538,0.));
#5511=DIRECTION('ref_axis',(0.978147600441537,-0.207911692192773,0.));
#5512=DIRECTION('',(0.,0.,1.));
#5513=DIRECTION('center_axis',(0.,0.,1.));
#5514=DIRECTION('ref_axis',(0.20791171849408,0.978147594851022,0.));
#5515=DIRECTION('',(0.,0.,1.));
#5516=DIRECTION('center_axis',(0.978147599887568,-0.207911694798994,0.));
#5517=DIRECTION('ref_axis',(0.207911694798994,0.978147599887568,0.));
#5518=DIRECTION('',(0.,0.,1.));
#5519=DIRECTION('center_axis',(0.,-1.,0.));
#5520=DIRECTION('ref_axis',(1.,0.,0.));
#5521=DIRECTION('',(0.,0.,1.));
#5522=DIRECTION('center_axis',(0.,0.,1.));
#5523=DIRECTION('ref_axis',(0.,1.,0.));
#5524=DIRECTION('',(0.,0.,1.));
#5525=DIRECTION('center_axis',(0.990268068891141,-0.139173099895814,0.));
#5526=DIRECTION('ref_axis',(0.139173099895814,0.990268068891141,0.));
#5527=DIRECTION('',(0.,0.,1.));
#5528=DIRECTION('center_axis',(0.,0.,1.));
#5529=DIRECTION('ref_axis',(-0.990268065790207,0.139173121960107,0.));
#5530=DIRECTION('',(0.,0.,1.));
#5531=DIRECTION('center_axis',(0.139173090126004,0.990268070264198,0.));
#5532=DIRECTION('ref_axis',(-0.990268070264198,0.139173090126004,0.));
#5533=DIRECTION('',(0.,0.,1.));
#5534=DIRECTION('center_axis',(0.,0.,1.));
#5535=DIRECTION('ref_axis',(-0.13917308337983,-0.990268071212311,0.));
#5536=DIRECTION('',(0.,0.,1.));
#5537=DIRECTION('center_axis',(3.3252982649145E-9,1.,0.));
#5538=DIRECTION('ref_axis',(-1.,3.3252982649145E-9,0.));
#5539=DIRECTION('',(0.,0.,1.));
#5540=DIRECTION('center_axis',(0.965925827675286,-0.258819039929086,0.));
#5541=DIRECTION('ref_axis',(0.258819039929086,0.965925827675286,0.));
#5542=DIRECTION('',(0.,0.,1.));
#5543=DIRECTION('center_axis',(0.966006312083621,-0.258518480992369,0.));
#5544=DIRECTION('ref_axis',(0.258518480992369,0.966006312083621,0.));
#5545=DIRECTION('',(0.,0.,1.));
#5546=DIRECTION('center_axis',(0.,0.,1.));
#5547=DIRECTION('ref_axis',(-0.966050514768842,0.258353252185559,0.));
#5548=DIRECTION('',(0.,0.,1.));
#5549=DIRECTION('center_axis',(0.,0.,1.));
#5550=DIRECTION('ref_axis',(0.625256613756583,0.780419225130731,0.));
#5551=DIRECTION('',(0.,0.,1.));
#5552=DIRECTION('center_axis',(0.,0.,1.));
#5553=DIRECTION('ref_axis',(-0.625256604128411,-0.780419232844635,0.));
#5554=CARTESIAN_POINT('',(0.,0.,0.));
#5555=CARTESIAN_POINT('Origin',(78.5982074,51.3916536,-4.));
#5556=CARTESIAN_POINT('',(83.2482074,51.3916536,-4.));
#5557=CARTESIAN_POINT('Origin',(78.5982074,51.3916536,-4.));
#5558=CARTESIAN_POINT('',(83.2482074,51.3916536,-3.5));
#5559=CARTESIAN_POINT('',(83.2482074,51.3916536,-4.));
#5560=CARTESIAN_POINT('Origin',(78.5982074,51.3916536,-3.5));
#5561=CARTESIAN_POINT('Origin',(249.6416474,66.1793418,-4.));
#5562=CARTESIAN_POINT('',(254.2916474,66.1793418,-4.));
#5563=CARTESIAN_POINT('Origin',(249.6416474,66.1793418,-4.));
#5564=CARTESIAN_POINT('',(254.2916474,66.1793418,-3.5));
#5565=CARTESIAN_POINT('',(254.2916474,66.1793418,-4.));
#5566=CARTESIAN_POINT('Origin',(249.6416474,66.1793418,-3.5));
#5567=CARTESIAN_POINT('Origin',(124.140401,105.4463352,-4.));
#5568=CARTESIAN_POINT('',(128.790401,105.4463352,-4.));
#5569=CARTESIAN_POINT('Origin',(124.140401,105.4463352,-4.));
#5570=CARTESIAN_POINT('',(128.790401,105.4463352,-3.5));
#5571=CARTESIAN_POINT('',(128.790401,105.4463352,-4.));
#5572=CARTESIAN_POINT('Origin',(124.140401,105.4463352,-3.5));
#5573=CARTESIAN_POINT('Origin',(90.9846902,120.8008573,-4.));
#5574=CARTESIAN_POINT('',(95.6346902,120.8008573,-4.));
#5575=CARTESIAN_POINT('Origin',(90.9846902,120.8008573,-4.));
#5576=CARTESIAN_POINT('',(95.6346902,120.8008573,-3.5));
#5577=CARTESIAN_POINT('',(95.6346902,120.8008573,-4.));
#5578=CARTESIAN_POINT('Origin',(90.9846902,120.8008573,-3.5));
#5579=CARTESIAN_POINT('Origin',(199.5310638,51.3916536,-4.));
#5580=CARTESIAN_POINT('',(204.1810638,51.3916536,-4.));
#5581=CARTESIAN_POINT('Origin',(199.5310638,51.3916536,-4.));
#5582=CARTESIAN_POINT('',(204.1810638,51.3916536,-3.5));
#5583=CARTESIAN_POINT('',(204.1810638,51.3916536,-4.));
#5584=CARTESIAN_POINT('Origin',(199.5310638,51.3916536,-3.5));
#5585=CARTESIAN_POINT('Origin',(28.4876238,66.1793418,-4.));
#5586=CARTESIAN_POINT('',(33.1376238,66.1793418,-4.));
#5587=CARTESIAN_POINT('Origin',(28.4876238,66.1793418,-4.));
#5588=CARTESIAN_POINT('',(33.1376238,66.1793418,-3.5));
#5589=CARTESIAN_POINT('',(33.1376238,66.1793418,-4.));
#5590=CARTESIAN_POINT('Origin',(28.4876238,66.1793418,-3.5));
#5591=CARTESIAN_POINT('Origin',(155.4970834,30.8582713,-4.));
#5592=CARTESIAN_POINT('',(160.1470834,30.8582713,-4.));
#5593=CARTESIAN_POINT('Origin',(155.4970834,30.8582713,-4.));
#5594=CARTESIAN_POINT('',(160.1470834,30.8582713,-3.5));
#5595=CARTESIAN_POINT('',(160.1470834,30.8582713,-4.));
#5596=CARTESIAN_POINT('Origin',(155.4970834,30.8582713,-3.5));
#5597=CARTESIAN_POINT('Origin',(243.3788579,110.741405,-4.));
#5598=CARTESIAN_POINT('',(248.0288579,110.741405,-4.));
#5599=CARTESIAN_POINT('Origin',(243.3788579,110.741405,-4.));
#5600=CARTESIAN_POINT('',(248.0288579,110.741405,-3.5));
#5601=CARTESIAN_POINT('',(248.0288579,110.741405,-4.));
#5602=CARTESIAN_POINT('Origin',(243.3788579,110.741405,-3.5));
#5603=CARTESIAN_POINT('Origin',(153.9888702,105.4463352,-4.));
#5604=CARTESIAN_POINT('',(158.6388702,105.4463352,-4.));
#5605=CARTESIAN_POINT('Origin',(153.9888702,105.4463352,-4.));
#5606=CARTESIAN_POINT('',(158.6388702,105.4463352,-3.5));
#5607=CARTESIAN_POINT('',(158.6388702,105.4463352,-4.));
#5608=CARTESIAN_POINT('Origin',(153.9888702,105.4463352,-3.5));
#5609=CARTESIAN_POINT('Origin',(187.144581,120.8008573,-4.));
#5610=CARTESIAN_POINT('',(191.794581,120.8008573,-4.));
#5611=CARTESIAN_POINT('Origin',(187.144581,120.8008573,-4.));
#5612=CARTESIAN_POINT('',(191.794581,120.8008573,-3.5));
#5613=CARTESIAN_POINT('',(191.794581,120.8008573,-4.));
#5614=CARTESIAN_POINT('Origin',(187.144581,120.8008573,-3.5));
#5615=CARTESIAN_POINT('Origin',(122.6321878,30.8582713,-4.));
#5616=CARTESIAN_POINT('',(127.2821878,30.8582713,-4.));
#5617=CARTESIAN_POINT('Origin',(122.6321878,30.8582713,-4.));
#5618=CARTESIAN_POINT('',(127.2821878,30.8582713,-3.5));
#5619=CARTESIAN_POINT('',(127.2821878,30.8582713,-4.));
#5620=CARTESIAN_POINT('Origin',(122.6321878,30.8582713,-3.5));
#5621=CARTESIAN_POINT('Origin',(34.7504133,110.741405,-4.));
#5622=CARTESIAN_POINT('',(39.4004133,110.741405,-4.));
#5623=CARTESIAN_POINT('Origin',(34.7504133,110.741405,-4.));
#5624=CARTESIAN_POINT('',(39.4004133,110.741405,-3.5));
#5625=CARTESIAN_POINT('',(39.4004133,110.741405,-4.));
#5626=CARTESIAN_POINT('Origin',(34.7504133,110.741405,-3.5));
#5627=CARTESIAN_POINT('Origin',(28.4876238,66.1793418,-3.5));
#5628=CARTESIAN_POINT('Origin',(249.6416474,66.1793418,-3.5));
#5629=CARTESIAN_POINT('Origin',(187.144581,120.8008573,-3.5));
#5630=CARTESIAN_POINT('Origin',(153.9888702,105.4463352,-3.5));
#5631=CARTESIAN_POINT('Origin',(199.5310638,51.3916536,-3.5));
#5632=CARTESIAN_POINT('Origin',(34.7504133,110.741405,-3.5));
#5633=CARTESIAN_POINT('Origin',(122.6321878,30.8582713,-3.5));
#5634=CARTESIAN_POINT('Origin',(90.9846902,120.8008573,-3.5));
#5635=CARTESIAN_POINT('Origin',(243.3788579,110.741405,-3.5));
#5636=CARTESIAN_POINT('Origin',(124.140401,105.4463352,-3.5));
#5637=CARTESIAN_POINT('Origin',(155.4970834,30.8582713,-3.5));
#5638=CARTESIAN_POINT('Origin',(78.5982074,51.3916536,-3.5));
#5639=CARTESIAN_POINT('Origin',(139.064635543528,77.1253854258769,0.));
#5640=CARTESIAN_POINT('',(153.105967642275,25.9917663365854,0.));
#5641=CARTESIAN_POINT('',(156.35595038759,25.5262796351702,0.));
#5642=CARTESIAN_POINT('Origin',(154.949123,27.2822229,0.));
#5643=CARTESIAN_POINT('',(203.063537314114,47.3063850972133,0.));
#5644=CARTESIAN_POINT('Origin',(224.3790636,-59.377333,0.));
#5645=CARTESIAN_POINT('',(204.796313929644,50.0940621262858,0.));
#5646=CARTESIAN_POINT('Origin',(202.6226979,49.512776,0.));
#5647=CARTESIAN_POINT('',(204.796064511492,50.0949940774221,0.));
#5648=CARTESIAN_POINT('',(199.224056573962,70.9148064645138,0.));
#5649=CARTESIAN_POINT('',(202.310582026687,59.3709411,0.));
#5650=CARTESIAN_POINT('',(197.972939018741,75.5592453791639,0.));
#5651=CARTESIAN_POINT('',(235.1701825,59.3709411,0.));
#5652=CARTESIAN_POINT('',(187.117409021764,59.3709411,0.));
#5653=CARTESIAN_POINT('',(235.483321965494,59.3928379436919,0.));
#5654=CARTESIAN_POINT('Origin',(235.1701825,61.6209411,0.));
#5655=CARTESIAN_POINT('',(252.778389827044,61.8235012486299,0.));
#5656=CARTESIAN_POINT('',(198.077224947102,54.1357537777667,0.));
#5657=CARTESIAN_POINT('',(254.693353448104,64.3647437502866,0.));
#5658=CARTESIAN_POINT('Origin',(252.4652504,64.0516043,0.));
#5659=CARTESIAN_POINT('',(247.725602651655,113.942867925019,0.));
#5660=CARTESIAN_POINT('',(249.210335628259,103.378443617833,0.));
#5661=CARTESIAN_POINT('',(245.4974995,115.879728489759,0.));
#5662=CARTESIAN_POINT('Origin',(245.4974995,113.6297285,0.));
#5663=CARTESIAN_POINT('',(226.264166622299,115.8797285,0.));
#5664=CARTESIAN_POINT('',(182.664401093231,115.879728523216,0.));
#5665=CARTESIAN_POINT('',(224.642906299898,123.507158471182,0.));
#5666=CARTESIAN_POINT('',(227.509540424311,110.02070553401,0.));
#5667=CARTESIAN_POINT('',(221.974272994258,125.240189113808,0.));
#5668=CARTESIAN_POINT('Origin',(222.4420743,123.0393571,0.));
#5669=CARTESIAN_POINT('',(204.302430091344,121.483923021555,0.));
#5670=CARTESIAN_POINT('',(168.582998094948,113.891523520287,0.));
#5671=CARTESIAN_POINT('',(202.676790969442,127.550890784854,0.));
#5672=CARTESIAN_POINT('',(206.849375938328,111.978591770397,0.));
#5673=CARTESIAN_POINT('',(199.921115142566,129.141881076789,0.));
#5674=CARTESIAN_POINT('Origin',(200.5034579,126.968548,0.));
#5675=CARTESIAN_POINT('',(183.500376017137,124.741957369975,0.));
#5676=CARTESIAN_POINT('',(156.818749427942,117.592637204213,0.));
#5677=CARTESIAN_POINT('',(181.909385685811,121.986281208941,0.));
#5678=CARTESIAN_POINT('Origin',(184.0827188,122.5686242,0.));
#5679=CARTESIAN_POINT('',(182.383121984113,120.218273452491,0.));
#5680=CARTESIAN_POINT('',(186.31883900236,105.529979056664,0.));
#5681=CARTESIAN_POINT('',(147.384635599846,116.761237891376,0.));
#5682=CARTESIAN_POINT('Origin',(139.0646356,379.8797285,0.));
#5683=CARTESIAN_POINT('',(147.3846356,104.8797285,0.));
#5684=CARTESIAN_POINT('',(147.3846356,96.941428110226,0.));
#5685=CARTESIAN_POINT('',(130.7446356,104.8797285,0.));
#5686=CARTESIAN_POINT('',(143.164635571764,104.8797285,0.));
#5687=CARTESIAN_POINT('',(130.744635600154,116.761237891376,0.));
#5688=CARTESIAN_POINT('',(130.7446356,91.0025569629385,0.));
#5689=CARTESIAN_POINT('',(95.7461491850806,120.218273457631,0.));
#5690=CARTESIAN_POINT('Origin',(139.0646356,379.8797285,0.));
#5691=CARTESIAN_POINT('',(96.2198854690276,121.986281313601,0.));
#5692=CARTESIAN_POINT('',(92.0473004749205,106.413982337844,0.));
#5693=CARTESIAN_POINT('',(94.6288951641323,124.741957301789,0.));
#5694=CARTESIAN_POINT('Origin',(94.0465524,122.5686242,0.));
#5695=CARTESIAN_POINT('',(78.2081561833439,129.141881069846,0.));
#5696=CARTESIAN_POINT('',(113.100152264492,119.79259885715,0.));
#5697=CARTESIAN_POINT('',(75.4524801982111,127.550890764132,0.));
#5698=CARTESIAN_POINT('Origin',(77.6258133,126.968548,0.));
#5699=CARTESIAN_POINT('',(73.826841103233,121.48392302318,0.));
#5700=CARTESIAN_POINT('',(70.4670757008252,108.945107749517,0.));
#5701=CARTESIAN_POINT('',(56.1549982691446,125.240189200331,0.));
#5702=CARTESIAN_POINT('',(100.710351669003,115.769656412202,0.));
#5703=CARTESIAN_POINT('',(53.4863647905149,123.507158426079,0.));
#5704=CARTESIAN_POINT('Origin',(55.6871969,123.0393571,0.));
#5705=CARTESIAN_POINT('',(51.865104478601,115.8797285,0.));
#5706=CARTESIAN_POINT('',(49.8091005150853,106.206990541626,0.));
#5707=CARTESIAN_POINT('',(32.6317717,115.8797285,0.));
#5708=CARTESIAN_POINT('',(85.848203621764,115.8797285,0.));
#5709=CARTESIAN_POINT('',(30.4036685436919,113.942867965494,0.));
#5710=CARTESIAN_POINT('Origin',(32.6317717,113.6297285,0.));
#5711=CARTESIAN_POINT('',(23.4359176483316,64.3647438249219,0.));
#5712=CARTESIAN_POINT('',(25.4350601099894,78.5893816782581,0.));
#5713=CARTESIAN_POINT('',(25.3508813766776,61.8235011340528,0.));
#5714=CARTESIAN_POINT('Origin',(25.6640208,64.0516043,0.));
#5715=CARTESIAN_POINT('',(42.6459492776026,59.3928380479769,0.));
#5716=CARTESIAN_POINT('',(88.6995804349551,52.9204227978497,0.));
#5717=CARTESIAN_POINT('',(42.9590887,59.370941209268,0.));
#5718=CARTESIAN_POINT('Origin',(42.9590887,61.6209411,0.));
#5719=CARTESIAN_POINT('',(75.8186891757888,59.3709411,0.));
#5720=CARTESIAN_POINT('',(107.441662330139,59.3709409948442,0.));
#5721=CARTESIAN_POINT('',(73.3332099300607,50.0950060750597,0.));
#5722=CARTESIAN_POINT('',(78.9135924995204,70.9212777961317,0.));
#5723=CARTESIAN_POINT('',(73.3329596404984,50.0940708177576,0.));
#5724=CARTESIAN_POINT('',(78.9047145600333,70.9140539810216,0.));
#5725=CARTESIAN_POINT('',(75.0657339307456,47.3063851107998,0.));
#5726=CARTESIAN_POINT('Origin',(75.5065733,49.512776,0.));
#5727=CARTESIAN_POINT('',(121.773320829126,25.52627961164,0.));
#5728=CARTESIAN_POINT('Origin',(53.7502076,-59.377333,0.));
#5729=CARTESIAN_POINT('',(125.023253853096,25.9916952424505,0.));
#5730=CARTESIAN_POINT('Origin',(123.1801482,27.2822229,0.));
#5731=CARTESIAN_POINT('',(125.023930571561,25.9926618580944,0.));
#5732=CARTESIAN_POINT('',(139.34461195965,46.4481324656919,0.));
#5733=CARTESIAN_POINT('',(134.030706384731,38.8556706,0.));
#5734=CARTESIAN_POINT('',(143.849204596204,52.877939050593,0.));
#5735=CARTESIAN_POINT('',(144.098564914542,38.8556706,0.));
#5736=CARTESIAN_POINT('',(141.581600229035,38.8556706,0.));
#5737=CARTESIAN_POINT('',(138.783639814242,46.44617020473,0.));
#5738=CARTESIAN_POINT('',(50.8425733,64.5395468,0.));
#5739=CARTESIAN_POINT('Origin',(51.9425733,64.5395468,0.));
#5740=CARTESIAN_POINT('',(226.4477503,106.2336416,0.));
#5741=CARTESIAN_POINT('Origin',(227.5477503,106.2336416,0.));
#5742=CARTESIAN_POINT('',(151.0771369,112.207816,0.));
#5743=CARTESIAN_POINT('Origin',(152.1771369,112.207816,0.));
#5744=CARTESIAN_POINT('',(118.9321721,55.9701958,0.));
#5745=CARTESIAN_POINT('Origin',(120.0321721,55.9701958,0.));
#5746=CARTESIAN_POINT('',(49.4815209,106.2336416,0.));
#5747=CARTESIAN_POINT('Origin',(50.5815209,106.2336416,0.));
#5748=CARTESIAN_POINT('',(225.0866979,64.5395468,0.));
#5749=CARTESIAN_POINT('Origin',(226.1866979,64.5395468,0.));
#5750=CARTESIAN_POINT('',(124.8521343,112.207816,0.));
#5751=CARTESIAN_POINT('Origin',(125.9521343,112.207816,0.));
#5752=CARTESIAN_POINT('',(156.9970991,55.9701958,0.));
#5753=CARTESIAN_POINT('Origin',(158.0970991,55.9701958,0.));
#5754=CARTESIAN_POINT('',(137.0646356,43.6056706,0.));
#5755=CARTESIAN_POINT('Origin',(139.0646356,43.6056706,0.));
#5756=CARTESIAN_POINT('Origin',(130.8646356,116.757470794575,-4.));
#5757=CARTESIAN_POINT('',(130.7446356,116.757470794575,-1.));
#5758=CARTESIAN_POINT('',(130.8646356,116.757470794575,-1.));
#5759=CARTESIAN_POINT('',(130.8646356,116.757470794575,-1.));
#5760=CARTESIAN_POINT('',(130.8646356,116.757470794575,-4.));
#5761=CARTESIAN_POINT('',(130.8646356,116.757470794575,0.));
#5762=CARTESIAN_POINT('',(130.7446356,116.757470794575,-4.));
#5763=CARTESIAN_POINT('',(130.8646356,116.757470794575,-4.));
#5764=CARTESIAN_POINT('',(130.7446356,116.757470794575,0.));
#5765=CARTESIAN_POINT('Origin',(147.2646356,104.8797285,0.));
#5766=CARTESIAN_POINT('',(147.3846356,104.8797285,-1.));
#5767=CARTESIAN_POINT('',(147.3846356,104.8797285,0.));
#5768=CARTESIAN_POINT('',(130.7446356,104.8797285,-1.));
#5769=CARTESIAN_POINT('',(130.8646356,104.8797285,-1.));
#5770=CARTESIAN_POINT('',(130.7446356,104.8797285,0.));
#5771=CARTESIAN_POINT('Origin',(139.0646356,110.818599647288,-1.));
#5772=CARTESIAN_POINT('',(147.3846356,116.757470794575,-1.));
#5773=CARTESIAN_POINT('',(147.3846356,104.8797285,-1.));
#5774=CARTESIAN_POINT('',(147.2646356,116.757470794575,-1.));
#5775=CARTESIAN_POINT('',(147.2646356,116.757470794575,-1.));
#5776=CARTESIAN_POINT('Origin',(139.0646356,379.8797285,-1.));
#5777=CARTESIAN_POINT('',(130.7446356,121.8797285,-1.));
#5778=CARTESIAN_POINT('Origin',(130.7446356,120.759442725227,0.));
#5779=CARTESIAN_POINT('',(130.7446356,117.7617396095,5.80000000000084));
#5780=CARTESIAN_POINT('',(130.744635600696,120.76326800393,2.8));
#5781=CARTESIAN_POINT('Ctrl Pts',(130.7446356,117.7617396095,5.8));
#5782=CARTESIAN_POINT('Ctrl Pts',(130.7446356,118.132227315099,5.8));
#5783=CARTESIAN_POINT('Ctrl Pts',(130.7446356,118.56827613261,5.71329665319493));
#5784=CARTESIAN_POINT('Ctrl Pts',(130.7446356,119.252791227089,5.42984553847856));
#5785=CARTESIAN_POINT('Ctrl Pts',(130.7446356,119.622400475074,5.18297534620968));
#5786=CARTESIAN_POINT('Ctrl Pts',(130.7446356,120.146215839949,4.65932325050486));
#5787=CARTESIAN_POINT('Ctrl Pts',(130.7446356,120.3931401479,4.28991801691737));
#5788=CARTESIAN_POINT('Ctrl Pts',(130.7446356,120.676573840208,3.60585449218087));
#5789=CARTESIAN_POINT('Ctrl Pts',(130.7446356,120.763268003952,3.17018014787778));
#5790=CARTESIAN_POINT('Ctrl Pts',(130.7446356,120.763268003952,2.8));
#5791=CARTESIAN_POINT('',(130.744635600154,116.761237891376,5.8));
#5792=CARTESIAN_POINT('',(130.7446356,98.942414075552,5.8));
#5793=CARTESIAN_POINT('',(130.7446356,116.761237891681,0.));
#5794=CARTESIAN_POINT('',(130.7446356,118.762245171137,-4.00000000000098));
#5795=CARTESIAN_POINT('',(130.7446356,96.941428110226,-4.));
#5796=CARTESIAN_POINT('',(130.7446356,120.763268003953,-2.00000000000284));
#5797=CARTESIAN_POINT('Ctrl Pts',(130.7446356,120.763268003949,-2.00000000001302));
#5798=CARTESIAN_POINT('Ctrl Pts',(130.7446356,119.766601074401,-2.99615354708381));
#5799=CARTESIAN_POINT('Ctrl Pts',(130.7446356,118.762245171096,-4.00000000004539));
#5800=CARTESIAN_POINT('',(130.7446356,120.763268003952,0.));
#5801=CARTESIAN_POINT('Origin',(139.0646356,379.8797285,0.));
#5802=CARTESIAN_POINT('',(95.7461491850806,120.218273457631,5.8));
#5803=CARTESIAN_POINT('Origin',(139.0646356,379.8797285,5.8));
#5804=CARTESIAN_POINT('',(95.7461491850806,120.218273457631,0.));
#5805=CARTESIAN_POINT('Origin',(139.064635543528,77.1253854258769,5.8));
#5806=CARTESIAN_POINT('',(153.105967642275,25.9917663365854,5.8));
#5807=CARTESIAN_POINT('',(144.098564914542,38.8556706,5.8));
#5808=CARTESIAN_POINT('',(144.098564914542,38.8556706,5.8));
#5809=CARTESIAN_POINT('',(134.030706384731,38.8556706,5.8));
#5810=CARTESIAN_POINT('',(134.030706384731,38.8556706,5.8));
#5811=CARTESIAN_POINT('',(125.023930571561,25.9926618580944,5.8));
#5812=CARTESIAN_POINT('',(125.023930571561,25.9926618580944,5.8));
#5813=CARTESIAN_POINT('',(125.023253853096,25.9916952424505,5.8));
#5814=CARTESIAN_POINT('',(125.023253853096,25.9916952424505,5.8));
#5815=CARTESIAN_POINT('',(121.773320829126,25.52627961164,5.8));
#5816=CARTESIAN_POINT('Origin',(123.1801482,27.2822229,5.8));
#5817=CARTESIAN_POINT('',(75.0657339307456,47.3063851107998,5.8));
#5818=CARTESIAN_POINT('Origin',(53.7502076,-59.377333,5.8));
#5819=CARTESIAN_POINT('',(73.3329596404984,50.0940708177576,5.8));
#5820=CARTESIAN_POINT('Origin',(75.5065733,49.512776,5.8));
#5821=CARTESIAN_POINT('',(73.3332099300607,50.0950060750597,5.8));
#5822=CARTESIAN_POINT('',(73.3329596404984,50.0940708177576,5.8));
#5823=CARTESIAN_POINT('',(75.8186891757888,59.3709411,5.8));
#5824=CARTESIAN_POINT('',(73.3332099300607,50.0950060750597,5.8));
#5825=CARTESIAN_POINT('',(42.9590887,59.370941209268,5.8));
#5826=CARTESIAN_POINT('',(42.9590887,59.370941209268,5.8));
#5827=CARTESIAN_POINT('',(42.6459492776026,59.3928380479769,5.8));
#5828=CARTESIAN_POINT('Origin',(42.9590887,61.6209411,5.8));
#5829=CARTESIAN_POINT('',(25.3508813766776,61.8235011340528,5.8));
#5830=CARTESIAN_POINT('',(25.3508813766776,61.8235011340528,5.8));
#5831=CARTESIAN_POINT('',(23.4359176483317,64.3647438249219,5.8));
#5832=CARTESIAN_POINT('Origin',(25.6640208,64.0516043,5.8));
#5833=CARTESIAN_POINT('',(30.4036685436919,113.942867965494,5.8));
#5834=CARTESIAN_POINT('',(23.4359176483316,64.3647438249219,5.8));
#5835=CARTESIAN_POINT('',(32.6317717,115.8797285,5.8));
#5836=CARTESIAN_POINT('Origin',(32.6317717,113.6297285,5.8));
#5837=CARTESIAN_POINT('',(51.865104478601,115.8797285,5.8));
#5838=CARTESIAN_POINT('',(51.865104478601,115.8797285,5.8));
#5839=CARTESIAN_POINT('',(53.4863647905149,123.507158426079,5.8));
#5840=CARTESIAN_POINT('',(53.4863647905149,123.507158426079,5.8));
#5841=CARTESIAN_POINT('',(56.1549982691446,125.240189200331,5.8));
#5842=CARTESIAN_POINT('Origin',(55.6871969,123.0393571,5.8));
#5843=CARTESIAN_POINT('',(73.826841103233,121.48392302318,5.8));
#5844=CARTESIAN_POINT('',(56.1549982691446,125.240189200331,5.8));
#5845=CARTESIAN_POINT('',(75.4524801982111,127.550890764132,5.8));
#5846=CARTESIAN_POINT('',(73.826841103233,121.48392302318,5.8));
#5847=CARTESIAN_POINT('',(78.2081561833439,129.141881069846,5.8));
#5848=CARTESIAN_POINT('Origin',(77.6258133,126.968548,5.8));
#5849=CARTESIAN_POINT('',(94.6288951641323,124.741957301789,5.8));
#5850=CARTESIAN_POINT('',(94.6288951641323,124.741957301789,5.8));
#5851=CARTESIAN_POINT('',(96.2198854690276,121.986281313601,5.8));
#5852=CARTESIAN_POINT('Origin',(94.0465524,122.5686242,5.8));
#5853=CARTESIAN_POINT('',(95.7461491850806,120.218273457631,5.8));
#5854=CARTESIAN_POINT('',(96.9142084552271,121.039229366821,5.8));
#5855=CARTESIAN_POINT('Origin',(139.0646356,379.8797285,5.8));
#5856=CARTESIAN_POINT('',(94.8877141738319,125.707883137565,5.8));
#5857=CARTESIAN_POINT('Origin',(94.0465524,122.5686242,5.8));
#5858=CARTESIAN_POINT('',(78.4669752227368,130.107806897665,5.8));
#5859=CARTESIAN_POINT('',(113.358971307262,120.758524684064,5.8));
#5860=CARTESIAN_POINT('',(74.4865543624358,127.809709773832,5.8));
#5861=CARTESIAN_POINT('Origin',(77.6258133,126.968548,5.8));
#5862=CARTESIAN_POINT('',(73.1065253408644,122.659371461175,5.8));
#5863=CARTESIAN_POINT('',(69.9923700247958,111.037185851158,5.8));
#5864=CARTESIAN_POINT('',(56.3629099613374,126.218336800773,5.8));
#5865=CARTESIAN_POINT('',(100.918263361196,116.747804012643,5.8));
#5866=CARTESIAN_POINT('',(52.5082171915955,123.715070125432,5.8));
#5867=CARTESIAN_POINT('Origin',(55.6871969,123.0393571,5.8));
#5868=CARTESIAN_POINT('',(51.0553204567062,116.8797285,5.8));
#5869=CARTESIAN_POINT('',(49.167680062338,107.999078794049,5.8));
#5870=CARTESIAN_POINT('',(32.6317717,116.8797285,5.8));
#5871=CARTESIAN_POINT('',(85.848203621764,116.8797285,5.8));
#5872=CARTESIAN_POINT('',(29.4134004742216,114.082041061269,5.8));
#5873=CARTESIAN_POINT('Origin',(32.6317717,113.6297285,5.8));
#5874=CARTESIAN_POINT('',(22.4456495794405,64.5039169248177,5.8));
#5875=CARTESIAN_POINT('',(24.4447920410983,78.7285547781539,5.8));
#5876=CARTESIAN_POINT('',(25.2117082998729,60.8332330619164,5.8));
#5877=CARTESIAN_POINT('Origin',(25.6640208,64.0516043,5.8));
#5878=CARTESIAN_POINT('',(42.5067761618608,58.4025699813127,5.8));
#5879=CARTESIAN_POINT('',(88.5604073320212,51.9301547293855,5.8));
#5880=CARTESIAN_POINT('',(42.9590887,58.370941209268,5.8));
#5881=CARTESIAN_POINT('Origin',(42.9590887,61.6209411,5.8));
#5882=CARTESIAN_POINT('',(74.5154638060334,58.3709410845478,5.8));
#5883=CARTESIAN_POINT('',(104.835211597295,58.3709409647151,5.8));
#5884=CARTESIAN_POINT('',(72.3672438367907,50.3536748417405,5.8));
#5885=CARTESIAN_POINT('',(77.9475861406745,71.1797962896338,5.8));
#5886=CARTESIAN_POINT('',(72.3668472303407,50.3521927527224,5.8));
#5887=CARTESIAN_POINT('',(77.9386551878996,71.1723741920808,5.8));
#5888=CARTESIAN_POINT('',(74.8698053227838,46.3257669408033,5.80000000884397));
#5889=CARTESIAN_POINT('Origin',(75.5065733,49.512776,5.8));
#5890=CARTESIAN_POINT('',(121.14806421537,24.7458603865092,5.8));
#5891=CARTESIAN_POINT('Origin',(53.7502076,-59.377333,5.8));
#5892=CARTESIAN_POINT('',(125.842420377645,25.4181394905907,5.8));
#5893=CARTESIAN_POINT('Origin',(123.1801482,27.2822229,5.8));
#5894=CARTESIAN_POINT('',(125.843090677402,25.4190969348327,5.8));
#5895=CARTESIAN_POINT('',(140.163818688666,45.8744600892495,5.8));
#5896=CARTESIAN_POINT('',(134.551273431038,37.8556706,5.8));
#5897=CARTESIAN_POINT('',(144.071186648361,51.451515492415,5.8));
#5898=CARTESIAN_POINT('',(143.577997867265,37.8556706,5.8));
#5899=CARTESIAN_POINT('',(140.540466134481,37.8556706,5.8));
#5900=CARTESIAN_POINT('',(152.286143358132,25.4191502166541,5.8));
#5901=CARTESIAN_POINT('',(137.964279858101,45.8728906972737,5.8));
#5902=CARTESIAN_POINT('',(156.981207000287,24.7458604113631,5.800000006176));
#5903=CARTESIAN_POINT('Origin',(154.949123,27.2822229,5.8));
#5904=CARTESIAN_POINT('',(203.259465920631,46.3257669344464,5.8));
#5905=CARTESIAN_POINT('Origin',(224.3790636,-59.377333,5.8));
#5906=CARTESIAN_POINT('',(205.762336039948,50.3525215421412,5.8));
#5907=CARTESIAN_POINT('Origin',(202.6226979,49.512776,5.8));
#5908=CARTESIAN_POINT('',(205.762041173588,50.3536234007083,5.8));
#5909=CARTESIAN_POINT('',(200.190850013383,71.1729431041962,5.8));
#5910=CARTESIAN_POINT('',(203.613807395602,58.3709411,5.8));
#5911=CARTESIAN_POINT('',(199.61346392953,73.3004263368718,5.8));
#5912=CARTESIAN_POINT('',(235.1701825,58.3709411,5.8));
#5913=CARTESIAN_POINT('',(187.117409021764,58.3709411,5.8));
#5914=CARTESIAN_POINT('',(235.622495061269,58.4025698742216,5.8));
#5915=CARTESIAN_POINT('Origin',(235.1701825,61.6209411,5.8));
#5916=CARTESIAN_POINT('',(252.91756292977,60.8332331801364,5.8));
#5917=CARTESIAN_POINT('',(198.216398049827,53.1454857092732,5.8));
#5918=CARTESIAN_POINT('',(255.683621517574,64.5039168460617,5.8));
#5919=CARTESIAN_POINT('Origin',(252.4652504,64.0516043,5.8));
#5920=CARTESIAN_POINT('',(248.715870719616,114.082041031529,5.8));
#5921=CARTESIAN_POINT('',(250.200603696828,103.51761672002,5.8));
#5922=CARTESIAN_POINT('',(245.4974995,116.879728489759,5.8));
#5923=CARTESIAN_POINT('Origin',(245.4974995,113.6297285,5.8));
#5924=CARTESIAN_POINT('',(227.0739506517,116.879728501556,5.8));
#5925=CARTESIAN_POINT('',(184.283969154144,116.879728528954,5.8));
#5926=CARTESIAN_POINT('',(225.621053899762,123.715070166091,5.8));
#5927=CARTESIAN_POINT('',(228.487688024175,110.22861722892,5.8));
#5928=CARTESIAN_POINT('',(221.766361294904,126.218336712727,5.8));
#5929=CARTESIAN_POINT('Origin',(222.4420743,123.0393571,5.8));
#5930=CARTESIAN_POINT('',(205.022745808708,122.659371466819,5.8));
#5931=CARTESIAN_POINT('',(170.231541230671,115.264272836025,5.8));
#5932=CARTESIAN_POINT('',(203.642716795364,127.809709831326,5.8));
#5933=CARTESIAN_POINT('',(207.81530176425,112.23741081687,5.8));
#5934=CARTESIAN_POINT('',(199.662296132867,130.107806912564,5.8));
#5935=CARTESIAN_POINT('Origin',(200.5034579,126.968548,5.8));
#5936=CARTESIAN_POINT('',(183.241556963841,125.707883194069,5.8));
#5937=CARTESIAN_POINT('',(156.559930380965,118.55856303,5.8));
#5938=CARTESIAN_POINT('',(181.215062671039,121.039229354814,5.8));
#5939=CARTESIAN_POINT('Origin',(184.0827188,122.5686242,5.8));
#5940=CARTESIAN_POINT('',(147.3846356,117.761739609501,5.80000000000084));
#5941=CARTESIAN_POINT('Origin',(139.0646356,379.8797285,5.8));
#5942=CARTESIAN_POINT('',(147.384635599846,116.761237891376,5.8));
#5943=CARTESIAN_POINT('',(147.3846356,96.941428110226,5.8));
#5944=CARTESIAN_POINT('',(182.383121984113,120.218273452491,5.8));
#5945=CARTESIAN_POINT('Origin',(139.0646356,379.8797285,5.8));
#5946=CARTESIAN_POINT('',(181.909385685811,121.986281208941,5.8));
#5947=CARTESIAN_POINT('',(181.909385685811,121.986281208941,5.8));
#5948=CARTESIAN_POINT('',(183.500376017137,124.741957369975,5.8));
#5949=CARTESIAN_POINT('Origin',(184.0827188,122.5686242,5.8));
#5950=CARTESIAN_POINT('',(199.921115142566,129.141881076789,5.8));
#5951=CARTESIAN_POINT('',(199.921115142566,129.141881076789,5.8));
#5952=CARTESIAN_POINT('',(202.676790969442,127.550890784854,5.8));
#5953=CARTESIAN_POINT('Origin',(200.5034579,126.968548,5.8));
#5954=CARTESIAN_POINT('',(204.302430091344,121.483923021555,5.8));
#5955=CARTESIAN_POINT('',(202.676790969442,127.550890784854,5.8));
#5956=CARTESIAN_POINT('',(221.974272994258,125.240189113808,5.8));
#5957=CARTESIAN_POINT('',(204.302430091344,121.483923021555,5.8));
#5958=CARTESIAN_POINT('',(224.642906299898,123.507158471182,5.8));
#5959=CARTESIAN_POINT('Origin',(222.4420743,123.0393571,5.8));
#5960=CARTESIAN_POINT('',(226.264166622299,115.8797285,5.8));
#5961=CARTESIAN_POINT('',(226.264166622299,115.8797285,5.8));
#5962=CARTESIAN_POINT('',(245.4974995,115.879728489759,5.8));
#5963=CARTESIAN_POINT('',(245.4974995,115.879728489759,5.8));
#5964=CARTESIAN_POINT('',(247.725602651655,113.942867925019,5.8));
#5965=CARTESIAN_POINT('Origin',(245.4974995,113.6297285,5.8));
#5966=CARTESIAN_POINT('',(254.693353448104,64.3647437502866,5.8));
#5967=CARTESIAN_POINT('',(247.725602651655,113.942867925019,5.8));
#5968=CARTESIAN_POINT('',(252.778389827044,61.8235012486299,5.8));
#5969=CARTESIAN_POINT('Origin',(252.4652504,64.0516043,5.8));
#5970=CARTESIAN_POINT('',(235.483321965494,59.3928379436919,5.8));
#5971=CARTESIAN_POINT('',(235.483321965494,59.3928379436919,5.8));
#5972=CARTESIAN_POINT('',(235.1701825,59.3709411,5.8));
#5973=CARTESIAN_POINT('Origin',(235.1701825,61.6209411,5.8));
#5974=CARTESIAN_POINT('',(202.310582026687,59.3709411,5.8));
#5975=CARTESIAN_POINT('',(202.310582026687,59.3709411,5.8));
#5976=CARTESIAN_POINT('',(204.796064511492,50.0949940774221,5.8));
#5977=CARTESIAN_POINT('',(202.310582026687,59.3709411,5.8));
#5978=CARTESIAN_POINT('',(204.796313929644,50.0940621262858,5.8));
#5979=CARTESIAN_POINT('',(204.796313929644,50.0940621262858,5.8));
#5980=CARTESIAN_POINT('',(203.063537314114,47.3063850972133,5.8));
#5981=CARTESIAN_POINT('Origin',(202.6226979,49.512776,5.8));
#5982=CARTESIAN_POINT('',(156.35595038759,25.5262796351702,5.8));
#5983=CARTESIAN_POINT('Origin',(224.3790636,-59.377333,5.8));
#5984=CARTESIAN_POINT('Origin',(154.949123,27.2822229,5.8));
#5985=CARTESIAN_POINT('Origin',(139.0646356,379.8797285,2.8));
#5986=CARTESIAN_POINT('',(100.217955600141,123.556694121526,2.8));
#5987=CARTESIAN_POINT('Origin',(139.0646356,379.8797285,2.8));
#5988=CARTESIAN_POINT('Ctrl Pts',(96.9142084552271,121.039229366821,5.8));
#5989=CARTESIAN_POINT('Ctrl Pts',(96.9181795327707,121.041195394744,5.8));
#5990=CARTESIAN_POINT('Ctrl Pts',(96.9221489535347,121.043164764996,5.79999667508944));
#5991=CARTESIAN_POINT('Ctrl Pts',(97.3592646026162,121.26049047566,5.79926156635814));
#5992=CARTESIAN_POINT('Ctrl Pts',(97.7702918778968,121.514105546773,5.75842814033448));
#5993=CARTESIAN_POINT('Ctrl Pts',(98.4832541230141,122.015109285806,5.55999460164354));
#5994=CARTESIAN_POINT('Ctrl Pts',(98.7885130783718,122.255377167396,5.4216196252739));
#5995=CARTESIAN_POINT('Ctrl Pts',(99.3347486802407,122.71559880777,5.0289755937977));
#5996=CARTESIAN_POINT('Ctrl Pts',(99.5721957591679,122.93218084039,4.77860931165738));
#5997=CARTESIAN_POINT('Ctrl Pts',(99.9227087701803,123.263218013481,4.21156719820025));
#5998=CARTESIAN_POINT('Ctrl Pts',(100.045733275592,123.384663993932,3.91726645518951));
#5999=CARTESIAN_POINT('Ctrl Pts',(100.186125993394,123.524396974414,3.3385699983024));
#6000=CARTESIAN_POINT('Ctrl Pts',(100.217955600141,123.556694121526,3.07065716427763));
#6001=CARTESIAN_POINT('Ctrl Pts',(100.217955600141,123.556694121526,2.8));
#6002=CARTESIAN_POINT('Origin',(147.2646356,116.757470794575,5.8));
#6003=CARTESIAN_POINT('',(147.3846356,116.757470794575,-4.));
#6004=CARTESIAN_POINT('',(147.3846356,116.757470794575,0.));
#6005=CARTESIAN_POINT('',(147.2646356,116.757470794575,-4.));
#6006=CARTESIAN_POINT('',(147.2646356,116.757470794575,-4.));
#6007=CARTESIAN_POINT('',(147.2646356,116.757470794575,0.));
#6008=CARTESIAN_POINT('Origin',(147.3846356,104.8797285,0.));
#6009=CARTESIAN_POINT('',(147.384635599304,120.76326800393,2.8));
#6010=CARTESIAN_POINT('Ctrl Pts',(147.3846356,120.763268003952,2.8));
#6011=CARTESIAN_POINT('Ctrl Pts',(147.3846356,120.763268003952,3.17018014787779));
#6012=CARTESIAN_POINT('Ctrl Pts',(147.3846356,120.676573840208,3.60585449218089));
#6013=CARTESIAN_POINT('Ctrl Pts',(147.3846356,120.3931401479,4.28991801691739));
#6014=CARTESIAN_POINT('Ctrl Pts',(147.3846356,120.146215839949,4.65932325050487));
#6015=CARTESIAN_POINT('Ctrl Pts',(147.3846356,119.622400475074,5.18297534620969));
#6016=CARTESIAN_POINT('Ctrl Pts',(147.3846356,119.252791227089,5.42984553847856));
#6017=CARTESIAN_POINT('Ctrl Pts',(147.3846356,118.56827613261,5.71329665319493));
#6018=CARTESIAN_POINT('Ctrl Pts',(147.3846356,118.132227315099,5.8));
#6019=CARTESIAN_POINT('Ctrl Pts',(147.3846356,117.7617396095,5.8));
#6020=CARTESIAN_POINT('',(147.3846356,120.763268003953,-2.00000000000287));
#6021=CARTESIAN_POINT('',(147.3846356,120.763268003952,0.));
#6022=CARTESIAN_POINT('',(147.3846356,118.762245171137,-4.00000000000094));
#6023=CARTESIAN_POINT('Ctrl Pts',(147.3846356,118.762245171096,-4.00000000004535));
#6024=CARTESIAN_POINT('Ctrl Pts',(147.3846356,119.76660107442,-2.9961535470654));
#6025=CARTESIAN_POINT('Ctrl Pts',(147.3846356,120.763268003949,-2.00000000001304));
#6026=CARTESIAN_POINT('',(147.3846356,98.942414075552,-4.));
#6027=CARTESIAN_POINT('',(147.3846356,116.761237891681,0.));
#6028=CARTESIAN_POINT('Origin',(139.0646356,379.8797285,-3.));
#6029=CARTESIAN_POINT('',(177.911315526468,123.556694110403,-2.));
#6030=CARTESIAN_POINT('Origin',(139.0646356,379.8797285,-2.));
#6031=CARTESIAN_POINT('',(179.895606467482,121.840207654803,-4.));
#6032=CARTESIAN_POINT('Ctrl Pts',(179.895606467482,121.840207654803,-3.99999999999983));
#6033=CARTESIAN_POINT('Ctrl Pts',(179.174969638784,122.355558296068,-3.37835355445802));
#6034=CARTESIAN_POINT('Ctrl Pts',(178.525631557208,122.9372281148,-2.70452282319734));
#6035=CARTESIAN_POINT('Ctrl Pts',(177.911315526468,123.556694110403,-2.00000000000002));
#6036=CARTESIAN_POINT('Origin',(139.0646356,379.8797285,-4.));
#6037=CARTESIAN_POINT('Origin',(139.0646356,379.8797285,0.));
#6038=CARTESIAN_POINT('',(177.911315526468,123.556694110403,2.8));
#6039=CARTESIAN_POINT('Origin',(139.0646356,379.8797285,2.8));
#6040=CARTESIAN_POINT('',(177.911315526468,123.556694110403,0.));
#6041=CARTESIAN_POINT('Origin',(139.0646356,379.8797285,2.8));
#6042=CARTESIAN_POINT('Ctrl Pts',(181.215062671039,121.039229354814,5.8));
#6043=CARTESIAN_POINT('Ctrl Pts',(181.211091593487,121.04119538276,5.8));
#6044=CARTESIAN_POINT('Ctrl Pts',(181.207122172821,121.043164752982,5.7999966750895));
#6045=CARTESIAN_POINT('Ctrl Pts',(180.591002538276,121.349487894211,5.79896053070322));
#6046=CARTESIAN_POINT('Ctrl Pts',(180.041290572143,121.719415867487,5.71621006891118));
#6047=CARTESIAN_POINT('Ctrl Pts',(179.168310148476,122.389871588893,5.33243576809807));
#6048=CARTESIAN_POINT('Ctrl Pts',(178.848048056923,122.669299489307,5.08918794317858));
#6049=CARTESIAN_POINT('Ctrl Pts',(178.381395450303,123.09490105107,4.53172953834252));
#6050=CARTESIAN_POINT('Ctrl Pts',(178.210525599896,123.260220080679,4.23138117818746));
#6051=CARTESIAN_POINT('Ctrl Pts',(177.988137481584,123.47888719253,3.59083475686203));
#6052=CARTESIAN_POINT('Ctrl Pts',(177.927459729264,123.540420265759,3.26965865536313));
#6053=CARTESIAN_POINT('Ctrl Pts',(177.912242638509,123.555759045002,2.89231424367867));
#6054=CARTESIAN_POINT('Ctrl Pts',(177.911315526468,123.556694110403,2.84611728378603));
#6055=CARTESIAN_POINT('Ctrl Pts',(177.911315526468,123.556694110403,2.8));
#6056=CARTESIAN_POINT('Origin',(207.81530176425,112.23741081687,2.8));
#6057=CARTESIAN_POINT('',(207.18369297851,126.185716736516,2.8));
#6058=CARTESIAN_POINT('',(206.54049427313,128.586166970743,2.8));
#6059=CARTESIAN_POINT('',(210.713079242016,113.013867956287,2.8));
#6060=CARTESIAN_POINT('Origin',(203.642716795364,127.809709831326,2.8));
#6061=CARTESIAN_POINT('Origin',(205.022745808708,122.659371466819,2.8));
#6062=CARTESIAN_POINT('Origin',(228.487688024175,110.22861722892,2.8));
#6063=CARTESIAN_POINT('',(229.503302741227,119.8797285,2.8));
#6064=CARTESIAN_POINT('',(228.555496699354,124.33880525082,2.8));
#6065=CARTESIAN_POINT('',(231.422130823768,110.852352313648,2.8));
#6066=CARTESIAN_POINT('Origin',(225.621053899762,123.715070166091,2.8));
#6067=CARTESIAN_POINT('Origin',(227.0739506517,116.879728501556,2.8));
#6068=CARTESIAN_POINT('Origin',(187.117409021764,58.3709411,2.8));
#6069=CARTESIAN_POINT('',(207.523483502348,55.3709411,2.8));
#6070=CARTESIAN_POINT('',(235.1701825,55.3709411,2.8));
#6071=CARTESIAN_POINT('',(187.117409021764,55.3709411,2.8));
#6072=CARTESIAN_POINT('Origin',(235.1701825,58.3709411,2.8));
#6073=CARTESIAN_POINT('Origin',(203.613807395602,58.3709411,2.8));
#6074=CARTESIAN_POINT('Origin',(199.61346392953,73.3004263368718,2.8));
#6075=CARTESIAN_POINT('',(208.659946172943,51.1296046230684,2.8));
#6076=CARTESIAN_POINT('Origin',(205.762041193235,50.3536234055515,2.79999997977326));
#6077=CARTESIAN_POINT('',(202.511241410656,74.0768834637476,2.8));
#6078=CARTESIAN_POINT('Origin',(137.964279858101,45.8728906972737,2.8));
#6079=CARTESIAN_POINT('',(142.016296725434,34.8556706,2.8));
#6080=CARTESIAN_POINT('',(149.828687184567,23.6984208602615,2.8));
#6081=CARTESIAN_POINT('',(135.506823734101,44.1521613755575,2.8));
#6082=CARTESIAN_POINT('Origin',(152.286143308567,25.4191501819777,2.8));
#6083=CARTESIAN_POINT('Origin',(143.577997867265,37.8556706,2.8));
#6084=CARTESIAN_POINT('Origin',(140.540466134481,37.8556706,2.8));
#6085=CARTESIAN_POINT('',(136.11297456996,34.8556706,2.8));
#6086=CARTESIAN_POINT('Origin',(134.551273431038,37.8556706,2.8));
#6087=CARTESIAN_POINT('',(140.540466134481,34.8556706,2.8));
#6088=CARTESIAN_POINT('Origin',(144.071186648361,51.451515492415,2.8));
#6089=CARTESIAN_POINT('',(128.300610915642,23.6984591777397,2.8));
#6090=CARTESIAN_POINT('Origin',(125.843090678404,25.419096934448,2.79999999895882));
#6091=CARTESIAN_POINT('',(146.528642769736,49.7307861669491,2.8));
#6092=CARTESIAN_POINT('Origin',(77.9386551878996,71.1723741920808,2.8));
#6093=CARTESIAN_POINT('',(69.4693455570182,51.1296811419222,2.8));
#6094=CARTESIAN_POINT('',(69.4688282718086,51.1277482016706,2.8));
#6095=CARTESIAN_POINT('',(75.0406362516522,71.9479296350712,2.8));
#6096=CARTESIAN_POINT('Origin',(72.3668472080559,50.3521927586803,2.8));
#6097=CARTESIAN_POINT('Origin',(72.3672438192043,50.3536748462499,2.79999998184936));
#6098=CARTESIAN_POINT('Origin',(77.9475861406745,71.1797962896338,2.8));
#6099=CARTESIAN_POINT('',(70.6057877133288,55.3709411,2.8));
#6100=CARTESIAN_POINT('Origin',(74.5154638060334,58.3709410845478,2.8));
#6101=CARTESIAN_POINT('',(75.0498086576486,71.9562534094211,2.8));
#6102=CARTESIAN_POINT('Origin',(85.848203621764,116.8797285,2.8));
#6103=CARTESIAN_POINT('',(48.6259683644729,119.8797285,2.8));
#6104=CARTESIAN_POINT('',(32.6317717,119.8797285,2.8));
#6105=CARTESIAN_POINT('',(85.848203621764,119.8797285,2.8));
#6106=CARTESIAN_POINT('Origin',(32.6317717,116.8797285,2.8));
#6107=CARTESIAN_POINT('Origin',(51.0553204567062,116.8797285,2.8));
#6108=CARTESIAN_POINT('Origin',(32.6317717,113.6297285,2.8));
#6109=CARTESIAN_POINT('',(26.4425962658108,114.499560348594,2.8));
#6110=CARTESIAN_POINT('Origin',(29.4134004742216,114.082041061269,2.8));
#6111=CARTESIAN_POINT('Origin',(32.6317717,113.6297285,2.8));
#6112=CARTESIAN_POINT('Origin',(24.4447920410983,78.7285547781539,2.8));
#6113=CARTESIAN_POINT('',(19.4748453727671,64.9214362245051,2.8));
#6114=CARTESIAN_POINT('Origin',(22.4456495794405,64.5039169248177,2.8));
#6115=CARTESIAN_POINT('',(21.4739878344249,79.1460740778414,2.8));
#6116=CARTESIAN_POINT('Origin',(25.6640208,64.0516043,2.8));
#6117=CARTESIAN_POINT('',(24.7941890694585,57.8624288455073,2.8));
#6118=CARTESIAN_POINT('Origin',(25.2117082998729,60.8332330619164,2.8));
#6119=CARTESIAN_POINT('Origin',(25.6640208,64.0516043,2.8));
#6120=CARTESIAN_POINT('Origin',(88.5604073320212,51.9301547293855,2.8));
#6121=CARTESIAN_POINT('',(42.0892568914828,55.4317657705201,2.8));
#6122=CARTESIAN_POINT('Origin',(42.5067761618608,58.4025699813127,2.8));
#6123=CARTESIAN_POINT('',(88.1428880616431,48.959350518593,2.8));
#6124=CARTESIAN_POINT('Origin',(42.9590887,61.6209411,2.8));
#6125=CARTESIAN_POINT('',(42.9590887,55.370941209268,2.8));
#6126=CARTESIAN_POINT('Origin',(42.9590887,58.370941209268,2.8));
#6127=CARTESIAN_POINT('Origin',(42.9590887,61.6209411,2.8));
#6128=CARTESIAN_POINT('Origin',(104.835211597295,58.3709409647151,2.8));
#6129=CARTESIAN_POINT('',(104.835211585438,55.3709409647151,2.8));
#6130=CARTESIAN_POINT('Origin',(100.918263361196,116.747804012643,2.8));
#6131=CARTESIAN_POINT('',(70.9455781871425,126.185716746807,2.8));
#6132=CARTESIAN_POINT('',(56.9866450379157,129.152779602097,2.8));
#6133=CARTESIAN_POINT('',(101.541998437774,119.682246813968,2.8));
#6134=CARTESIAN_POINT('Origin',(56.3629099613374,126.218336800773,2.8));
#6135=CARTESIAN_POINT('Origin',(73.1065253408644,122.659371461175,2.8));
#6136=CARTESIAN_POINT('Origin',(55.6871969,123.0393571,2.8));
#6137=CARTESIAN_POINT('',(49.5737743948372,124.338805223494,2.8));
#6138=CARTESIAN_POINT('Origin',(52.5082171915955,123.715070125432,2.8));
#6139=CARTESIAN_POINT('Origin',(55.6871969,123.0393571,2.8));
#6140=CARTESIAN_POINT('Origin',(49.167680062338,107.999078794049,2.8));
#6141=CARTESIAN_POINT('',(46.2332372619829,108.622813875188,2.8));
#6142=CARTESIAN_POINT('Origin',(75.5065733,49.512776,2.8));
#6143=CARTESIAN_POINT('',(74.2820195029431,43.3839124510574,2.8));
#6144=CARTESIAN_POINT('Origin',(74.8698053250942,46.3257669523667,2.8));
#6145=CARTESIAN_POINT('Origin',(75.5065733,49.512776,2.8));
#6146=CARTESIAN_POINT('Origin',(53.7502076,-59.377333,2.8));
#6147=CARTESIAN_POINT('',(119.2722943741,22.404602711117,2.8));
#6148=CARTESIAN_POINT('Origin',(121.14806421537,24.7458603865092,2.8));
#6149=CARTESIAN_POINT('Origin',(53.7502076,-59.377333,2.8));
#6150=CARTESIAN_POINT('Origin',(123.1801482,27.2822229,2.8));
#6151=CARTESIAN_POINT('',(128.299902377485,23.697447119882,2.8));
#6152=CARTESIAN_POINT('Origin',(125.842420379578,25.4181394892377,2.8));
#6153=CARTESIAN_POINT('Origin',(123.1801482,27.2822229,2.8));
#6154=CARTESIAN_POINT('Origin',(140.163818688666,45.8744600892495,2.8));
#6155=CARTESIAN_POINT('',(142.621403036948,44.1539139053071,2.8));
#6156=CARTESIAN_POINT('Origin',(94.0465524,122.5686242,2.8));
#6157=CARTESIAN_POINT('',(95.6641712029302,128.60566064489,2.8));
#6158=CARTESIAN_POINT('Origin',(94.0465524,122.5686242,2.8));
#6159=CARTESIAN_POINT('Origin',(94.8877141738319,125.707883137565,2.8));
#6160=CARTESIAN_POINT('Origin',(113.358971307262,120.758524684064,2.8));
#6161=CARTESIAN_POINT('',(79.2434323611781,133.005584375693,2.8));
#6162=CARTESIAN_POINT('Origin',(78.4669752227368,130.107806897665,2.8));
#6163=CARTESIAN_POINT('',(114.135428445703,123.656302162092,2.8));
#6164=CARTESIAN_POINT('Origin',(77.6258133,126.968548,2.8));
#6165=CARTESIAN_POINT('',(71.58877685511,128.58616680293,2.8));
#6166=CARTESIAN_POINT('Origin',(74.4865543624358,127.809709773832,2.8));
#6167=CARTESIAN_POINT('Origin',(77.6258133,126.968548,2.8));
#6168=CARTESIAN_POINT('Origin',(69.9923700247958,111.037185851158,2.8));
#6169=CARTESIAN_POINT('',(67.094592550141,111.813643002187,2.8));
#6170=CARTESIAN_POINT('Origin',(154.949123,27.2822229,2.8));
#6171=CARTESIAN_POINT('',(158.856976841771,22.4046027357029,2.8));
#6172=CARTESIAN_POINT('Origin',(156.981206994709,24.7458604183251,2.8));
#6173=CARTESIAN_POINT('Origin',(154.949123,27.2822229,2.8));
#6174=CARTESIAN_POINT('Origin',(224.3790636,-59.377333,2.8));
#6175=CARTESIAN_POINT('',(203.847251740183,43.3839124461459,2.8));
#6176=CARTESIAN_POINT('Origin',(203.259465920631,46.3257669344464,2.8));
#6177=CARTESIAN_POINT('Origin',(224.3790636,-59.377333,2.8));
#6178=CARTESIAN_POINT('Origin',(202.6226979,49.512776,2.8));
#6179=CARTESIAN_POINT('',(208.660463533329,51.1276712678905,2.8));
#6180=CARTESIAN_POINT('Origin',(205.762336050449,50.3525215449513,2.8));
#6181=CARTESIAN_POINT('Origin',(202.6226979,49.512776,2.8));
#6182=CARTESIAN_POINT('Origin',(200.190850013383,71.1729431041962,2.8));
#6183=CARTESIAN_POINT('',(203.088882374637,71.948448380207,2.8));
#6184=CARTESIAN_POINT('Origin',(235.1701825,61.6209411,2.8));
#6185=CARTESIAN_POINT('',(236.040014348594,55.4317656658108,2.8));
#6186=CARTESIAN_POINT('Origin',(235.622495061269,58.4025698742216,2.8));
#6187=CARTESIAN_POINT('Origin',(235.1701825,61.6209411,2.8));
#6188=CARTESIAN_POINT('Origin',(198.216398049827,53.1454857092732,2.8));
#6189=CARTESIAN_POINT('',(253.335082237946,57.862428974656,2.8));
#6190=CARTESIAN_POINT('Origin',(252.91756292977,60.8332331801364,2.8));
#6191=CARTESIAN_POINT('',(198.633917358004,50.1746815037929,2.8));
#6192=CARTESIAN_POINT('Origin',(252.4652504,64.0516043,2.8));
#6193=CARTESIAN_POINT('',(258.654425725985,64.9214361333868,2.8));
#6194=CARTESIAN_POINT('Origin',(255.683621517574,64.5039168460617,2.8));
#6195=CARTESIAN_POINT('Origin',(252.4652504,64.0516043,2.8));
#6196=CARTESIAN_POINT('Origin',(250.200603696828,103.51761672002,2.8));
#6197=CARTESIAN_POINT('',(251.686674927146,114.499560325122,2.8));
#6198=CARTESIAN_POINT('Origin',(248.715870719616,114.082041031529,2.8));
#6199=CARTESIAN_POINT('',(253.171407904358,103.935136013613,2.8));
#6200=CARTESIAN_POINT('Origin',(245.4974995,113.6297285,2.8));
#6201=CARTESIAN_POINT('',(245.4974995,119.879728489759,2.8));
#6202=CARTESIAN_POINT('Origin',(245.4974995,116.879728489759,2.8));
#6203=CARTESIAN_POINT('Origin',(245.4974995,113.6297285,2.8));
#6204=CARTESIAN_POINT('Origin',(184.283969154144,116.879728528954,2.8));
#6205=CARTESIAN_POINT('',(184.283969156065,119.879728528954,2.8));
#6206=CARTESIAN_POINT('Origin',(222.4420743,123.0393571,2.8));
#6207=CARTESIAN_POINT('',(221.142626196843,129.152779509486,2.8));
#6208=CARTESIAN_POINT('Origin',(221.766361294904,126.218336712727,2.8));
#6209=CARTESIAN_POINT('Origin',(222.4420743,123.0393571,2.8));
#6210=CARTESIAN_POINT('Origin',(170.231541230671,115.264272836025,2.8));
#6211=CARTESIAN_POINT('',(169.607806173604,118.198715641497,2.8));
#6212=CARTESIAN_POINT('Origin',(200.5034579,126.968548,2.8));
#6213=CARTESIAN_POINT('',(198.885839103769,133.00558441989,2.8));
#6214=CARTESIAN_POINT('Origin',(199.662296132867,130.107806912564,2.8));
#6215=CARTESIAN_POINT('Origin',(200.5034579,126.968548,2.8));
#6216=CARTESIAN_POINT('Origin',(156.559930380965,118.55856303,2.8));
#6217=CARTESIAN_POINT('',(182.465099841865,128.605660676508,2.8));
#6218=CARTESIAN_POINT('Origin',(183.241556963841,125.707883194069,2.8));
#6219=CARTESIAN_POINT('',(155.783473258988,121.456340512439,2.8));
#6220=CARTESIAN_POINT('Origin',(184.0827188,122.5686242,2.8));
#6221=CARTESIAN_POINT('Origin',(184.0827188,122.5686242,2.8));
#6222=CARTESIAN_POINT('Origin',(184.0827188,122.5686242,0.));
#6223=CARTESIAN_POINT('',(182.465099841865,128.605660676508,-2.));
#6224=CARTESIAN_POINT('',(182.465099841865,128.605660676508,0.));
#6225=CARTESIAN_POINT('Origin',(184.0827188,122.5686242,-2.));
#6226=CARTESIAN_POINT('Origin',(182.465099841865,128.605660676508,0.));
#6227=CARTESIAN_POINT('',(198.885839103769,133.00558441989,-2.));
#6228=CARTESIAN_POINT('',(198.885839103769,133.00558441989,0.));
#6229=CARTESIAN_POINT('',(155.783473258988,121.456340512439,-2.));
#6230=CARTESIAN_POINT('Origin',(200.5034579,126.968548,0.));
#6231=CARTESIAN_POINT('',(206.54049427313,128.586166970743,-2.));
#6232=CARTESIAN_POINT('',(206.54049427313,128.586166970743,0.));
#6233=CARTESIAN_POINT('Origin',(200.5034579,126.968548,-2.));
#6234=CARTESIAN_POINT('Origin',(206.54049427313,128.586166970743,0.));
#6235=CARTESIAN_POINT('',(207.18369297851,126.185716736516,-2.));
#6236=CARTESIAN_POINT('',(207.18369297851,126.185716736516,0.));
#6237=CARTESIAN_POINT('',(210.713079242016,113.013867956286,-2.));
#6238=CARTESIAN_POINT('Origin',(207.18369297851,126.185716736516,0.));
#6239=CARTESIAN_POINT('',(221.142626196843,129.152779509486,-2.));
#6240=CARTESIAN_POINT('',(221.142626196843,129.152779509486,0.));
#6241=CARTESIAN_POINT('',(169.607806173604,118.198715641497,-2.));
#6242=CARTESIAN_POINT('Origin',(222.4420743,123.0393571,0.));
#6243=CARTESIAN_POINT('',(228.555496699354,124.33880525082,-2.));
#6244=CARTESIAN_POINT('',(228.555496699354,124.33880525082,0.));
#6245=CARTESIAN_POINT('Origin',(222.4420743,123.0393571,-2.));
#6246=CARTESIAN_POINT('Origin',(228.555496699354,124.33880525082,0.));
#6247=CARTESIAN_POINT('',(229.503302741227,119.8797285,-2.));
#6248=CARTESIAN_POINT('',(229.503302741227,119.8797285,0.));
#6249=CARTESIAN_POINT('',(231.422130823768,110.852352313648,-2.));
#6250=CARTESIAN_POINT('Origin',(229.503302741227,119.8797285,0.));
#6251=CARTESIAN_POINT('',(245.4974995,119.879728489759,-2.));
#6252=CARTESIAN_POINT('',(245.4974995,119.879728489759,0.));
#6253=CARTESIAN_POINT('',(184.283969156065,119.879728528954,-2.));
#6254=CARTESIAN_POINT('Origin',(245.4974995,113.6297285,0.));
#6255=CARTESIAN_POINT('',(251.686674927146,114.499560325122,-2.));
#6256=CARTESIAN_POINT('',(251.686674927146,114.499560325122,0.));
#6257=CARTESIAN_POINT('Origin',(245.4974995,113.6297285,-2.));
#6258=CARTESIAN_POINT('Origin',(251.686674927146,114.499560325122,0.));
#6259=CARTESIAN_POINT('',(258.654425725985,64.9214361333868,-2.));
#6260=CARTESIAN_POINT('',(258.654425725985,64.9214361333868,0.));
#6261=CARTESIAN_POINT('',(253.171407904358,103.935136013613,-2.));
#6262=CARTESIAN_POINT('Origin',(252.4652504,64.0516043,0.));
#6263=CARTESIAN_POINT('',(253.335082237946,57.862428974656,-2.));
#6264=CARTESIAN_POINT('',(253.335082237946,57.862428974656,0.));
#6265=CARTESIAN_POINT('Origin',(252.4652504,64.0516043,-2.));
#6266=CARTESIAN_POINT('Origin',(253.335082237946,57.862428974656,0.));
#6267=CARTESIAN_POINT('',(236.040014348594,55.4317656658108,-2.));
#6268=CARTESIAN_POINT('',(236.040014348594,55.4317656658108,0.));
#6269=CARTESIAN_POINT('',(198.633917358004,50.1746815037928,-2.));
#6270=CARTESIAN_POINT('Origin',(235.1701825,61.6209411,0.));
#6271=CARTESIAN_POINT('',(235.1701825,55.3709411,-2.));
#6272=CARTESIAN_POINT('',(235.1701825,55.3709411,0.));
#6273=CARTESIAN_POINT('Origin',(235.1701825,61.6209411,-2.));
#6274=CARTESIAN_POINT('Origin',(235.1701825,55.3709411,0.));
#6275=CARTESIAN_POINT('',(207.523483502348,55.3709411,-2.));
#6276=CARTESIAN_POINT('',(207.523483502348,55.3709411,0.));
#6277=CARTESIAN_POINT('',(187.117409021764,55.3709411,-2.));
#6278=CARTESIAN_POINT('Origin',(207.523483502348,55.3709411,0.));
#6279=CARTESIAN_POINT('',(208.659946172943,51.1296046230684,-2.));
#6280=CARTESIAN_POINT('',(208.659946172943,51.1296046230684,0.));
#6281=CARTESIAN_POINT('',(202.511241410656,74.0768834637476,-2.));
#6282=CARTESIAN_POINT('Origin',(208.659946172943,51.1296046230684,0.));
#6283=CARTESIAN_POINT('',(208.660463533329,51.1276712678905,-2.));
#6284=CARTESIAN_POINT('',(208.660463533329,51.1276712678905,0.));
#6285=CARTESIAN_POINT('',(203.088882374637,71.948448380207,-2.));
#6286=CARTESIAN_POINT('Origin',(202.6226979,49.512776,0.));
#6287=CARTESIAN_POINT('',(203.847251740183,43.3839124461459,-2.));
#6288=CARTESIAN_POINT('',(203.847251740183,43.3839124461459,0.));
#6289=CARTESIAN_POINT('Origin',(202.6226979,49.512776,-2.));
#6290=CARTESIAN_POINT('Origin',(224.3790636,-59.377333,0.));
#6291=CARTESIAN_POINT('',(158.856976842314,22.4046027350252,-1.99999999797354));
#6292=CARTESIAN_POINT('',(158.856976847563,22.4046027284733,0.));
#6293=CARTESIAN_POINT('Origin',(224.3790636,-59.377333,-2.));
#6294=CARTESIAN_POINT('Origin',(154.949123,27.2822229,0.));
#6295=CARTESIAN_POINT('',(149.828687184567,23.6984208602615,-2.));
#6296=CARTESIAN_POINT('',(149.828687184567,23.6984208602615,0.));
#6297=CARTESIAN_POINT('Origin',(154.949123,27.2822229,-2.));
#6298=CARTESIAN_POINT('Origin',(149.828687184567,23.6984208602615,0.));
#6299=CARTESIAN_POINT('',(142.016296725434,34.8556706,-2.));
#6300=CARTESIAN_POINT('',(142.016296725434,34.8556706,0.));
#6301=CARTESIAN_POINT('',(135.506823734101,44.1521613755575,-2.));
#6302=CARTESIAN_POINT('Origin',(142.016296725434,34.8556706,0.));
#6303=CARTESIAN_POINT('',(136.11297456996,34.8556706,-2.));
#6304=CARTESIAN_POINT('',(136.11297456996,34.8556706,0.));
#6305=CARTESIAN_POINT('',(140.540466134481,34.8556706,-2.));
#6306=CARTESIAN_POINT('Origin',(136.11297456996,34.8556706,0.));
#6307=CARTESIAN_POINT('',(128.300610915642,23.6984591777397,-2.));
#6308=CARTESIAN_POINT('',(128.300610915642,23.6984591777397,0.));
#6309=CARTESIAN_POINT('',(146.528642769736,49.7307861669491,-2.));
#6310=CARTESIAN_POINT('Origin',(128.300610915642,23.6984591777397,0.));
#6311=CARTESIAN_POINT('',(128.299902377485,23.697447119882,-2.));
#6312=CARTESIAN_POINT('',(128.299902377485,23.697447119882,0.));
#6313=CARTESIAN_POINT('',(142.621403036948,44.1539139053071,-2.));
#6314=CARTESIAN_POINT('Origin',(123.1801482,27.2822229,0.));
#6315=CARTESIAN_POINT('',(119.2722943741,22.404602711117,-2.));
#6316=CARTESIAN_POINT('',(119.2722943741,22.404602711117,0.));
#6317=CARTESIAN_POINT('Origin',(123.1801482,27.2822229,-2.));
#6318=CARTESIAN_POINT('Origin',(53.7502076,-59.377333,0.));
#6319=CARTESIAN_POINT('',(74.2820195026994,43.3839124498378,-1.99999999709808));
#6320=CARTESIAN_POINT('',(74.2820195003439,43.3839124380486,0.));
#6321=CARTESIAN_POINT('Origin',(53.7502076,-59.377333,-2.));
#6322=CARTESIAN_POINT('Origin',(75.5065733,49.512776,0.));
#6323=CARTESIAN_POINT('',(69.4688282718086,51.1277482016706,-2.));
#6324=CARTESIAN_POINT('',(69.4688282718086,51.1277482016706,0.));
#6325=CARTESIAN_POINT('Origin',(75.5065733,49.512776,-2.));
#6326=CARTESIAN_POINT('Origin',(69.4688282718086,51.1277482016706,0.));
#6327=CARTESIAN_POINT('',(69.4693455570182,51.1296811419222,-2.));
#6328=CARTESIAN_POINT('',(69.4693455570182,51.1296811419222,0.));
#6329=CARTESIAN_POINT('',(75.0406362516522,71.9479296350712,-2.));
#6330=CARTESIAN_POINT('Origin',(69.4693455570182,51.1296811419222,0.));
#6331=CARTESIAN_POINT('',(70.6057877133288,55.3709411,-2.));
#6332=CARTESIAN_POINT('',(70.6057877133288,55.3709411,0.));
#6333=CARTESIAN_POINT('',(75.0498086576486,71.9562534094211,-2.));
#6334=CARTESIAN_POINT('Origin',(70.6057877133288,55.3709411,0.));
#6335=CARTESIAN_POINT('',(42.9590887,55.370941209268,-2.));
#6336=CARTESIAN_POINT('',(42.9590887,55.370941209268,0.));
#6337=CARTESIAN_POINT('',(104.835211585438,55.3709409647151,-2.));
#6338=CARTESIAN_POINT('Origin',(42.9590887,61.6209411,0.));
#6339=CARTESIAN_POINT('',(42.0892568914828,55.4317657705201,-2.));
#6340=CARTESIAN_POINT('',(42.0892568914828,55.4317657705201,0.));
#6341=CARTESIAN_POINT('Origin',(42.9590887,61.6209411,-2.));
#6342=CARTESIAN_POINT('Origin',(42.0892568914828,55.4317657705201,0.));
#6343=CARTESIAN_POINT('',(24.7941890694585,57.8624288455073,-2.));
#6344=CARTESIAN_POINT('',(24.7941890694585,57.8624288455073,0.));
#6345=CARTESIAN_POINT('',(88.1428880616431,48.959350518593,-2.));
#6346=CARTESIAN_POINT('Origin',(25.6640208,64.0516043,0.));
#6347=CARTESIAN_POINT('',(19.4748453727671,64.9214362245051,-2.));
#6348=CARTESIAN_POINT('',(19.4748453727671,64.9214362245051,0.));
#6349=CARTESIAN_POINT('Origin',(25.6640208,64.0516043,-2.));
#6350=CARTESIAN_POINT('Origin',(19.4748453727671,64.9214362245051,0.));
#6351=CARTESIAN_POINT('',(26.4425962658108,114.499560348594,-2.));
#6352=CARTESIAN_POINT('',(26.4425962658108,114.499560348594,0.));
#6353=CARTESIAN_POINT('',(21.4739878344249,79.1460740778414,-2.));
#6354=CARTESIAN_POINT('Origin',(32.6317717,113.6297285,0.));
#6355=CARTESIAN_POINT('',(32.6317717,119.8797285,-2.));
#6356=CARTESIAN_POINT('',(32.6317717,119.8797285,0.));
#6357=CARTESIAN_POINT('Origin',(32.6317717,113.6297285,-2.));
#6358=CARTESIAN_POINT('Origin',(32.6317717,119.8797285,0.));
#6359=CARTESIAN_POINT('',(48.6259683644729,119.8797285,-2.));
#6360=CARTESIAN_POINT('',(48.6259683644729,119.8797285,0.));
#6361=CARTESIAN_POINT('',(85.848203621764,119.8797285,-2.));
#6362=CARTESIAN_POINT('Origin',(48.6259683644729,119.8797285,0.));
#6363=CARTESIAN_POINT('',(49.5737743948372,124.338805223494,-2.));
#6364=CARTESIAN_POINT('',(49.5737743948372,124.338805223494,0.));
#6365=CARTESIAN_POINT('',(46.2332372619829,108.622813875188,-2.));
#6366=CARTESIAN_POINT('Origin',(55.6871969,123.0393571,0.));
#6367=CARTESIAN_POINT('',(56.9866450379157,129.152779602097,-2.));
#6368=CARTESIAN_POINT('',(56.9866450379157,129.152779602097,0.));
#6369=CARTESIAN_POINT('Origin',(55.6871969,123.0393571,-2.));
#6370=CARTESIAN_POINT('Origin',(56.9866450379157,129.152779602097,0.));
#6371=CARTESIAN_POINT('',(70.9455781871425,126.185716746807,-2.));
#6372=CARTESIAN_POINT('',(70.9455781871425,126.185716746807,0.));
#6373=CARTESIAN_POINT('',(101.541998437774,119.682246813968,-2.));
#6374=CARTESIAN_POINT('Origin',(70.9455781871425,126.185716746807,0.));
#6375=CARTESIAN_POINT('',(71.58877685511,128.58616680293,-2.));
#6376=CARTESIAN_POINT('',(71.58877685511,128.58616680293,0.));
#6377=CARTESIAN_POINT('',(67.094592550141,111.813643002187,-2.));
#6378=CARTESIAN_POINT('Origin',(77.6258133,126.968548,0.));
#6379=CARTESIAN_POINT('',(79.2434323611781,133.005584375693,-2.));
#6380=CARTESIAN_POINT('',(79.2434323611781,133.005584375693,0.));
#6381=CARTESIAN_POINT('Origin',(77.6258133,126.968548,-2.));
#6382=CARTESIAN_POINT('Origin',(79.2434323611781,133.005584375693,0.));
#6383=CARTESIAN_POINT('',(95.6641712029302,128.60566064489,-2.));
#6384=CARTESIAN_POINT('',(95.6641712029302,128.60566064489,0.));
#6385=CARTESIAN_POINT('',(114.135428445703,123.656302162092,-2.));
#6386=CARTESIAN_POINT('Origin',(94.0465524,122.5686242,0.));
#6387=CARTESIAN_POINT('',(100.217955600141,123.556694121526,-2.));
#6388=CARTESIAN_POINT('',(100.217955600141,123.556694121526,0.));
#6389=CARTESIAN_POINT('Origin',(94.0465524,122.5686242,-2.));
#6390=CARTESIAN_POINT('Origin',(139.0646356,379.8797285,0.));
#6391=CARTESIAN_POINT('',(182.383121984113,120.218273452491,0.));
#6392=CARTESIAN_POINT('Origin',(139.0646356,379.8797285,0.));
#6393=CARTESIAN_POINT('Origin',(139.0646356,379.8797285,-2.));
#6394=CARTESIAN_POINT('Origin',(139.0646356,43.6056706,-3.5));
#6395=CARTESIAN_POINT('',(137.0646356,43.6056706,-3.));
#6396=CARTESIAN_POINT('Origin',(139.0646356,43.6056706,-3.));
#6397=CARTESIAN_POINT('',(136.0646356,43.6056706,-4.));
#6398=CARTESIAN_POINT('',(136.5646356,43.6056706,-3.5));
#6399=CARTESIAN_POINT('Origin',(139.0646356,43.6056706,-4.));
#6400=CARTESIAN_POINT('Origin',(139.064635543528,77.1253854258769,-4.));
#6401=CARTESIAN_POINT('Origin',(139.0646356,379.8797285,-4.));
#6402=CARTESIAN_POINT('',(182.982737905073,126.673809016696,-4.));
#6403=CARTESIAN_POINT('Origin',(184.0827188,122.5686242,-4.));
#6404=CARTESIAN_POINT('',(199.403477185086,131.07373276493,-4.));
#6405=CARTESIAN_POINT('',(156.301111340306,119.524488857479,-4.));
#6406=CARTESIAN_POINT('',(204.608642616543,128.0685288955,-4.));
#6407=CARTESIAN_POINT('Origin',(200.5034579,126.968548,-4.));
#6408=CARTESIAN_POINT('',(205.743061531975,123.834819890052,-4.));
#6409=CARTESIAN_POINT('',(208.781227590172,112.496229863342,-4.));
#6410=CARTESIAN_POINT('',(221.558449568221,127.196484305838,-4.));
#6411=CARTESIAN_POINT('',(170.023629544982,116.242420437849,-4.));
#6412=CARTESIAN_POINT('',(226.599201504758,123.92298183686,-4.));
#6413=CARTESIAN_POINT('Origin',(222.4420743,123.0393571,-4.));
#6414=CARTESIAN_POINT('',(227.883734681542,117.879728501037,-4.));
#6415=CARTESIAN_POINT('',(229.46583562404,110.436528923829,-4.));
#6416=CARTESIAN_POINT('',(245.497499498719,117.879728489759,-4.));
#6417=CARTESIAN_POINT('',(184.283969154785,117.879728528954,-4.));
#6418=CARTESIAN_POINT('',(249.706138787214,114.221214140627,-4.));
#6419=CARTESIAN_POINT('Origin',(245.4974995,113.6297285,-4.));
#6420=CARTESIAN_POINT('',(256.673889587631,64.643089937658,-4.));
#6421=CARTESIAN_POINT('',(251.190871766005,103.656789817885,-4.));
#6422=CARTESIAN_POINT('',(253.056736044937,59.8429651133916,-4.));
#6423=CARTESIAN_POINT('Origin',(252.4652504,64.0516043,-4.));
#6424=CARTESIAN_POINT('',(235.761668143143,57.4123018027977,-4.));
#6425=CARTESIAN_POINT('',(198.355571152553,52.1552176407798,-4.));
#6426=CARTESIAN_POINT('',(235.1701825,57.3709411,-4.));
#6427=CARTESIAN_POINT('Origin',(235.1701825,61.6209411,-4.));
#6428=CARTESIAN_POINT('',(204.917032764517,57.3709411,-4.));
#6429=CARTESIAN_POINT('',(187.117409021764,57.3709411,-4.));
#6430=CARTESIAN_POINT('',(206.728009506711,50.6122838081445,-4.));
#6431=CARTESIAN_POINT('',(200.579389756572,73.5592453791638,-4.));
#6432=CARTESIAN_POINT('',(206.728441950426,50.6106677482151,-4.00000000166231));
#6433=CARTESIAN_POINT('',(201.156860800468,71.4314448628665,-4.));
#6434=CARTESIAN_POINT('',(203.45539451418,45.3451487690884,-4.));
#6435=CARTESIAN_POINT('Origin',(202.6226979,49.512776,-4.));
#6436=CARTESIAN_POINT('',(157.606463615923,23.9654411847338,-4.00000000108647));
#6437=CARTESIAN_POINT('Origin',(224.3790636,-59.377333,-4.));
#6438=CARTESIAN_POINT('',(151.46722665963,24.8452375228696,-4.00000000320616));
#6439=CARTESIAN_POINT('Origin',(154.949123,27.2822229,-4.));
#6440=CARTESIAN_POINT('',(143.057430819988,36.8556706,-4.));
#6441=CARTESIAN_POINT('',(137.145127816767,45.2993142567016,-4.));
#6442=CARTESIAN_POINT('',(135.071840477345,36.8556706,-4.));
#6443=CARTESIAN_POINT('',(140.540466134481,36.8556706,-4.));
#6444=CARTESIAN_POINT('',(126.662264090149,24.8455510158018,-4.));
#6445=CARTESIAN_POINT('',(144.890338688819,50.877939050593,-4.));
#6446=CARTESIAN_POINT('',(126.661512810504,24.8444779101994,-4.00000000004813));
#6447=CARTESIAN_POINT('',(140.983013471427,45.300944694602,-4.));
#6448=CARTESIAN_POINT('',(120.522807594681,23.9654411669325,-4.));
#6449=CARTESIAN_POINT('Origin',(123.1801482,27.2822229,-4.));
#6450=CARTESIAN_POINT('',(74.6738767162806,45.345148774081,-4.00000000201991));
#6451=CARTESIAN_POINT('Origin',(53.7502076,-59.377333,-4.));
#6452=CARTESIAN_POINT('',(71.4009066810849,50.6109570970667,-4.00000000094961));
#6453=CARTESIAN_POINT('Origin',(75.5065733,49.512776,-4.));
#6454=CARTESIAN_POINT('',(71.4012777435372,50.6123436084822,-4.));
#6455=CARTESIAN_POINT('',(76.9726488758171,71.4308926730776,-4.));
#6456=CARTESIAN_POINT('',(73.2122384417985,57.3709410896985,-4.));
#6457=CARTESIAN_POINT('',(76.9816603129992,71.4386153295629,-4.));
#6458=CARTESIAN_POINT('',(42.9590887079046,57.370941209268,-4.));
#6459=CARTESIAN_POINT('',(104.835211593343,57.3709409647152,-4.));
#6460=CARTESIAN_POINT('',(42.3676030750746,57.4123019105792,-4.));
#6461=CARTESIAN_POINT('Origin',(42.9590887,61.6209411,-4.));
#6462=CARTESIAN_POINT('',(25.0725352497105,59.8429649860357,-4.));
#6463=CARTESIAN_POINT('',(88.4212342418952,50.9398866591213,-4.));
#6464=CARTESIAN_POINT('',(21.4553815083167,64.6430900088272,-4.));
#6465=CARTESIAN_POINT('Origin',(25.6640208,64.0516043,-4.));
#6466=CARTESIAN_POINT('',(28.423132403593,114.221214148802,-4.));
#6467=CARTESIAN_POINT('',(23.4545239722072,78.8677278780498,-4.));
#6468=CARTESIAN_POINT('',(32.6317717,117.8797285,-4.));
#6469=CARTESIAN_POINT('Origin',(32.6317717,113.6297285,-4.));
#6470=CARTESIAN_POINT('',(50.2455364259618,117.8797285,-4.));
#6471=CARTESIAN_POINT('',(85.848203621764,117.8797285,-4.));
#6472=CARTESIAN_POINT('',(51.5300695950739,123.922981836067,-4.));
#6473=CARTESIAN_POINT('',(48.1895324622197,108.206990487762,-4.));
#6474=CARTESIAN_POINT('',(56.5708216345932,127.196484405239,-4.));
#6475=CARTESIAN_POINT('Origin',(55.6871969,123.0393571,-4.));
#6476=CARTESIAN_POINT('',(72.3862096229571,123.834819889719,-4.));
#6477=CARTESIAN_POINT('',(101.126175053388,117.725951613085,-4.));
#6478=CARTESIAN_POINT('',(73.5206285048799,128.068528702244,-4.));
#6479=CARTESIAN_POINT('',(69.0264441999109,111.296004901501,-4.));
#6480=CARTESIAN_POINT('',(78.7257942591398,131.073732726285,-4.));
#6481=CARTESIAN_POINT('Origin',(77.6258133,126.968548,-4.));
#6482=CARTESIAN_POINT('',(95.146533110636,126.673808992872,-4.));
#6483=CARTESIAN_POINT('',(113.617790353409,121.724450510074,-4.));
#6484=CARTESIAN_POINT('',(98.2336646626681,121.840207665856,-4.));
#6485=CARTESIAN_POINT('Origin',(94.0465524,122.5686242,-4.));
#6486=CARTESIAN_POINT('Origin',(139.0646356,379.8797285,-4.));
#6487=CARTESIAN_POINT('',(117.9321721,55.9701958,-4.));
#6488=CARTESIAN_POINT('Origin',(120.0321721,55.9701958,-4.));
#6489=CARTESIAN_POINT('',(224.0866979,64.5395468,-4.));
#6490=CARTESIAN_POINT('Origin',(226.1866979,64.5395468,-4.));
#6491=CARTESIAN_POINT('',(150.0771369,112.207816,-4.));
#6492=CARTESIAN_POINT('Origin',(152.1771369,112.207816,-4.));
#6493=CARTESIAN_POINT('',(48.4815209,106.2336416,-4.));
#6494=CARTESIAN_POINT('Origin',(50.5815209,106.2336416,-4.));
#6495=CARTESIAN_POINT('',(49.8425733,64.5395468,-4.));
#6496=CARTESIAN_POINT('Origin',(51.9425733,64.5395468,-4.));
#6497=CARTESIAN_POINT('',(123.8521343,112.207816,-4.));
#6498=CARTESIAN_POINT('Origin',(125.9521343,112.207816,-4.));
#6499=CARTESIAN_POINT('',(225.4477503,106.2336416,-4.));
#6500=CARTESIAN_POINT('Origin',(227.5477503,106.2336416,-4.));
#6501=CARTESIAN_POINT('',(155.9970991,55.9701958,-4.));
#6502=CARTESIAN_POINT('Origin',(158.0970991,55.9701958,-4.));
#6503=CARTESIAN_POINT('Origin',(139.0646356,43.6056706,0.));
#6504=CARTESIAN_POINT('',(137.0646356,43.6056706,0.));
#6505=CARTESIAN_POINT('Origin',(120.0321721,55.9701958,-3.5));
#6506=CARTESIAN_POINT('',(118.9321721,55.9701958,-3.));
#6507=CARTESIAN_POINT('Origin',(120.0321721,55.9701958,-3.));
#6508=CARTESIAN_POINT('',(118.4321721,55.9701958,-3.5));
#6509=CARTESIAN_POINT('Origin',(120.0321721,55.9701958,0.));
#6510=CARTESIAN_POINT('',(118.9321721,55.9701958,0.));
#6511=CARTESIAN_POINT('Origin',(158.0970991,55.9701958,-3.5));
#6512=CARTESIAN_POINT('',(156.9970991,55.9701958,-3.));
#6513=CARTESIAN_POINT('Origin',(158.0970991,55.9701958,-3.));
#6514=CARTESIAN_POINT('',(156.4970991,55.9701958,-3.5));
#6515=CARTESIAN_POINT('Origin',(158.0970991,55.9701958,0.));
#6516=CARTESIAN_POINT('',(156.9970991,55.9701958,0.));
#6517=CARTESIAN_POINT('Origin',(226.1866979,64.5395468,-3.5));
#6518=CARTESIAN_POINT('',(225.0866979,64.5395468,-3.));
#6519=CARTESIAN_POINT('Origin',(226.1866979,64.5395468,-3.));
#6520=CARTESIAN_POINT('',(224.5866979,64.5395468,-3.5));
#6521=CARTESIAN_POINT('Origin',(226.1866979,64.5395468,0.));
#6522=CARTESIAN_POINT('',(225.0866979,64.5395468,0.));
#6523=CARTESIAN_POINT('Origin',(227.5477503,106.2336416,-3.5));
#6524=CARTESIAN_POINT('',(226.4477503,106.2336416,-3.));
#6525=CARTESIAN_POINT('Origin',(227.5477503,106.2336416,-3.));
#6526=CARTESIAN_POINT('',(225.9477503,106.2336416,-3.5));
#6527=CARTESIAN_POINT('Origin',(227.5477503,106.2336416,0.));
#6528=CARTESIAN_POINT('',(226.4477503,106.2336416,0.));
#6529=CARTESIAN_POINT('Origin',(152.1771369,112.207816,-3.5));
#6530=CARTESIAN_POINT('',(151.0771369,112.207816,-3.));
#6531=CARTESIAN_POINT('Origin',(152.1771369,112.207816,-3.));
#6532=CARTESIAN_POINT('',(150.5771369,112.207816,-3.5));
#6533=CARTESIAN_POINT('Origin',(152.1771369,112.207816,0.));
#6534=CARTESIAN_POINT('',(151.0771369,112.207816,0.));
#6535=CARTESIAN_POINT('Origin',(125.9521343,112.207816,-3.5));
#6536=CARTESIAN_POINT('',(124.8521343,112.207816,-3.));
#6537=CARTESIAN_POINT('Origin',(125.9521343,112.207816,-3.));
#6538=CARTESIAN_POINT('',(124.3521343,112.207816,-3.5));
#6539=CARTESIAN_POINT('Origin',(125.9521343,112.207816,0.));
#6540=CARTESIAN_POINT('',(124.8521343,112.207816,0.));
#6541=CARTESIAN_POINT('Origin',(50.5815209,106.2336416,-3.5));
#6542=CARTESIAN_POINT('',(49.4815209,106.2336416,-3.));
#6543=CARTESIAN_POINT('Origin',(50.5815209,106.2336416,-3.));
#6544=CARTESIAN_POINT('',(48.9815209,106.2336416,-3.5));
#6545=CARTESIAN_POINT('Origin',(50.5815209,106.2336416,0.));
#6546=CARTESIAN_POINT('',(49.4815209,106.2336416,0.));
#6547=CARTESIAN_POINT('Origin',(51.9425733,64.5395468,-3.5));
#6548=CARTESIAN_POINT('',(50.8425733,64.5395468,-3.));
#6549=CARTESIAN_POINT('Origin',(51.9425733,64.5395468,-3.));
#6550=CARTESIAN_POINT('',(50.3425733,64.5395468,-3.5));
#6551=CARTESIAN_POINT('Origin',(51.9425733,64.5395468,0.));
#6552=CARTESIAN_POINT('',(50.8425733,64.5395468,0.));
#6553=CARTESIAN_POINT('Origin',(139.0646356,379.8797285,0.));
#6554=CARTESIAN_POINT('Origin',(184.0827188,122.5686242,-3.));
#6555=CARTESIAN_POINT('',(182.465099841865,128.605660676508,-2.));
#6556=CARTESIAN_POINT('Origin',(139.0646356,379.8797285,-3.));
#6557=CARTESIAN_POINT('Ctrl Pts',(98.2336646626682,121.840207665856,-3.99999999999991));
#6558=CARTESIAN_POINT('Ctrl Pts',(98.974603222836,122.370076729858,-3.36084057341026));
#6559=CARTESIAN_POINT('Ctrl Pts',(99.640166596759,122.974061366544,-2.66263213194555));
#6560=CARTESIAN_POINT('Ctrl Pts',(100.217955600141,123.556694121526,-1.99999999999997));
#6561=CARTESIAN_POINT('Origin',(68.0605183750259,111.554823951844,-3.));
#6562=CARTESIAN_POINT('',(71.58877685511,128.58616680293,-2.));
#6563=CARTESIAN_POINT('',(72.3862096229571,123.834819889719,-4.));
#6564=CARTESIAN_POINT('Origin',(201.545315583614,73.8180644214557,-3.));
#6565=CARTESIAN_POINT('',(208.659946172943,51.1296046230684,-2.));
#6566=CARTESIAN_POINT('',(204.917032764517,57.3709411,-4.));
#6567=CARTESIAN_POINT('Origin',(47.2113848621013,108.414902181475,-3.));
#6568=CARTESIAN_POINT('',(49.5737743948372,124.338805223494,-2.));
#6569=CARTESIAN_POINT('',(50.2455364259618,117.8797285,-4.));
#6570=CARTESIAN_POINT('Origin',(104.835211589391,56.3709409647152,-3.));
#6571=CARTESIAN_POINT('',(42.9590887,55.370941209268,-2.));
#6572=CARTESIAN_POINT('',(73.2122384417985,57.3709410896985,-4.));
#6573=CARTESIAN_POINT('Origin',(145.709490729277,50.304362608771,-3.));
#6574=CARTESIAN_POINT('',(128.300610915642,23.6984591777397,-2.));
#6575=CARTESIAN_POINT('',(135.071840477345,36.8556706,-4.));
#6576=CARTESIAN_POINT('Origin',(141.802208254187,44.7274292999546,-3.));
#6577=CARTESIAN_POINT('',(128.299902377485,23.697447119882,-2.));
#6578=CARTESIAN_POINT('Origin',(123.1801482,27.2822229,-3.));
#6579=CARTESIAN_POINT('',(119.2722943741,22.404602711117,-2.));
#6580=CARTESIAN_POINT('Origin',(53.7502076,-59.377333,-3.));
#6581=CARTESIAN_POINT('',(74.2820195003439,43.3839124380486,-2.));
#6582=CARTESIAN_POINT('Origin',(75.5065733,49.512776,-3.));
#6583=CARTESIAN_POINT('',(69.4688282718086,51.1277482016706,-2.));
#6584=CARTESIAN_POINT('Origin',(76.0066425637347,71.6894111540744,-3.));
#6585=CARTESIAN_POINT('',(69.4693455570182,51.1296811419222,-2.));
#6586=CARTESIAN_POINT('Origin',(76.0157344853239,71.697434369492,-3.));
#6587=CARTESIAN_POINT('Origin',(140.540466134481,35.8556706,-3.));
#6588=CARTESIAN_POINT('',(143.057430819988,36.8556706,-4.));
#6589=CARTESIAN_POINT('Origin',(42.9590887,61.6209411,-3.));
#6590=CARTESIAN_POINT('',(42.0892568914828,55.4317657705201,-2.));
#6591=CARTESIAN_POINT('Origin',(88.2820611517691,49.9496185888571,-3.));
#6592=CARTESIAN_POINT('',(24.7941890694585,57.8624288455073,-2.));
#6593=CARTESIAN_POINT('Origin',(25.6640208,64.0516043,-3.));
#6594=CARTESIAN_POINT('',(19.4748453727671,64.9214362245051,-2.));
#6595=CARTESIAN_POINT('Origin',(22.464255903316,79.0069009779456,-3.));
#6596=CARTESIAN_POINT('',(26.4425962658108,114.499560348594,-2.));
#6597=CARTESIAN_POINT('Origin',(32.6317717,113.6297285,-3.));
#6598=CARTESIAN_POINT('',(32.6317717,119.8797285,-2.));
#6599=CARTESIAN_POINT('Origin',(85.848203621764,118.8797285,-3.));
#6600=CARTESIAN_POINT('Origin',(202.122871587553,71.6899466215367,-3.));
#6601=CARTESIAN_POINT('',(208.660463533329,51.1276712678905,-2.));
#6602=CARTESIAN_POINT('Origin',(202.6226979,49.512776,-3.));
#6603=CARTESIAN_POINT('',(203.847251740183,43.3839124461459,-2.));
#6604=CARTESIAN_POINT('Origin',(224.3790636,-59.377333,-3.));
#6605=CARTESIAN_POINT('',(158.856976847563,22.4046027284733,-2.));
#6606=CARTESIAN_POINT('Origin',(154.949123,27.2822229,-3.));
#6607=CARTESIAN_POINT('',(149.828687184567,23.6984208602615,-2.));
#6608=CARTESIAN_POINT('Origin',(136.325975775434,44.7257378161295,-3.));
#6609=CARTESIAN_POINT('Origin',(55.6871969,123.0393571,-3.));
#6610=CARTESIAN_POINT('',(56.9866450379157,129.152779602097,-2.));
#6611=CARTESIAN_POINT('Origin',(101.334086745581,118.704099213527,-3.));
#6612=CARTESIAN_POINT('Origin',(77.6258133,126.968548,-3.));
#6613=CARTESIAN_POINT('',(79.2434323611781,133.005584375693,-2.));
#6614=CARTESIAN_POINT('Origin',(113.876609399556,122.690376336083,-3.));
#6615=CARTESIAN_POINT('',(95.6641712029302,128.60566064489,-2.));
#6616=CARTESIAN_POINT('Origin',(94.0465524,122.5686242,-3.));
#6617=CARTESIAN_POINT('Origin',(184.283969155425,118.879728528954,-3.));
#6618=CARTESIAN_POINT('',(245.4974995,119.879728489759,-2.));
#6619=CARTESIAN_POINT('',(227.883734681542,117.879728501037,-4.));
#6620=CARTESIAN_POINT('Origin',(245.4974995,113.6297285,-3.));
#6621=CARTESIAN_POINT('',(251.686674927146,114.499560325122,-2.));
#6622=CARTESIAN_POINT('Origin',(252.181139835182,103.795962915749,-3.));
#6623=CARTESIAN_POINT('',(258.654425725985,64.9214361333868,-2.));
#6624=CARTESIAN_POINT('Origin',(252.4652504,64.0516043,-3.));
#6625=CARTESIAN_POINT('',(253.335082237946,57.862428974656,-2.));
#6626=CARTESIAN_POINT('Origin',(198.494744255278,51.1649495722863,-3.));
#6627=CARTESIAN_POINT('',(236.040014348594,55.4317656658108,-2.));
#6628=CARTESIAN_POINT('Origin',(235.1701825,61.6209411,-3.));
#6629=CARTESIAN_POINT('',(235.1701825,55.3709411,-2.));
#6630=CARTESIAN_POINT('Origin',(187.117409021764,56.3709411,-3.));
#6631=CARTESIAN_POINT('Origin',(169.815717859293,117.220568039673,-3.));
#6632=CARTESIAN_POINT('',(221.142626196843,129.152779509486,-2.));
#6633=CARTESIAN_POINT('',(205.743061531975,123.834819890052,-4.));
#6634=CARTESIAN_POINT('Origin',(222.4420743,123.0393571,-3.));
#6635=CARTESIAN_POINT('',(228.555496699354,124.33880525082,-2.));
#6636=CARTESIAN_POINT('Origin',(230.443983223904,110.644440618739,-3.));
#6637=CARTESIAN_POINT('Origin',(156.042292299647,120.490414684959,-3.));
#6638=CARTESIAN_POINT('',(198.885839103769,133.00558441989,-2.));
#6639=CARTESIAN_POINT('Origin',(200.5034579,126.968548,-3.));
#6640=CARTESIAN_POINT('',(206.54049427313,128.586166970743,-2.));
#6641=CARTESIAN_POINT('Origin',(209.747153416094,112.755048909814,-3.));
#6642=CARTESIAN_POINT('Origin',(125.023930571561,25.9926618580944,0.));
#6643=CARTESIAN_POINT('',(125.023253853096,25.9916952424505,0.));
#6644=CARTESIAN_POINT('',(125.023930571561,25.9926618580944,0.));
#6645=CARTESIAN_POINT('Origin',(134.030706384731,38.8556706,0.));
#6646=CARTESIAN_POINT('',(134.030706384731,38.8556706,0.));
#6647=CARTESIAN_POINT('Origin',(144.098564914542,38.8556706,0.));
#6648=CARTESIAN_POINT('',(144.098564914542,38.8556706,0.));
#6649=CARTESIAN_POINT('Origin',(153.105711179517,25.9921327563184,0.));
#6650=CARTESIAN_POINT('',(153.105967606342,25.9917663114224,0.));
#6651=CARTESIAN_POINT('Origin',(154.949123,27.2822229,0.));
#6652=CARTESIAN_POINT('',(156.35595038759,25.5262796351703,0.));
#6653=CARTESIAN_POINT('Origin',(224.3790636,-59.377333,0.));
#6654=CARTESIAN_POINT('',(203.063537314114,47.3063850972133,0.));
#6655=CARTESIAN_POINT('Origin',(202.6226979,49.512776,0.));
#6656=CARTESIAN_POINT('',(204.796313929644,50.0940621262858,0.));
#6657=CARTESIAN_POINT('Origin',(204.796064511492,50.0949940774221,0.));
#6658=CARTESIAN_POINT('',(204.796064511492,50.0949940774221,0.));
#6659=CARTESIAN_POINT('Origin',(202.310582026687,59.3709411,0.));
#6660=CARTESIAN_POINT('',(202.310582026687,59.3709411,0.));
#6661=CARTESIAN_POINT('Origin',(235.1701825,59.3709411,0.));
#6662=CARTESIAN_POINT('',(235.1701825,59.3709411,0.));
#6663=CARTESIAN_POINT('Origin',(235.1701825,61.6209411,0.));
#6664=CARTESIAN_POINT('',(235.483321965494,59.3928379436919,0.));
#6665=CARTESIAN_POINT('Origin',(252.778389827044,61.8235012486299,0.));
#6666=CARTESIAN_POINT('',(252.778389827044,61.8235012486299,0.));
#6667=CARTESIAN_POINT('Origin',(252.4652504,64.0516043,0.));
#6668=CARTESIAN_POINT('',(254.693353448104,64.3647437502866,0.));
#6669=CARTESIAN_POINT('Origin',(247.725602651655,113.942867925019,0.));
#6670=CARTESIAN_POINT('',(247.725602651655,113.942867925019,0.));
#6671=CARTESIAN_POINT('Origin',(245.4974995,113.6297285,0.));
#6672=CARTESIAN_POINT('',(245.4974995,115.879728489759,0.));
#6673=CARTESIAN_POINT('Origin',(226.264166622299,115.8797285,0.));
#6674=CARTESIAN_POINT('',(226.264166622299,115.8797285,0.));
#6675=CARTESIAN_POINT('Origin',(224.642906299898,123.507158471182,0.));
#6676=CARTESIAN_POINT('',(224.642906299898,123.507158471182,0.));
#6677=CARTESIAN_POINT('Origin',(222.4420743,123.0393571,0.));
#6678=CARTESIAN_POINT('',(221.974272994258,125.240189113808,0.));
#6679=CARTESIAN_POINT('Origin',(204.302430091344,121.483923021555,0.));
#6680=CARTESIAN_POINT('',(204.302430091344,121.483923021555,0.));
#6681=CARTESIAN_POINT('Origin',(202.676790969442,127.550890784854,0.));
#6682=CARTESIAN_POINT('',(202.676790969442,127.550890784854,0.));
#6683=CARTESIAN_POINT('Origin',(200.5034579,126.968548,0.));
#6684=CARTESIAN_POINT('',(199.921115142566,129.141881076789,0.));
#6685=CARTESIAN_POINT('Origin',(183.500376017137,124.741957369975,0.));
#6686=CARTESIAN_POINT('',(183.500376017137,124.741957369975,0.));
#6687=CARTESIAN_POINT('Origin',(184.0827188,122.5686242,0.));
#6688=CARTESIAN_POINT('',(181.909385685811,121.986281208941,0.));
#6689=CARTESIAN_POINT('Origin',(182.383121984113,120.218273452491,0.));
#6690=CARTESIAN_POINT('Origin',(96.2198854690276,121.986281313601,0.));
#6691=CARTESIAN_POINT('',(96.2198854690276,121.986281313601,0.));
#6692=CARTESIAN_POINT('Origin',(94.0465524,122.5686242,0.));
#6693=CARTESIAN_POINT('',(94.6288951641323,124.741957301789,0.));
#6694=CARTESIAN_POINT('Origin',(78.2081561833439,129.141881069846,0.));
#6695=CARTESIAN_POINT('',(78.2081561833439,129.141881069846,0.));
#6696=CARTESIAN_POINT('Origin',(77.6258133,126.968548,0.));
#6697=CARTESIAN_POINT('',(75.4524801982111,127.550890764132,0.));
#6698=CARTESIAN_POINT('Origin',(73.826841103233,121.48392302318,0.));
#6699=CARTESIAN_POINT('',(73.826841103233,121.48392302318,0.));
#6700=CARTESIAN_POINT('Origin',(56.1549982691446,125.240189200331,0.));
#6701=CARTESIAN_POINT('',(56.1549982691446,125.240189200331,0.));
#6702=CARTESIAN_POINT('Origin',(55.6871969,123.0393571,0.));
#6703=CARTESIAN_POINT('',(53.4863647905149,123.507158426079,0.));
#6704=CARTESIAN_POINT('Origin',(51.865104478601,115.8797285,0.));
#6705=CARTESIAN_POINT('',(51.865104478601,115.8797285,0.));
#6706=CARTESIAN_POINT('Origin',(32.6317717,115.8797285,0.));
#6707=CARTESIAN_POINT('',(32.6317717,115.8797285,0.));
#6708=CARTESIAN_POINT('Origin',(32.6317717,113.6297285,0.));
#6709=CARTESIAN_POINT('',(30.4036685436919,113.942867965494,0.));
#6710=CARTESIAN_POINT('Origin',(23.4359176483316,64.3647438249219,0.));
#6711=CARTESIAN_POINT('',(23.4359176483316,64.3647438249219,0.));
#6712=CARTESIAN_POINT('Origin',(25.6640208,64.0516043,0.));
#6713=CARTESIAN_POINT('',(25.3508813766776,61.8235011340528,0.));
#6714=CARTESIAN_POINT('Origin',(42.6459492776026,59.3928380479769,0.));
#6715=CARTESIAN_POINT('',(42.6459492776026,59.3928380479769,0.));
#6716=CARTESIAN_POINT('Origin',(42.9590887,61.6209411,0.));
#6717=CARTESIAN_POINT('',(42.9590887,59.370941209268,0.));
#6718=CARTESIAN_POINT('Origin',(75.8186891757888,59.3709411,0.));
#6719=CARTESIAN_POINT('',(75.8186891757888,59.3709411,0.));
#6720=CARTESIAN_POINT('Origin',(73.3332099300607,50.0950060750597,0.));
#6721=CARTESIAN_POINT('',(73.3332099300607,50.0950060750597,0.));
#6722=CARTESIAN_POINT('Origin',(73.3329596404984,50.0940708177576,0.));
#6723=CARTESIAN_POINT('',(73.3329596404984,50.0940708177576,0.));
#6724=CARTESIAN_POINT('Origin',(75.5065733,49.512776,0.));
#6725=CARTESIAN_POINT('',(75.0657339307456,47.3063851107998,0.));
#6726=CARTESIAN_POINT('Origin',(53.7502076,-59.377333,0.));
#6727=CARTESIAN_POINT('',(121.773320829126,25.52627961164,0.));
#6728=CARTESIAN_POINT('Origin',(123.1801482,27.2822229,0.));
#6729=UNCERTAINTY_MEASURE_WITH_UNIT(LENGTH_MEASURE(0.01),#6733,
'DISTANCE_ACCURACY_VALUE',
'Maximum model space distance between geometric entities at asserted c
onnectivities');
#6730=UNCERTAINTY_MEASURE_WITH_UNIT(LENGTH_MEASURE(0.01),#6733,
'DISTANCE_ACCURACY_VALUE',
'Maximum model space distance between geometric entities at asserted c
onnectivities');
#6731=(
GEOMETRIC_REPRESENTATION_CONTEXT(3)
GLOBAL_UNCERTAINTY_ASSIGNED_CONTEXT((#6729))
GLOBAL_UNIT_ASSIGNED_CONTEXT((#6733,#6735,#6736))
REPRESENTATION_CONTEXT('','3D')
);
#6732=(
GEOMETRIC_REPRESENTATION_CONTEXT(3)
GLOBAL_UNCERTAINTY_ASSIGNED_CONTEXT((#6730))
GLOBAL_UNIT_ASSIGNED_CONTEXT((#6733,#6735,#6736))
REPRESENTATION_CONTEXT('','3D')
);
#6733=(
LENGTH_UNIT()
NAMED_UNIT(*)
SI_UNIT(.MILLI.,.METRE.)
);
#6734=(
LENGTH_UNIT()
NAMED_UNIT(*)
SI_UNIT($,.METRE.)
);
#6735=(
NAMED_UNIT(*)
PLANE_ANGLE_UNIT()
SI_UNIT($,.RADIAN.)
);
#6736=(
NAMED_UNIT(*)
SI_UNIT($,.STERADIAN.)
SOLID_ANGLE_UNIT()
);
#6737=SHAPE_DEFINITION_REPRESENTATION(#6738,#6739);
#6738=PRODUCT_DEFINITION_SHAPE('',$,#6741);
#6739=SHAPE_REPRESENTATION('',(#3888),#6731);
#6740=PRODUCT_DEFINITION_CONTEXT('part definition',#6745,'design');
#6741=PRODUCT_DEFINITION('bw2cirque','bottom v1',#6742,#6740);
#6742=PRODUCT_DEFINITION_FORMATION('',$,#6747);
#6743=PRODUCT_RELATED_PRODUCT_CATEGORY('bottom v1','bottom v1',(#6747));
#6744=APPLICATION_PROTOCOL_DEFINITION('international standard',
'automotive_design',2009,#6745);
#6745=APPLICATION_CONTEXT(
'Core Data for Automotive Mechanical Design Process');
#6746=PRODUCT_CONTEXT('part definition',#6745,'mechanical');
#6747=PRODUCT('bw2cirque','bottom v1',$,(#6746));
#6748=PRESENTATION_STYLE_ASSIGNMENT((#6750));
#6749=PRESENTATION_STYLE_ASSIGNMENT((#6751));
#6750=SURFACE_STYLE_USAGE(.BOTH.,#6752);
#6751=SURFACE_STYLE_USAGE(.BOTH.,#6753);
#6752=SURFACE_SIDE_STYLE('',(#6754));
#6753=SURFACE_SIDE_STYLE('',(#6755));
#6754=SURFACE_STYLE_FILL_AREA(#6756);
#6755=SURFACE_STYLE_FILL_AREA(#6757);
#6756=FILL_AREA_STYLE('Steel - Satin',(#6758));
#6757=FILL_AREA_STYLE('Opaque(160,160,160)',(#6759));
#6758=FILL_AREA_STYLE_COLOUR('Steel - Satin',#6760);
#6759=FILL_AREA_STYLE_COLOUR('Opaque(160,160,160)',#6761);
#6760=COLOUR_RGB('Steel - Satin',0.627450980392157,0.627450980392157,0.627450980392157);
#6761=COLOUR_RGB('Opaque(160,160,160)',0.627450980392157,0.627450980392157,
0.627450980392157);
ENDSEC;
END-ISO-10303-21;
